frame,status,volume_A3,drug_score,n_alpha_spheres,pocket_total_sasa,pocket_apolar_sasa,hydrophobicity,lining_overlap,centroid_dist_A,cryptic_sasa_A2,n_pockets_total,noncryptic_volume_A3,rg_A,rmsd_A,frac_helix,frac_sheet,cv_A
0,no_output,nan,0.000,0,0.000,0.000,nan,0,nan,144.493,0,0.000,18.209,0.007,0.411,0.156,nan
1,no_output,nan,0.000,0,0.000,0.000,nan,0,nan,90.539,0,0.000,18.312,1.934,0.422,0.163,nan
2,no_output,nan,0.000,0,0.000,0.000,nan,0,nan,125.749,0,0.000,18.052,1.440,0.403,0.175,nan
3,no_output,nan,0.000,0,0.000,0.000,nan,0,nan,111.010,0,0.000,17.893,1.761,0.449,0.171,nan
4,no_output,nan,0.000,0,0.000,0.000,nan,0,nan,90.921,0,0.000,17.858,1.487,0.441,0.175,nan
5,no_output,nan,0.000,0,0.000,0.000,nan,0,nan,115.989,0,0.000,17.997,1.395,0.430,0.183,nan
6,no_output,nan,0.000,0,0.000,0.000,nan,0,nan,89.293,0,0.000,17.852,1.497,0.452,0.160,nan
7,no_output,nan,0.000,0,0.000,0.000,nan,0,nan,123.196,0,0.000,17.995,1.496,0.418,0.171,nan
8,no_output,nan,0.000,0,0.000,0.000,nan,0,nan,147.377,0,0.000,18.090,1.489,0.449,0.160,nan
9,no_output,nan,0.000,0,0.000,0.000,nan,0,nan,135.464,0,0.000,18.404,1.980,0.418,0.167,nan
10,no_output,nan,0.000,0,0.000,0.000,nan,0,nan,158.211,0,0.000,18.124,1.431,0.418,0.156,nan
11,no_output,nan,0.000,0,0.000,0.000,nan,0,nan,121.622,0,0.000,17.895,2.639,0.418,0.163,nan
12,no_output,nan,0.000,0,0.000,0.000,nan,0,nan,139.394,0,0.000,17.970,1.339,0.422,0.167,nan
13,no_output,nan,0.000,0,0.000,0.000,nan,0,nan,132.953,0,0.000,18.010,1.511,0.430,0.171,nan
14,no_output,nan,0.000,0,0.000,0.000,nan,0,nan,114.396,0,0.000,17.964,1.457,0.403,0.171,nan
15,no_output,nan,0.000,0,0.000,0.000,nan,0,nan,111.878,0,0.000,18.359,1.563,0.437,0.171,nan
16,no_output,nan,0.000,0,0.000,0.000,nan,0,nan,141.992,0,0.000,17.888,1.513,0.426,0.167,nan
17,no_output,nan,0.000,0,0.000,0.000,nan,0,nan,107.165,0,0.000,18.133,1.450,0.426,0.167,nan
18,no_output,nan,0.000,0,0.000,0.000,nan,0,nan,110.980,0,0.000,18.243,1.748,0.437,0.179,nan
19,no_output,nan,0.000,0,0.000,0.000,nan,0,nan,110.517,0,0.000,18.041,1.431,0.411,0.163,nan
20,no_output,nan,0.000,0,0.000,0.000,nan,0,nan,148.064,0,0.000,17.938,1.337,0.422,0.186,nan
21,no_output,nan,0.000,0,0.000,0.000,nan,0,nan,130.030,0,0.000,17.955,1.705,0.433,0.179,nan
22,no_output,nan,0.000,0,0.000,0.000,nan,0,nan,129.344,0,0.000,18.609,2.483,0.418,0.186,nan
23,no_output,nan,0.000,0,0.000,0.000,nan,0,nan,139.772,0,0.000,18.051,1.352,0.361,0.179,nan
24,no_output,nan,0.000,0,0.000,0.000,nan,0,nan,105.120,0,0.000,18.016,1.533,0.388,0.171,nan
25,no_output,nan,0.000,0,0.000,0.000,nan,0,nan,104.119,0,0.000,17.953,1.585,0.445,0.163,nan
26,no_output,nan,0.000,0,0.000,0.000,nan,0,nan,105.203,0,0.000,18.016,1.370,0.418,0.171,nan
27,no_output,nan,0.000,0,0.000,0.000,nan,0,nan,106.420,0,0.000,18.270,1.485,0.395,0.171,nan
28,no_output,nan,0.000,0,0.000,0.000,nan,0,nan,129.644,0,0.000,17.893,1.641,0.437,0.171,nan
29,no_output,nan,0.000,0,0.000,0.000,nan,0,nan,148.184,0,0.000,18.009,1.845,0.392,0.179,nan
30,no_output,nan,0.000,0,0.000,0.000,nan,0,nan,110.007,0,0.000,18.073,1.555,0.418,0.171,nan
31,no_output,nan,0.000,0,0.000,0.000,nan,0,nan,114.159,0,0.000,18.178,1.401,0.414,0.167,nan
32,no_output,nan,0.000,0,0.000,0.000,nan,0,nan,104.576,0,0.000,17.951,1.561,0.422,0.171,nan
33,no_output,nan,0.000,0,0.000,0.000,nan,0,nan,140.852,0,0.000,18.105,1.425,0.430,0.163,nan
34,no_output,nan,0.000,0,0.000,0.000,nan,0,nan,119.228,0,0.000,17.965,1.496,0.441,0.179,nan
35,no_output,nan,0.000,0,0.000,0.000,nan,0,nan,127.429,0,0.000,18.047,1.487,0.426,0.171,nan
36,no_output,nan,0.000,0,0.000,0.000,nan,0,nan,134.731,0,0.000,18.260,1.728,0.449,0.171,nan
37,no_output,nan,0.000,0,0.000,0.000,nan,0,nan,111.938,0,0.000,18.069,1.238,0.426,0.190,nan
38,no_output,nan,0.000,0,0.000,0.000,nan,0,nan,94.293,0,0.000,18.162,2.315,0.464,0.167,nan
39,no_output,nan,0.000,0,0.000,0.000,nan,0,nan,126.874,0,0.000,18.086,1.536,0.399,0.183,nan
40,no_output,nan,0.000,0,0.000,0.000,nan,0,nan,131.056,0,0.000,18.069,1.578,0.437,0.179,nan
41,no_output,nan,0.000,0,0.000,0.000,nan,0,nan,113.309,0,0.000,17.868,1.590,0.445,0.171,nan
42,no_output,nan,0.000,0,0.000,0.000,nan,0,nan,137.734,0,0.000,18.129,1.383,0.411,0.171,nan
43,no_output,nan,0.000,0,0.000,0.000,nan,0,nan,126.122,0,0.000,17.842,1.489,0.456,0.171,nan
44,no_output,nan,0.000,0,0.000,0.000,nan,0,nan,152.882,0,0.000,18.011,1.356,0.399,0.179,nan
45,no_output,nan,0.000,0,0.000,0.000,nan,0,nan,117.123,0,0.000,18.065,1.468,0.422,0.179,nan
46,no_output,nan,0.000,0,0.000,0.000,nan,0,nan,118.229,0,0.000,18.069,1.596,0.441,0.179,nan
47,no_output,nan,0.000,0,0.000,0.000,nan,0,nan,111.160,0,0.000,17.886,1.503,0.395,0.171,nan
48,no_output,nan,0.000,0,0.000,0.000,nan,0,nan,132.369,0,0.000,18.126,1.669,0.411,0.167,nan
49,no_output,nan,0.000,0,0.000,0.000,nan,0,nan,133.425,0,0.000,18.223,1.839,0.414,0.171,nan
50,no_output,nan,0.000,0,0.000,0.000,nan,0,nan,125.248,0,0.000,17.878,1.419,0.468,0.171,nan
51,no_output,nan,0.000,0,0.000,0.000,nan,0,nan,93.615,0,0.000,17.730,1.656,0.437,0.171,nan
52,no_output,nan,0.000,0,0.000,0.000,nan,0,nan,98.414,0,0.000,18.018,1.606,0.433,0.163,nan
53,no_output,nan,0.000,0,0.000,0.000,nan,0,nan,133.945,0,0.000,18.137,1.433,0.422,0.171,nan
54,no_output,nan,0.000,0,0.000,0.000,nan,0,nan,114.339,0,0.000,18.087,1.557,0.433,0.171,nan
55,no_output,nan,0.000,0,0.000,0.000,nan,0,nan,116.573,0,0.000,17.748,1.460,0.418,0.186,nan
56,no_output,nan,0.000,0,0.000,0.000,nan,0,nan,139.206,0,0.000,17.911,1.503,0.414,0.179,nan
57,no_output,nan,0.000,0,0.000,0.000,nan,0,nan,105.853,0,0.000,17.987,1.482,0.441,0.163,nan
58,no_output,nan,0.000,0,0.000,0.000,nan,0,nan,98.025,0,0.000,17.914,1.319,0.411,0.175,nan
59,no_output,nan,0.000,0,0.000,0.000,nan,0,nan,133.981,0,0.000,17.802,1.607,0.449,0.183,nan
60,no_output,nan,0.000,0,0.000,0.000,nan,0,nan,165.010,0,0.000,17.787,1.662,0.426,0.171,nan
61,no_output,nan,0.000,0,0.000,0.000,nan,0,nan,106.306,0,0.000,18.116,1.369,0.414,0.171,nan
62,no_output,nan,0.000,0,0.000,0.000,nan,0,nan,125.642,0,0.000,18.013,1.293,0.433,0.175,nan
63,no_output,nan,0.000,0,0.000,0.000,nan,0,nan,119.863,0,0.000,17.766,1.644,0.445,0.171,nan
64,no_output,nan,0.000,0,0.000,0.000,nan,0,nan,115.452,0,0.000,17.952,1.451,0.414,0.179,nan
65,no_output,nan,0.000,0,0.000,0.000,nan,0,nan,128.342,0,0.000,18.322,2.225,0.433,0.171,nan
66,no_output,nan,0.000,0,0.000,0.000,nan,0,nan,90.023,0,0.000,18.362,1.835,0.422,0.171,nan
67,no_output,nan,0.000,0,0.000,0.000,nan,0,nan,145.810,0,0.000,18.954,3.004,0.388,0.171,nan
68,no_output,nan,0.000,0,0.000,0.000,nan,0,nan,109.121,0,0.000,18.115,1.508,0.407,0.183,nan
69,no_output,nan,0.000,0,0.000,0.000,nan,0,nan,122.614,0,0.000,18.342,1.995,0.384,0.171,nan
70,no_output,nan,0.000,0,0.000,0.000,nan,0,nan,137.527,0,0.000,17.900,1.259,0.388,0.171,nan
71,no_output,nan,0.000,0,0.000,0.000,nan,0,nan,171.137,0,0.000,17.887,1.514,0.437,0.167,nan
72,no_output,nan,0.000,0,0.000,0.000,nan,0,nan,143.236,0,0.000,18.000,1.393,0.433,0.179,nan
73,no_output,nan,0.000,0,0.000,0.000,nan,0,nan,127.182,0,0.000,18.221,1.555,0.399,0.167,nan
74,no_output,nan,0.000,0,0.000,0.000,nan,0,nan,138.038,0,0.000,17.980,1.294,0.452,0.171,nan
75,no_output,nan,0.000,0,0.000,0.000,nan,0,nan,139.554,0,0.000,18.147,1.411,0.395,0.186,nan
76,no_output,nan,0.000,0,0.000,0.000,nan,0,nan,102.905,0,0.000,17.754,1.481,0.437,0.163,nan
77,no_output,nan,0.000,0,0.000,0.000,nan,0,nan,145.308,0,0.000,18.860,2.478,0.422,0.179,nan
78,no_output,nan,0.000,0,0.000,0.000,nan,0,nan,110.550,0,0.000,18.277,1.582,0.414,0.160,nan
79,no_output,nan,0.000,0,0.000,0.000,nan,0,nan,142.618,0,0.000,18.175,2.032,0.403,0.179,nan
80,no_output,nan,0.000,0,0.000,0.000,nan,0,nan,142.730,0,0.000,18.090,1.425,0.422,0.171,nan
81,no_output,nan,0.000,0,0.000,0.000,nan,0,nan,135.610,0,0.000,18.048,1.431,0.414,0.171,nan
82,no_output,nan,0.000,0,0.000,0.000,nan,0,nan,108.009,0,0.000,18.171,1.538,0.418,0.183,nan
83,no_output,nan,0.000,0,0.000,0.000,nan,0,nan,122.309,0,0.000,18.407,2.241,0.414,0.179,nan
84,no_output,nan,0.000,0,0.000,0.000,nan,0,nan,101.843,0,0.000,18.007,1.517,0.407,0.179,nan
85,no_output,nan,0.000,0,0.000,0.000,nan,0,nan,118.873,0,0.000,17.915,1.407,0.445,0.179,nan
86,no_output,nan,0.000,0,0.000,0.000,nan,0,nan,73.323,0,0.000,18.128,1.798,0.430,0.179,nan
87,no_output,nan,0.000,0,0.000,0.000,nan,0,nan,129.561,0,0.000,17.799,1.306,0.437,0.186,nan
88,no_output,nan,0.000,0,0.000,0.000,nan,0,nan,124.896,0,0.000,18.293,1.563,0.411,0.171,nan
89,no_output,nan,0.000,0,0.000,0.000,nan,0,nan,100.432,0,0.000,17.809,1.501,0.426,0.179,nan
90,no_output,nan,0.000,0,0.000,0.000,nan,0,nan,145.882,0,0.000,17.909,1.726,0.411,0.179,nan
91,no_output,nan,0.000,0,0.000,0.000,nan,0,nan,117.168,0,0.000,18.118,2.176,0.395,0.175,nan
92,no_output,nan,0.000,0,0.000,0.000,nan,0,nan,89.120,0,0.000,18.181,1.454,0.430,0.186,nan
93,no_output,nan,0.000,0,0.000,0.000,nan,0,nan,134.823,0,0.000,18.018,1.338,0.411,0.179,nan
94,no_output,nan,0.000,0,0.000,0.000,nan,0,nan,130.568,0,0.000,17.956,1.468,0.449,0.179,nan
95,no_output,nan,0.000,0,0.000,0.000,nan,0,nan,136.872,0,0.000,17.974,1.568,0.441,0.179,nan
96,no_output,nan,0.000,0,0.000,0.000,nan,0,nan,135.003,0,0.000,17.897,1.669,0.388,0.167,nan
97,no_output,nan,0.000,0,0.000,0.000,nan,0,nan,165.739,0,0.000,18.074,1.585,0.414,0.163,nan
98,no_output,nan,0.000,0,0.000,0.000,nan,0,nan,150.213,0,0.000,18.079,1.349,0.464,0.179,nan
99,no_output,nan,0.000,0,0.000,0.000,nan,0,nan,100.357,0,0.000,17.817,1.619,0.452,0.183,nan
100,no_output,nan,0.000,0,0.000,0.000,nan,0,nan,118.749,0,0.000,17.798,1.693,0.411,0.171,nan
101,no_output,nan,0.000,0,0.000,0.000,nan,0,nan,115.917,0,0.000,17.928,1.405,0.414,0.179,nan
102,no_output,nan,0.000,0,0.000,0.000,nan,0,nan,130.177,0,0.000,17.878,1.937,0.437,0.179,nan
103,no_output,nan,0.000,0,0.000,0.000,nan,0,nan,125.416,0,0.000,17.942,1.425,0.441,0.179,nan
104,no_output,nan,0.000,0,0.000,0.000,nan,0,nan,125.712,0,0.000,18.014,1.486,0.411,0.179,nan
105,no_output,nan,0.000,0,0.000,0.000,nan,0,nan,129.304,0,0.000,17.930,1.518,0.407,0.171,nan
106,no_output,nan,0.000,0,0.000,0.000,nan,0,nan,133.152,0,0.000,18.042,1.725,0.395,0.183,nan
107,no_output,nan,0.000,0,0.000,0.000,nan,0,nan,138.387,0,0.000,18.403,3.478,0.399,0.160,nan
108,no_output,nan,0.000,0,0.000,0.000,nan,0,nan,115.993,0,0.000,17.932,1.446,0.445,0.179,nan
109,no_output,nan,0.000,0,0.000,0.000,nan,0,nan,132.116,0,0.000,18.047,1.675,0.403,0.171,nan
110,no_output,nan,0.000,0,0.000,0.000,nan,0,nan,85.481,0,0.000,18.075,1.703,0.426,0.171,nan
111,no_output,nan,0.000,0,0.000,0.000,nan,0,nan,116.234,0,0.000,18.073,1.429,0.426,0.163,nan
112,no_output,nan,0.000,0,0.000,0.000,nan,0,nan,119.208,0,0.000,18.097,1.798,0.403,0.179,nan
113,no_output,nan,0.000,0,0.000,0.000,nan,0,nan,113.359,0,0.000,18.125,1.374,0.414,0.171,nan
114,no_output,nan,0.000,0,0.000,0.000,nan,0,nan,125.182,0,0.000,17.768,1.553,0.449,0.179,nan
115,no_output,nan,0.000,0,0.000,0.000,nan,0,nan,122.456,0,0.000,17.972,1.448,0.445,0.171,nan
116,no_output,nan,0.000,0,0.000,0.000,nan,0,nan,115.017,0,0.000,17.906,1.492,0.426,0.171,nan
117,no_output,nan,0.000,0,0.000,0.000,nan,0,nan,117.554,0,0.000,18.029,1.657,0.445,0.163,nan
118,no_output,nan,0.000,0,0.000,0.000,nan,0,nan,105.682,0,0.000,18.333,2.071,0.357,0.175,nan
119,no_output,nan,0.000,0,0.000,0.000,nan,0,nan,130.500,0,0.000,18.062,1.395,0.422,0.179,nan
120,no_output,nan,0.000,0,0.000,0.000,nan,0,nan,136.615,0,0.000,18.081,1.658,0.392,0.171,nan
121,no_output,nan,0.000,0,0.000,0.000,nan,0,nan,145.376,0,0.000,17.990,1.511,0.426,0.179,nan
122,no_output,nan,0.000,0,0.000,0.000,nan,0,nan,113.122,0,0.000,18.268,1.710,0.418,0.171,nan
123,no_output,nan,0.000,0,0.000,0.000,nan,0,nan,121.902,0,0.000,17.974,1.288,0.437,0.175,nan
124,no_output,nan,0.000,0,0.000,0.000,nan,0,nan,134.196,0,0.000,17.862,1.705,0.437,0.179,nan
125,no_output,nan,0.000,0,0.000,0.000,nan,0,nan,110.719,0,0.000,17.721,1.461,0.418,0.179,nan
126,no_output,nan,0.000,0,0.000,0.000,nan,0,nan,155.163,0,0.000,18.170,1.832,0.411,0.171,nan
127,no_output,nan,0.000,0,0.000,0.000,nan,0,nan,121.362,0,0.000,18.157,1.932,0.437,0.171,nan
128,no_output,nan,0.000,0,0.000,0.000,nan,0,nan,110.469,0,0.000,18.011,1.646,0.418,0.186,nan
129,no_output,nan,0.000,0,0.000,0.000,nan,0,nan,144.779,0,0.000,17.670,1.463,0.452,0.179,nan
130,no_output,nan,0.000,0,0.000,0.000,nan,0,nan,133.418,0,0.000,17.824,1.496,0.464,0.171,nan
131,no_output,nan,0.000,0,0.000,0.000,nan,0,nan,104.978,0,0.000,17.884,1.582,0.422,0.179,nan
132,no_output,nan,0.000,0,0.000,0.000,nan,0,nan,123.430,0,0.000,17.903,1.398,0.433,0.179,nan
133,no_output,nan,0.000,0,0.000,0.000,nan,0,nan,148.779,0,0.000,18.208,1.575,0.407,0.179,nan
134,no_output,nan,0.000,0,0.000,0.000,nan,0,nan,95.912,0,0.000,17.958,1.448,0.414,0.183,nan
135,no_output,nan,0.000,0,0.000,0.000,nan,0,nan,131.900,0,0.000,18.009,1.523,0.407,0.167,nan
136,no_output,nan,0.000,0,0.000,0.000,nan,0,nan,119.834,0,0.000,18.374,1.833,0.407,0.163,nan
137,no_output,nan,0.000,0,0.000,0.000,nan,0,nan,109.301,0,0.000,17.991,1.703,0.414,0.190,nan
138,no_output,nan,0.000,0,0.000,0.000,nan,0,nan,106.675,0,0.000,17.942,1.517,0.422,0.179,nan
139,no_output,nan,0.000,0,0.000,0.000,nan,0,nan,134.321,0,0.000,17.927,1.419,0.418,0.183,nan
140,no_output,nan,0.000,0,0.000,0.000,nan,0,nan,126.188,0,0.000,17.987,1.426,0.426,0.171,nan
141,no_output,nan,0.000,0,0.000,0.000,nan,0,nan,144.714,0,0.000,18.162,1.830,0.388,0.163,nan
142,no_output,nan,0.000,0,0.000,0.000,nan,0,nan,135.334,0,0.000,18.133,1.665,0.445,0.175,nan
143,no_output,nan,0.000,0,0.000,0.000,nan,0,nan,134.671,0,0.000,17.997,1.526,0.418,0.183,nan
144,no_output,nan,0.000,0,0.000,0.000,nan,0,nan,128.328,0,0.000,17.868,1.479,0.437,0.179,nan
145,no_output,nan,0.000,0,0.000,0.000,nan,0,nan,148.882,0,0.000,18.339,1.531,0.437,0.171,nan
146,no_output,nan,0.000,0,0.000,0.000,nan,0,nan,121.635,0,0.000,18.035,1.348,0.437,0.171,nan
147,no_output,nan,0.000,0,0.000,0.000,nan,0,nan,114.546,0,0.000,17.772,1.737,0.437,0.171,nan
148,no_output,nan,0.000,0,0.000,0.000,nan,0,nan,138.015,0,0.000,17.950,1.466,0.437,0.167,nan
149,no_output,nan,0.000,0,0.000,0.000,nan,0,nan,166.879,0,0.000,17.995,2.166,0.373,0.171,nan
150,no_output,nan,0.000,0,0.000,0.000,nan,0,nan,85.502,0,0.000,18.203,1.701,0.418,0.171,nan
151,no_output,nan,0.000,0,0.000,0.000,nan,0,nan,78.155,0,0.000,18.109,1.772,0.418,0.179,nan
152,no_output,nan,0.000,0,0.000,0.000,nan,0,nan,130.545,0,0.000,17.991,1.462,0.449,0.171,nan
153,no_output,nan,0.000,0,0.000,0.000,nan,0,nan,120.747,0,0.000,17.906,1.449,0.426,0.167,nan
154,no_output,nan,0.000,0,0.000,0.000,nan,0,nan,103.205,0,0.000,18.044,1.489,0.445,0.175,nan
155,no_output,nan,0.000,0,0.000,0.000,nan,0,nan,115.997,0,0.000,17.951,1.316,0.418,0.179,nan
156,no_output,nan,0.000,0,0.000,0.000,nan,0,nan,133.693,0,0.000,18.151,1.584,0.433,0.179,nan
157,no_output,nan,0.000,0,0.000,0.000,nan,0,nan,93.017,0,0.000,18.491,1.716,0.430,0.171,nan
158,no_output,nan,0.000,0,0.000,0.000,nan,0,nan,150.155,0,0.000,18.350,1.527,0.433,0.183,nan
159,no_output,nan,0.000,0,0.000,0.000,nan,0,nan,120.886,0,0.000,17.747,1.539,0.403,0.179,nan
160,no_output,nan,0.000,0,0.000,0.000,nan,0,nan,120.626,0,0.000,17.899,1.625,0.407,0.183,nan
161,no_output,nan,0.000,0,0.000,0.000,nan,0,nan,150.611,0,0.000,18.146,1.599,0.403,0.160,nan
162,no_output,nan,0.000,0,0.000,0.000,nan,0,nan,126.370,0,0.000,17.875,1.536,0.445,0.171,nan
163,no_output,nan,0.000,0,0.000,0.000,nan,0,nan,86.389,0,0.000,17.851,1.800,0.426,0.171,nan
164,no_output,nan,0.000,0,0.000,0.000,nan,0,nan,152.228,0,0.000,18.148,1.419,0.437,0.183,nan
165,no_output,nan,0.000,0,0.000,0.000,nan,0,nan,125.037,0,0.000,17.669,1.727,0.456,0.163,nan
166,no_output,nan,0.000,0,0.000,0.000,nan,0,nan,159.850,0,0.000,17.980,1.712,0.449,0.179,nan
167,no_output,nan,0.000,0,0.000,0.000,nan,0,nan,148.002,0,0.000,17.951,1.624,0.449,0.175,nan
168,no_output,nan,0.000,0,0.000,0.000,nan,0,nan,127.820,0,0.000,17.790,1.431,0.437,0.194,nan
169,no_output,nan,0.000,0,0.000,0.000,nan,0,nan,130.888,0,0.000,17.929,1.555,0.407,0.163,nan
170,no_output,nan,0.000,0,0.000,0.000,nan,0,nan,104.623,0,0.000,17.877,1.679,0.414,0.163,nan
171,no_output,nan,0.000,0,0.000,0.000,nan,0,nan,123.310,0,0.000,18.227,2.053,0.411,0.171,nan
172,no_output,nan,0.000,0,0.000,0.000,nan,0,nan,110.950,0,0.000,17.788,1.638,0.414,0.179,nan
173,no_output,nan,0.000,0,0.000,0.000,nan,0,nan,122.640,0,0.000,18.305,1.838,0.418,0.179,nan
174,no_output,nan,0.000,0,0.000,0.000,nan,0,nan,132.847,0,0.000,17.860,1.579,0.433,0.160,nan
175,no_output,nan,0.000,0,0.000,0.000,nan,0,nan,125.719,0,0.000,18.312,1.762,0.433,0.183,nan
176,no_output,nan,0.000,0,0.000,0.000,nan,0,nan,135.587,0,0.000,18.100,1.607,0.407,0.163,nan
177,no_output,nan,0.000,0,0.000,0.000,nan,0,nan,117.312,0,0.000,17.861,1.439,0.433,0.179,nan
178,no_output,nan,0.000,0,0.000,0.000,nan,0,nan,100.326,0,0.000,18.101,1.526,0.392,0.167,nan
179,no_output,nan,0.000,0,0.000,0.000,nan,0,nan,114.209,0,0.000,17.879,1.346,0.471,0.171,nan
180,no_output,nan,0.000,0,0.000,0.000,nan,0,nan,122.273,0,0.000,17.930,1.364,0.441,0.171,nan
181,no_output,nan,0.000,0,0.000,0.000,nan,0,nan,102.980,0,0.000,18.260,1.477,0.399,0.175,nan
182,no_output,nan,0.000,0,0.000,0.000,nan,0,nan,147.320,0,0.000,18.206,1.704,0.418,0.163,nan
183,no_output,nan,0.000,0,0.000,0.000,nan,0,nan,131.463,0,0.000,17.976,1.400,0.414,0.152,nan
184,no_output,nan,0.000,0,0.000,0.000,nan,0,nan,135.451,0,0.000,17.891,1.462,0.437,0.179,nan
185,no_output,nan,0.000,0,0.000,0.000,nan,0,nan,136.701,0,0.000,17.996,1.686,0.433,0.171,nan
186,no_output,nan,0.000,0,0.000,0.000,nan,0,nan,96.436,0,0.000,18.011,1.894,0.399,0.167,nan
187,no_output,nan,0.000,0,0.000,0.000,nan,0,nan,112.551,0,0.000,18.028,1.567,0.411,0.171,nan
188,no_output,nan,0.000,0,0.000,0.000,nan,0,nan,130.042,0,0.000,17.988,1.603,0.433,0.179,nan
189,no_output,nan,0.000,0,0.000,0.000,nan,0,nan,113.836,0,0.000,18.135,1.405,0.430,0.171,nan
190,no_output,nan,0.000,0,0.000,0.000,nan,0,nan,111.088,0,0.000,18.531,2.224,0.388,0.179,nan
191,no_output,nan,0.000,0,0.000,0.000,nan,0,nan,144.716,0,0.000,18.343,1.672,0.414,0.175,nan
192,no_output,nan,0.000,0,0.000,0.000,nan,0,nan,126.487,0,0.000,18.148,1.406,0.414,0.186,nan
193,no_output,nan,0.000,0,0.000,0.000,nan,0,nan,114.714,0,0.000,18.000,1.328,0.464,0.186,nan
194,no_output,nan,0.000,0,0.000,0.000,nan,0,nan,137.808,0,0.000,18.029,1.463,0.445,0.175,nan
195,no_output,nan,0.000,0,0.000,0.000,nan,0,nan,87.591,0,0.000,18.117,2.265,0.414,0.171,nan
196,no_output,nan,0.000,0,0.000,0.000,nan,0,nan,91.234,0,0.000,17.967,1.600,0.433,0.171,nan
197,no_output,nan,0.000,0,0.000,0.000,nan,0,nan,125.874,0,0.000,17.889,1.470,0.418,0.171,nan
198,no_output,nan,0.000,0,0.000,0.000,nan,0,nan,119.993,0,0.000,17.872,1.711,0.411,0.152,nan
199,no_output,nan,0.000,0,0.000,0.000,nan,0,nan,114.814,0,0.000,17.769,1.497,0.449,0.183,nan
200,no_output,nan,0.000,0,0.000,0.000,nan,0,nan,123.758,0,0.000,18.233,1.953,0.426,0.148,nan
201,no_output,nan,0.000,0,0.000,0.000,nan,0,nan,113.443,0,0.000,17.795,1.670,0.449,0.183,nan
202,no_output,nan,0.000,0,0.000,0.000,nan,0,nan,102.766,0,0.000,18.214,1.660,0.433,0.171,nan
203,no_output,nan,0.000,0,0.000,0.000,nan,0,nan,137.224,0,0.000,18.345,1.574,0.449,0.167,nan
204,no_output,nan,0.000,0,0.000,0.000,nan,0,nan,118.209,0,0.000,17.848,1.532,0.426,0.179,nan
205,no_output,nan,0.000,0,0.000,0.000,nan,0,nan,144.331,0,0.000,18.203,1.845,0.441,0.163,nan
206,no_output,nan,0.000,0,0.000,0.000,nan,0,nan,132.537,0,0.000,18.075,1.408,0.426,0.171,nan
207,no_output,nan,0.000,0,0.000,0.000,nan,0,nan,122.423,0,0.000,18.074,1.305,0.422,0.163,nan
208,no_output,nan,0.000,0,0.000,0.000,nan,0,nan,102.613,0,0.000,17.964,1.479,0.437,0.183,nan
209,no_output,nan,0.000,0,0.000,0.000,nan,0,nan,126.528,0,0.000,18.023,1.658,0.433,0.171,nan
210,no_output,nan,0.000,0,0.000,0.000,nan,0,nan,139.327,0,0.000,17.903,1.770,0.403,0.171,nan
211,no_output,nan,0.000,0,0.000,0.000,nan,0,nan,108.071,0,0.000,18.668,2.305,0.456,0.171,nan
212,no_output,nan,0.000,0,0.000,0.000,nan,0,nan,109.340,0,0.000,18.142,1.682,0.422,0.179,nan
213,no_output,nan,0.000,0,0.000,0.000,nan,0,nan,116.217,0,0.000,17.966,1.556,0.418,0.179,nan
214,no_output,nan,0.000,0,0.000,0.000,nan,0,nan,130.139,0,0.000,18.053,1.842,0.414,0.163,nan
215,no_output,nan,0.000,0,0.000,0.000,nan,0,nan,115.662,0,0.000,18.139,1.641,0.399,0.167,nan
216,no_output,nan,0.000,0,0.000,0.000,nan,0,nan,115.153,0,0.000,18.030,1.862,0.422,0.152,nan
217,no_output,nan,0.000,0,0.000,0.000,nan,0,nan,113.814,0,0.000,18.129,1.509,0.433,0.179,nan
218,no_output,nan,0.000,0,0.000,0.000,nan,0,nan,114.605,0,0.000,18.056,1.476,0.422,0.171,nan
219,no_output,nan,0.000,0,0.000,0.000,nan,0,nan,149.580,0,0.000,18.030,1.392,0.422,0.175,nan
220,no_output,nan,0.000,0,0.000,0.000,nan,0,nan,113.807,0,0.000,17.937,1.403,0.426,0.171,nan
221,no_output,nan,0.000,0,0.000,0.000,nan,0,nan,139.512,0,0.000,17.816,1.744,0.433,0.183,nan
222,no_output,nan,0.000,0,0.000,0.000,nan,0,nan,124.368,0,0.000,18.543,2.475,0.395,0.156,nan
223,no_output,nan,0.000,0,0.000,0.000,nan,0,nan,124.916,0,0.000,18.037,1.546,0.414,0.179,nan
224,no_output,nan,0.000,0,0.000,0.000,nan,0,nan,121.549,0,0.000,18.403,2.029,0.407,0.183,nan
225,no_output,nan,0.000,0,0.000,0.000,nan,0,nan,139.563,0,0.000,18.092,1.779,0.407,0.167,nan
226,no_output,nan,0.000,0,0.000,0.000,nan,0,nan,138.723,0,0.000,17.883,1.489,0.433,0.179,nan
227,no_output,nan,0.000,0,0.000,0.000,nan,0,nan,154.545,0,0.000,17.966,1.652,0.430,0.163,nan
228,no_output,nan,0.000,0,0.000,0.000,nan,0,nan,102.825,0,0.000,18.057,1.866,0.430,0.183,nan
229,no_output,nan,0.000,0,0.000,0.000,nan,0,nan,122.611,0,0.000,17.968,1.547,0.430,0.171,nan
230,no_output,nan,0.000,0,0.000,0.000,nan,0,nan,115.942,0,0.000,17.887,1.403,0.426,0.179,nan
231,no_output,nan,0.000,0,0.000,0.000,nan,0,nan,142.191,0,0.000,17.913,1.461,0.445,0.186,nan
232,no_output,nan,0.000,0,0.000,0.000,nan,0,nan,102.197,0,0.000,17.914,1.737,0.411,0.179,nan
233,no_output,nan,0.000,0,0.000,0.000,nan,0,nan,125.040,0,0.000,18.223,1.651,0.456,0.163,nan
234,no_output,nan,0.000,0,0.000,0.000,nan,0,nan,105.912,0,0.000,18.569,3.098,0.403,0.160,nan
235,no_output,nan,0.000,0,0.000,0.000,nan,0,nan,102.925,0,0.000,18.451,3.028,0.407,0.171,nan
236,no_output,nan,0.000,0,0.000,0.000,nan,0,nan,109.802,0,0.000,17.965,1.550,0.437,0.183,nan
237,no_output,nan,0.000,0,0.000,0.000,nan,0,nan,137.324,0,0.000,17.910,1.561,0.399,0.171,nan
238,no_output,nan,0.000,0,0.000,0.000,nan,0,nan,113.446,0,0.000,18.173,1.707,0.418,0.171,nan
239,no_output,nan,0.000,0,0.000,0.000,nan,0,nan,142.695,0,0.000,17.804,1.387,0.407,0.183,nan
240,no_output,nan,0.000,0,0.000,0.000,nan,0,nan,125.677,0,0.000,17.941,1.877,0.430,0.179,nan
241,no_output,nan,0.000,0,0.000,0.000,nan,0,nan,112.431,0,0.000,18.164,2.319,0.468,0.163,nan
242,no_output,nan,0.000,0,0.000,0.000,nan,0,nan,132.224,0,0.000,18.120,1.336,0.422,0.186,nan
243,no_output,nan,0.000,0,0.000,0.000,nan,0,nan,112.806,0,0.000,18.316,1.640,0.437,0.175,nan
244,no_output,nan,0.000,0,0.000,0.000,nan,0,nan,125.450,0,0.000,18.325,1.925,0.449,0.156,nan
245,no_output,nan,0.000,0,0.000,0.000,nan,0,nan,100.289,0,0.000,17.947,1.584,0.426,0.179,nan
246,no_output,nan,0.000,0,0.000,0.000,nan,0,nan,112.571,0,0.000,18.267,1.590,0.392,0.156,nan
247,no_output,nan,0.000,0,0.000,0.000,nan,0,nan,123.542,0,0.000,18.035,1.618,0.430,0.175,nan
248,no_output,nan,0.000,0,0.000,0.000,nan,0,nan,142.376,0,0.000,17.888,1.777,0.414,0.171,nan
249,no_output,nan,0.000,0,0.000,0.000,nan,0,nan,110.934,0,0.000,17.643,1.921,0.418,0.179,nan
250,no_output,nan,0.000,0,0.000,0.000,nan,0,nan,115.121,0,0.000,17.758,1.614,0.460,0.171,nan
251,no_output,nan,0.000,0,0.000,0.000,nan,0,nan,147.328,0,0.000,18.332,1.813,0.384,0.175,nan
252,no_output,nan,0.000,0,0.000,0.000,nan,0,nan,92.811,0,0.000,17.987,1.425,0.422,0.163,nan
253,no_output,nan,0.000,0,0.000,0.000,nan,0,nan,116.480,0,0.000,18.011,1.622,0.437,0.160,nan
254,no_output,nan,0.000,0,0.000,0.000,nan,0,nan,121.201,0,0.000,18.219,1.700,0.430,0.179,nan
255,no_output,nan,0.000,0,0.000,0.000,nan,0,nan,125.778,0,0.000,17.948,1.311,0.388,0.163,nan
256,no_output,nan,0.000,0,0.000,0.000,nan,0,nan,111.574,0,0.000,17.919,1.300,0.411,0.179,nan
257,no_output,nan,0.000,0,0.000,0.000,nan,0,nan,139.740,0,0.000,17.982,1.407,0.395,0.171,nan
258,no_output,nan,0.000,0,0.000,0.000,nan,0,nan,124.093,0,0.000,17.871,1.458,0.418,0.179,nan
259,no_output,nan,0.000,0,0.000,0.000,nan,0,nan,106.554,0,0.000,18.186,1.756,0.433,0.160,nan
260,no_output,nan,0.000,0,0.000,0.000,nan,0,nan,115.831,0,0.000,18.203,1.735,0.399,0.171,nan
261,no_output,nan,0.000,0,0.000,0.000,nan,0,nan,111.992,0,0.000,17.891,1.436,0.449,0.175,nan
262,no_output,nan,0.000,0,0.000,0.000,nan,0,nan,142.625,0,0.000,17.934,1.478,0.418,0.171,nan
263,no_output,nan,0.000,0,0.000,0.000,nan,0,nan,112.966,0,0.000,17.904,1.325,0.433,0.186,nan
264,no_output,nan,0.000,0,0.000,0.000,nan,0,nan,107.009,0,0.000,18.173,1.515,0.468,0.152,nan
265,no_output,nan,0.000,0,0.000,0.000,nan,0,nan,104.839,0,0.000,17.734,1.440,0.411,0.171,nan
266,no_output,nan,0.000,0,0.000,0.000,nan,0,nan,101.658,0,0.000,17.828,1.472,0.449,0.179,nan
267,no_output,nan,0.000,0,0.000,0.000,nan,0,nan,127.351,0,0.000,18.026,1.328,0.373,0.186,nan
268,no_output,nan,0.000,0,0.000,0.000,nan,0,nan,136.449,0,0.000,17.939,1.463,0.418,0.179,nan
269,no_output,nan,0.000,0,0.000,0.000,nan,0,nan,152.402,0,0.000,18.093,1.718,0.426,0.175,nan
270,no_output,nan,0.000,0,0.000,0.000,nan,0,nan,192.857,0,0.000,18.199,1.746,0.365,0.171,nan
271,no_output,nan,0.000,0,0.000,0.000,nan,0,nan,79.442,0,0.000,17.962,1.392,0.437,0.179,nan
272,no_output,nan,0.000,0,0.000,0.000,nan,0,nan,107.113,0,0.000,17.928,1.391,0.445,0.175,nan
273,no_output,nan,0.000,0,0.000,0.000,nan,0,nan,118.635,0,0.000,17.970,1.504,0.433,0.179,nan
274,no_output,nan,0.000,0,0.000,0.000,nan,0,nan,113.102,0,0.000,17.976,1.482,0.437,0.152,nan
275,no_output,nan,0.000,0,0.000,0.000,nan,0,nan,127.188,0,0.000,17.930,1.386,0.445,0.183,nan
276,no_output,nan,0.000,0,0.000,0.000,nan,0,nan,123.566,0,0.000,18.339,1.754,0.399,0.179,nan
277,no_output,nan,0.000,0,0.000,0.000,nan,0,nan,141.310,0,0.000,17.993,1.287,0.449,0.179,nan
278,no_output,nan,0.000,0,0.000,0.000,nan,0,nan,105.156,0,0.000,17.905,1.402,0.433,0.171,nan
279,no_output,nan,0.000,0,0.000,0.000,nan,0,nan,108.103,0,0.000,17.832,1.580,0.395,0.167,nan
280,no_output,nan,0.000,0,0.000,0.000,nan,0,nan,147.698,0,0.000,17.889,1.442,0.407,0.160,nan
281,no_output,nan,0.000,0,0.000,0.000,nan,0,nan,89.528,0,0.000,17.910,1.448,0.441,0.186,nan
282,no_output,nan,0.000,0,0.000,0.000,nan,0,nan,120.496,0,0.000,18.045,1.710,0.384,0.183,nan
283,no_output,nan,0.000,0,0.000,0.000,nan,0,nan,130.862,0,0.000,17.907,1.544,0.441,0.179,nan
284,no_output,nan,0.000,0,0.000,0.000,nan,0,nan,117.345,0,0.000,18.056,1.840,0.430,0.171,nan
285,no_output,nan,0.000,0,0.000,0.000,nan,0,nan,111.686,0,0.000,17.745,1.671,0.414,0.179,nan
286,no_output,nan,0.000,0,0.000,0.000,nan,0,nan,151.324,0,0.000,18.097,1.716,0.433,0.186,nan
287,no_output,nan,0.000,0,0.000,0.000,nan,0,nan,102.773,0,0.000,17.856,1.379,0.418,0.183,nan
288,no_output,nan,0.000,0,0.000,0.000,nan,0,nan,117.242,0,0.000,17.951,1.485,0.418,0.179,nan
289,no_output,nan,0.000,0,0.000,0.000,nan,0,nan,121.708,0,0.000,18.103,1.750,0.441,0.160,nan
290,no_output,nan,0.000,0,0.000,0.000,nan,0,nan,139.437,0,0.000,17.767,1.397,0.471,0.156,nan
291,no_output,nan,0.000,0,0.000,0.000,nan,0,nan,99.282,0,0.000,18.044,1.474,0.380,0.160,nan
292,no_output,nan,0.000,0,0.000,0.000,nan,0,nan,158.963,0,0.000,17.956,1.796,0.388,0.175,nan
293,no_output,nan,0.000,0,0.000,0.000,nan,0,nan,128.643,0,0.000,17.971,1.676,0.414,0.179,nan
294,no_output,nan,0.000,0,0.000,0.000,nan,0,nan,102.651,0,0.000,17.860,1.307,0.445,0.171,nan
295,no_output,nan,0.000,0,0.000,0.000,nan,0,nan,91.927,0,0.000,17.942,1.470,0.441,0.163,nan
296,no_output,nan,0.000,0,0.000,0.000,nan,0,nan,124.559,0,0.000,18.024,1.467,0.468,0.190,nan
297,no_output,nan,0.000,0,0.000,0.000,nan,0,nan,90.562,0,0.000,17.837,1.408,0.433,0.152,nan
298,no_output,nan,0.000,0,0.000,0.000,nan,0,nan,148.673,0,0.000,17.850,1.671,0.414,0.171,nan
299,no_output,nan,0.000,0,0.000,0.000,nan,0,nan,123.671,0,0.000,17.960,1.516,0.380,0.183,nan
300,no_output,nan,0.000,0,0.000,0.000,nan,0,nan,123.660,0,0.000,17.868,1.645,0.441,0.167,nan
301,no_output,nan,0.000,0,0.000,0.000,nan,0,nan,125.264,0,0.000,17.914,1.950,0.407,0.186,nan
302,no_output,nan,0.000,0,0.000,0.000,nan,0,nan,135.874,0,0.000,19.309,3.725,0.433,0.179,nan
303,no_output,nan,0.000,0,0.000,0.000,nan,0,nan,112.344,0,0.000,17.824,1.582,0.464,0.163,nan
304,no_output,nan,0.000,0,0.000,0.000,nan,0,nan,124.733,0,0.000,17.836,1.339,0.426,0.179,nan
305,no_output,nan,0.000,0,0.000,0.000,nan,0,nan,149.583,0,0.000,18.422,1.908,0.418,0.171,nan
306,no_output,nan,0.000,0,0.000,0.000,nan,0,nan,113.748,0,0.000,18.127,1.755,0.418,0.179,nan
307,no_output,nan,0.000,0,0.000,0.000,nan,0,nan,122.787,0,0.000,17.868,1.756,0.460,0.171,nan
308,no_output,nan,0.000,0,0.000,0.000,nan,0,nan,116.098,0,0.000,18.332,1.983,0.418,0.179,nan
309,no_output,nan,0.000,0,0.000,0.000,nan,0,nan,102.949,0,0.000,18.183,1.850,0.422,0.171,nan
310,no_output,nan,0.000,0,0.000,0.000,nan,0,nan,109.985,0,0.000,18.155,1.505,0.441,0.171,nan
311,no_output,nan,0.000,0,0.000,0.000,nan,0,nan,155.873,0,0.000,18.367,1.717,0.407,0.163,nan
312,no_output,nan,0.000,0,0.000,0.000,nan,0,nan,116.990,0,0.000,18.015,1.642,0.433,0.179,nan
313,no_output,nan,0.000,0,0.000,0.000,nan,0,nan,149.703,0,0.000,18.345,1.556,0.395,0.190,nan
314,no_output,nan,0.000,0,0.000,0.000,nan,0,nan,90.914,0,0.000,18.263,1.939,0.395,0.163,nan
315,no_output,nan,0.000,0,0.000,0.000,nan,0,nan,103.296,0,0.000,17.998,1.615,0.449,0.171,nan
316,no_output,nan,0.000,0,0.000,0.000,nan,0,nan,135.141,0,0.000,17.827,1.404,0.422,0.167,nan
317,no_output,nan,0.000,0,0.000,0.000,nan,0,nan,118.428,0,0.000,17.888,1.442,0.414,0.179,nan
318,no_output,nan,0.000,0,0.000,0.000,nan,0,nan,132.307,0,0.000,18.289,1.785,0.407,0.171,nan
319,no_output,nan,0.000,0,0.000,0.000,nan,0,nan,144.365,0,0.000,17.906,1.667,0.418,0.190,nan
320,no_output,nan,0.000,0,0.000,0.000,nan,0,nan,133.979,0,0.000,18.564,1.783,0.414,0.160,nan
321,no_output,nan,0.000,0,0.000,0.000,nan,0,nan,124.658,0,0.000,18.182,1.657,0.411,0.171,nan
322,no_output,nan,0.000,0,0.000,0.000,nan,0,nan,104.000,0,0.000,18.302,1.401,0.464,0.160,nan
323,no_output,nan,0.000,0,0.000,0.000,nan,0,nan,105.201,0,0.000,17.885,1.564,0.426,0.160,nan
324,no_output,nan,0.000,0,0.000,0.000,nan,0,nan,120.948,0,0.000,18.263,1.348,0.373,0.179,nan
325,no_output,nan,0.000,0,0.000,0.000,nan,0,nan,156.066,0,0.000,17.931,1.260,0.403,0.179,nan
326,no_output,nan,0.000,0,0.000,0.000,nan,0,nan,117.061,0,0.000,18.334,2.135,0.441,0.186,nan
327,no_output,nan,0.000,0,0.000,0.000,nan,0,nan,114.591,0,0.000,17.796,1.642,0.430,0.175,nan
328,no_output,nan,0.000,0,0.000,0.000,nan,0,nan,129.401,0,0.000,18.292,2.993,0.384,0.171,nan
329,no_output,nan,0.000,0,0.000,0.000,nan,0,nan,115.651,0,0.000,17.953,1.250,0.357,0.179,nan
330,no_output,nan,0.000,0,0.000,0.000,nan,0,nan,129.862,0,0.000,17.849,1.701,0.433,0.179,nan
331,no_output,nan,0.000,0,0.000,0.000,nan,0,nan,101.855,0,0.000,18.039,1.696,0.464,0.179,nan
332,no_output,nan,0.000,0,0.000,0.000,nan,0,nan,116.719,0,0.000,17.889,1.370,0.441,0.183,nan
333,no_output,nan,0.000,0,0.000,0.000,nan,0,nan,126.578,0,0.000,17.868,1.530,0.414,0.179,nan
334,no_output,nan,0.000,0,0.000,0.000,nan,0,nan,147.622,0,0.000,18.056,1.532,0.456,0.167,nan
335,no_output,nan,0.000,0,0.000,0.000,nan,0,nan,98.562,0,0.000,17.992,1.512,0.414,0.186,nan
336,no_output,nan,0.000,0,0.000,0.000,nan,0,nan,97.824,0,0.000,17.939,1.858,0.418,0.179,nan
337,no_output,nan,0.000,0,0.000,0.000,nan,0,nan,110.431,0,0.000,17.919,1.683,0.441,0.183,nan
338,no_output,nan,0.000,0,0.000,0.000,nan,0,nan,129.217,0,0.000,19.468,4.562,0.414,0.175,nan
339,no_output,nan,0.000,0,0.000,0.000,nan,0,nan,112.518,0,0.000,17.962,1.518,0.392,0.179,nan
340,no_output,nan,0.000,0,0.000,0.000,nan,0,nan,115.945,0,0.000,17.912,1.211,0.433,0.179,nan
341,no_output,nan,0.000,0,0.000,0.000,nan,0,nan,107.049,0,0.000,18.365,1.997,0.441,0.171,nan
342,no_output,nan,0.000,0,0.000,0.000,nan,0,nan,103.679,0,0.000,18.187,1.574,0.426,0.156,nan
343,no_output,nan,0.000,0,0.000,0.000,nan,0,nan,114.298,0,0.000,18.081,1.391,0.441,0.179,nan
344,no_output,nan,0.000,0,0.000,0.000,nan,0,nan,102.950,0,0.000,17.891,1.422,0.433,0.183,nan
345,no_output,nan,0.000,0,0.000,0.000,nan,0,nan,110.469,0,0.000,17.993,1.468,0.468,0.179,nan
346,no_output,nan,0.000,0,0.000,0.000,nan,0,nan,130.142,0,0.000,17.977,1.537,0.430,0.163,nan
347,no_output,nan,0.000,0,0.000,0.000,nan,0,nan,100.766,0,0.000,17.805,1.516,0.426,0.171,nan
348,no_output,nan,0.000,0,0.000,0.000,nan,0,nan,153.669,0,0.000,18.228,1.703,0.388,0.183,nan
349,no_output,nan,0.000,0,0.000,0.000,nan,0,nan,151.247,0,0.000,18.350,1.596,0.430,0.163,nan
350,no_output,nan,0.000,0,0.000,0.000,nan,0,nan,113.792,0,0.000,18.117,1.433,0.433,0.171,nan
351,no_output,nan,0.000,0,0.000,0.000,nan,0,nan,158.411,0,0.000,17.880,1.549,0.411,0.171,nan
352,no_output,nan,0.000,0,0.000,0.000,nan,0,nan,145.845,0,0.000,18.011,1.420,0.407,0.179,nan
353,no_output,nan,0.000,0,0.000,0.000,nan,0,nan,136.420,0,0.000,18.036,1.375,0.456,0.167,nan
354,no_output,nan,0.000,0,0.000,0.000,nan,0,nan,112.324,0,0.000,18.044,1.422,0.422,0.186,nan
355,no_output,nan,0.000,0,0.000,0.000,nan,0,nan,156.471,0,0.000,17.880,1.491,0.403,0.179,nan
356,no_output,nan,0.000,0,0.000,0.000,nan,0,nan,104.223,0,0.000,18.117,1.956,0.380,0.171,nan
357,no_output,nan,0.000,0,0.000,0.000,nan,0,nan,142.102,0,0.000,18.282,1.860,0.426,0.163,nan
358,no_output,nan,0.000,0,0.000,0.000,nan,0,nan,113.526,0,0.000,17.893,1.581,0.403,0.186,nan
359,no_output,nan,0.000,0,0.000,0.000,nan,0,nan,117.469,0,0.000,18.286,1.419,0.414,0.156,nan
360,no_output,nan,0.000,0,0.000,0.000,nan,0,nan,101.940,0,0.000,17.934,1.510,0.418,0.171,nan
361,no_output,nan,0.000,0,0.000,0.000,nan,0,nan,114.690,0,0.000,18.010,1.447,0.418,0.179,nan
362,no_output,nan,0.000,0,0.000,0.000,nan,0,nan,89.600,0,0.000,18.106,1.441,0.399,0.171,nan
363,no_output,nan,0.000,0,0.000,0.000,nan,0,nan,119.014,0,0.000,18.236,1.558,0.464,0.167,nan
364,no_output,nan,0.000,0,0.000,0.000,nan,0,nan,86.003,0,0.000,17.903,1.426,0.445,0.179,nan
365,no_output,nan,0.000,0,0.000,0.000,nan,0,nan,137.931,0,0.000,18.019,1.651,0.437,0.179,nan
366,no_output,nan,0.000,0,0.000,0.000,nan,0,nan,104.083,0,0.000,18.386,1.944,0.426,0.171,nan
367,no_output,nan,0.000,0,0.000,0.000,nan,0,nan,104.034,0,0.000,18.135,1.867,0.437,0.163,nan
368,no_output,nan,0.000,0,0.000,0.000,nan,0,nan,77.591,0,0.000,17.900,1.710,0.407,0.175,nan
369,no_output,nan,0.000,0,0.000,0.000,nan,0,nan,108.382,0,0.000,17.798,1.650,0.452,0.179,nan
370,no_output,nan,0.000,0,0.000,0.000,nan,0,nan,100.104,0,0.000,18.104,1.425,0.407,0.183,nan
371,no_output,nan,0.000,0,0.000,0.000,nan,0,nan,144.944,0,0.000,18.222,1.670,0.411,0.171,nan
372,no_output,nan,0.000,0,0.000,0.000,nan,0,nan,116.654,0,0.000,18.031,1.729,0.411,0.148,nan
373,no_output,nan,0.000,0,0.000,0.000,nan,0,nan,126.680,0,0.000,17.862,1.594,0.456,0.179,nan
374,no_output,nan,0.000,0,0.000,0.000,nan,0,nan,129.350,0,0.000,18.078,1.616,0.411,0.179,nan
375,no_output,nan,0.000,0,0.000,0.000,nan,0,nan,128.655,0,0.000,18.148,1.433,0.430,0.163,nan
376,no_output,nan,0.000,0,0.000,0.000,nan,0,nan,121.195,0,0.000,17.701,1.524,0.452,0.171,nan
377,no_output,nan,0.000,0,0.000,0.000,nan,0,nan,140.318,0,0.000,17.859,1.603,0.418,0.167,nan
378,no_output,nan,0.000,0,0.000,0.000,nan,0,nan,151.112,0,0.000,18.053,1.526,0.441,0.179,nan
379,no_output,nan,0.000,0,0.000,0.000,nan,0,nan,160.353,0,0.000,18.025,1.509,0.426,0.160,nan
380,no_output,nan,0.000,0,0.000,0.000,nan,0,nan,127.266,0,0.000,17.899,1.585,0.414,0.167,nan
381,no_output,nan,0.000,0,0.000,0.000,nan,0,nan,124.145,0,0.000,18.170,1.539,0.430,0.171,nan
382,no_output,nan,0.000,0,0.000,0.000,nan,0,nan,136.720,0,0.000,17.851,1.403,0.483,0.175,nan
383,no_output,nan,0.000,0,0.000,0.000,nan,0,nan,138.715,0,0.000,17.898,1.375,0.422,0.179,nan
384,no_output,nan,0.000,0,0.000,0.000,nan,0,nan,94.488,0,0.000,17.998,1.545,0.464,0.175,nan
385,no_output,nan,0.000,0,0.000,0.000,nan,0,nan,124.423,0,0.000,18.166,1.372,0.464,0.156,nan
386,no_output,nan,0.000,0,0.000,0.000,nan,0,nan,119.600,0,0.000,18.178,2.110,0.437,0.156,nan
387,no_output,nan,0.000,0,0.000,0.000,nan,0,nan,120.487,0,0.000,18.133,1.520,0.403,0.171,nan
388,no_output,nan,0.000,0,0.000,0.000,nan,0,nan,127.388,0,0.000,17.717,1.505,0.433,0.179,nan
389,no_output,nan,0.000,0,0.000,0.000,nan,0,nan,115.122,0,0.000,17.744,1.598,0.426,0.160,nan
390,no_output,nan,0.000,0,0.000,0.000,nan,0,nan,103.121,0,0.000,17.791,1.374,0.411,0.183,nan
391,no_output,nan,0.000,0,0.000,0.000,nan,0,nan,117.263,0,0.000,18.222,1.513,0.433,0.171,nan
392,no_output,nan,0.000,0,0.000,0.000,nan,0,nan,116.933,0,0.000,18.045,1.552,0.437,0.171,nan
393,no_output,nan,0.000,0,0.000,0.000,nan,0,nan,107.567,0,0.000,17.943,1.548,0.414,0.160,nan
394,no_output,nan,0.000,0,0.000,0.000,nan,0,nan,111.479,0,0.000,17.966,1.387,0.468,0.171,nan
395,no_output,nan,0.000,0,0.000,0.000,nan,0,nan,114.517,0,0.000,18.322,2.030,0.392,0.175,nan
396,no_output,nan,0.000,0,0.000,0.000,nan,0,nan,124.209,0,0.000,18.008,1.334,0.403,0.179,nan
397,no_output,nan,0.000,0,0.000,0.000,nan,0,nan,139.124,0,0.000,18.287,1.634,0.411,0.175,nan
398,no_output,nan,0.000,0,0.000,0.000,nan,0,nan,128.179,0,0.000,18.218,1.714,0.452,0.175,nan
399,no_output,nan,0.000,0,0.000,0.000,nan,0,nan,131.905,0,0.000,18.206,1.749,0.433,0.186,nan
400,no_output,nan,0.000,0,0.000,0.000,nan,0,nan,98.013,0,0.000,17.950,1.607,0.407,0.175,nan
401,no_output,nan,0.000,0,0.000,0.000,nan,0,nan,106.207,0,0.000,17.887,1.485,0.407,0.183,nan
402,no_output,nan,0.000,0,0.000,0.000,nan,0,nan,138.979,0,0.000,18.253,1.735,0.418,0.167,nan
403,no_output,nan,0.000,0,0.000,0.000,nan,0,nan,178.966,0,0.000,17.874,1.739,0.426,0.171,nan
404,no_output,nan,0.000,0,0.000,0.000,nan,0,nan,137.841,0,0.000,18.175,1.568,0.399,0.179,nan
405,no_output,nan,0.000,0,0.000,0.000,nan,0,nan,81.867,0,0.000,18.037,1.824,0.414,0.171,nan
406,no_output,nan,0.000,0,0.000,0.000,nan,0,nan,89.872,0,0.000,18.033,1.619,0.430,0.179,nan
407,no_output,nan,0.000,0,0.000,0.000,nan,0,nan,129.830,0,0.000,18.099,1.330,0.407,0.171,nan
408,no_output,nan,0.000,0,0.000,0.000,nan,0,nan,145.634,0,0.000,18.264,1.755,0.411,0.186,nan
409,no_output,nan,0.000,0,0.000,0.000,nan,0,nan,114.963,0,0.000,18.242,1.564,0.418,0.179,nan
410,no_output,nan,0.000,0,0.000,0.000,nan,0,nan,147.765,0,0.000,17.923,1.401,0.430,0.171,nan
411,no_output,nan,0.000,0,0.000,0.000,nan,0,nan,98.452,0,0.000,17.892,1.471,0.441,0.171,nan
412,no_output,nan,0.000,0,0.000,0.000,nan,0,nan,101.354,0,0.000,18.044,1.545,0.422,0.179,nan
413,no_output,nan,0.000,0,0.000,0.000,nan,0,nan,117.978,0,0.000,18.199,1.938,0.407,0.179,nan
414,no_output,nan,0.000,0,0.000,0.000,nan,0,nan,108.885,0,0.000,18.333,1.924,0.441,0.171,nan
415,no_output,nan,0.000,0,0.000,0.000,nan,0,nan,103.982,0,0.000,17.965,1.598,0.422,0.179,nan
416,no_output,nan,0.000,0,0.000,0.000,nan,0,nan,111.953,0,0.000,17.991,1.405,0.422,0.171,nan
417,no_output,nan,0.000,0,0.000,0.000,nan,0,nan,115.748,0,0.000,18.063,2.148,0.437,0.156,nan
418,no_output,nan,0.000,0,0.000,0.000,nan,0,nan,142.030,0,0.000,18.114,2.170,0.411,0.186,nan
419,no_output,nan,0.000,0,0.000,0.000,nan,0,nan,102.730,0,0.000,17.914,1.547,0.460,0.183,nan
420,no_output,nan,0.000,0,0.000,0.000,nan,0,nan,99.697,0,0.000,18.144,1.704,0.445,0.163,nan
421,no_output,nan,0.000,0,0.000,0.000,nan,0,nan,113.875,0,0.000,17.994,1.431,0.452,0.179,nan
422,no_output,nan,0.000,0,0.000,0.000,nan,0,nan,141.990,0,0.000,17.973,1.526,0.449,0.171,nan
423,no_output,nan,0.000,0,0.000,0.000,nan,0,nan,108.264,0,0.000,18.629,2.492,0.430,0.156,nan
424,no_output,nan,0.000,0,0.000,0.000,nan,0,nan,107.568,0,0.000,17.997,1.616,0.449,0.163,nan
425,no_output,nan,0.000,0,0.000,0.000,nan,0,nan,99.066,0,0.000,17.957,1.886,0.395,0.171,nan
426,no_output,nan,0.000,0,0.000,0.000,nan,0,nan,123.924,0,0.000,18.081,1.324,0.437,0.179,nan
427,no_output,nan,0.000,0,0.000,0.000,nan,0,nan,136.130,0,0.000,17.913,1.449,0.426,0.179,nan
428,no_output,nan,0.000,0,0.000,0.000,nan,0,nan,140.349,0,0.000,18.040,1.586,0.437,0.171,nan
429,no_output,nan,0.000,0,0.000,0.000,nan,0,nan,141.385,0,0.000,17.748,1.651,0.403,0.179,nan
430,no_output,nan,0.000,0,0.000,0.000,nan,0,nan,162.222,0,0.000,18.003,1.654,0.441,0.179,nan
431,no_output,nan,0.000,0,0.000,0.000,nan,0,nan,113.967,0,0.000,17.974,1.524,0.437,0.179,nan
432,no_output,nan,0.000,0,0.000,0.000,nan,0,nan,82.179,0,0.000,17.965,1.454,0.430,0.171,nan
433,no_output,nan,0.000,0,0.000,0.000,nan,0,nan,92.347,0,0.000,18.240,1.872,0.426,0.179,nan
434,no_output,nan,0.000,0,0.000,0.000,nan,0,nan,98.980,0,0.000,17.969,1.378,0.403,0.163,nan
435,no_output,nan,0.000,0,0.000,0.000,nan,0,nan,137.041,0,0.000,17.953,1.523,0.430,0.171,nan
436,no_output,nan,0.000,0,0.000,0.000,nan,0,nan,143.287,0,0.000,17.791,1.720,0.422,0.171,nan
437,no_output,nan,0.000,0,0.000,0.000,nan,0,nan,112.720,0,0.000,18.398,1.936,0.441,0.152,nan
438,no_output,nan,0.000,0,0.000,0.000,nan,0,nan,107.974,0,0.000,18.121,1.347,0.430,0.175,nan
439,no_output,nan,0.000,0,0.000,0.000,nan,0,nan,172.701,0,0.000,18.750,3.239,0.411,0.171,nan
440,no_output,nan,0.000,0,0.000,0.000,nan,0,nan,143.940,0,0.000,17.782,1.722,0.426,0.179,nan
441,no_output,nan,0.000,0,0.000,0.000,nan,0,nan,114.362,0,0.000,18.467,2.344,0.407,0.156,nan
442,no_output,nan,0.000,0,0.000,0.000,nan,0,nan,96.197,0,0.000,17.784,1.556,0.422,0.179,nan
443,no_output,nan,0.000,0,0.000,0.000,nan,0,nan,117.130,0,0.000,17.934,1.620,0.411,0.179,nan
444,no_output,nan,0.000,0,0.000,0.000,nan,0,nan,110.086,0,0.000,17.865,1.560,0.418,0.183,nan
445,no_output,nan,0.000,0,0.000,0.000,nan,0,nan,93.784,0,0.000,18.157,1.557,0.452,0.171,nan
446,no_output,nan,0.000,0,0.000,0.000,nan,0,nan,159.457,0,0.000,18.006,1.436,0.422,0.179,nan
447,no_output,nan,0.000,0,0.000,0.000,nan,0,nan,155.725,0,0.000,18.365,2.454,0.403,0.160,nan
448,no_output,nan,0.000,0,0.000,0.000,nan,0,nan,119.448,0,0.000,18.129,1.447,0.445,0.194,nan
449,no_output,nan,0.000,0,0.000,0.000,nan,0,nan,113.622,0,0.000,17.988,1.266,0.430,0.171,nan
450,no_output,nan,0.000,0,0.000,0.000,nan,0,nan,124.779,0,0.000,18.144,1.718,0.414,0.175,nan
451,no_output,nan,0.000,0,0.000,0.000,nan,0,nan,95.862,0,0.000,17.965,1.406,0.452,0.179,nan
452,no_output,nan,0.000,0,0.000,0.000,nan,0,nan,129.799,0,0.000,17.921,1.615,0.445,0.179,nan
453,no_output,nan,0.000,0,0.000,0.000,nan,0,nan,105.468,0,0.000,18.374,1.902,0.426,0.179,nan
454,no_output,nan,0.000,0,0.000,0.000,nan,0,nan,121.930,0,0.000,18.353,1.649,0.422,0.156,nan
455,no_output,nan,0.000,0,0.000,0.000,nan,0,nan,122.948,0,0.000,17.846,1.428,0.430,0.183,nan
456,no_output,nan,0.000,0,0.000,0.000,nan,0,nan,125.576,0,0.000,17.853,1.374,0.422,0.183,nan
457,no_output,nan,0.000,0,0.000,0.000,nan,0,nan,105.255,0,0.000,17.996,1.602,0.399,0.163,nan
458,no_output,nan,0.000,0,0.000,0.000,nan,0,nan,78.353,0,0.000,18.145,1.817,0.407,0.186,nan
459,no_output,nan,0.000,0,0.000,0.000,nan,0,nan,105.479,0,0.000,17.890,1.513,0.437,0.186,nan
460,no_output,nan,0.000,0,0.000,0.000,nan,0,nan,113.865,0,0.000,18.036,1.290,0.411,0.163,nan
461,no_output,nan,0.000,0,0.000,0.000,nan,0,nan,135.006,0,0.000,18.049,1.966,0.411,0.175,nan
462,no_output,nan,0.000,0,0.000,0.000,nan,0,nan,112.552,0,0.000,18.170,2.041,0.445,0.163,nan
463,no_output,nan,0.000,0,0.000,0.000,nan,0,nan,130.965,0,0.000,18.011,1.331,0.414,0.186,nan
464,no_output,nan,0.000,0,0.000,0.000,nan,0,nan,111.811,0,0.000,17.942,1.423,0.430,0.194,nan
465,no_output,nan,0.000,0,0.000,0.000,nan,0,nan,123.454,0,0.000,17.965,1.495,0.437,0.171,nan
466,no_output,nan,0.000,0,0.000,0.000,nan,0,nan,152.441,0,0.000,18.628,2.686,0.426,0.171,nan
467,no_output,nan,0.000,0,0.000,0.000,nan,0,nan,122.867,0,0.000,18.112,1.569,0.433,0.171,nan
468,no_output,nan,0.000,0,0.000,0.000,nan,0,nan,135.634,0,0.000,17.966,1.449,0.430,0.171,nan
469,no_output,nan,0.000,0,0.000,0.000,nan,0,nan,110.702,0,0.000,17.928,1.413,0.437,0.179,nan
470,no_output,nan,0.000,0,0.000,0.000,nan,0,nan,91.804,0,0.000,17.909,1.626,0.430,0.179,nan
471,no_output,nan,0.000,0,0.000,0.000,nan,0,nan,109.394,0,0.000,17.957,1.460,0.452,0.160,nan
472,no_output,nan,0.000,0,0.000,0.000,nan,0,nan,109.410,0,0.000,18.381,1.784,0.468,0.171,nan
473,no_output,nan,0.000,0,0.000,0.000,nan,0,nan,155.473,0,0.000,17.846,1.613,0.430,0.179,nan
474,no_output,nan,0.000,0,0.000,0.000,nan,0,nan,143.506,0,0.000,18.040,1.451,0.407,0.167,nan
475,no_output,nan,0.000,0,0.000,0.000,nan,0,nan,125.346,0,0.000,18.347,1.949,0.437,0.179,nan
476,no_output,nan,0.000,0,0.000,0.000,nan,0,nan,82.413,0,0.000,18.018,1.459,0.456,0.179,nan
477,no_output,nan,0.000,0,0.000,0.000,nan,0,nan,94.150,0,0.000,17.926,1.533,0.373,0.171,nan
478,no_output,nan,0.000,0,0.000,0.000,nan,0,nan,85.766,0,0.000,18.062,1.567,0.388,0.179,nan
479,no_output,nan,0.000,0,0.000,0.000,nan,0,nan,118.572,0,0.000,18.243,1.963,0.441,0.179,nan
480,no_output,nan,0.000,0,0.000,0.000,nan,0,nan,100.937,0,0.000,18.141,1.426,0.384,0.179,nan
481,no_output,nan,0.000,0,0.000,0.000,nan,0,nan,115.709,0,0.000,18.004,2.145,0.354,0.183,nan
482,no_output,nan,0.000,0,0.000,0.000,nan,0,nan,118.496,0,0.000,18.384,1.834,0.392,0.186,nan
483,no_output,nan,0.000,0,0.000,0.000,nan,0,nan,118.940,0,0.000,17.973,1.512,0.392,0.179,nan
484,no_output,nan,0.000,0,0.000,0.000,nan,0,nan,169.472,0,0.000,18.232,1.476,0.433,0.160,nan
485,no_output,nan,0.000,0,0.000,0.000,nan,0,nan,105.371,0,0.000,18.422,1.547,0.441,0.175,nan
486,no_output,nan,0.000,0,0.000,0.000,nan,0,nan,85.140,0,0.000,17.832,1.658,0.445,0.163,nan
487,no_output,nan,0.000,0,0.000,0.000,nan,0,nan,116.176,0,0.000,17.872,1.492,0.433,0.167,nan
488,no_output,nan,0.000,0,0.000,0.000,nan,0,nan,126.601,0,0.000,18.109,1.601,0.426,0.175,nan
489,no_output,nan,0.000,0,0.000,0.000,nan,0,nan,82.474,0,0.000,17.807,1.477,0.464,0.171,nan
490,no_output,nan,0.000,0,0.000,0.000,nan,0,nan,102.936,0,0.000,17.812,1.515,0.456,0.163,nan
491,no_output,nan,0.000,0,0.000,0.000,nan,0,nan,147.463,0,0.000,18.356,1.895,0.395,0.179,nan
492,no_output,nan,0.000,0,0.000,0.000,nan,0,nan,127.354,0,0.000,18.060,1.633,0.418,0.171,nan
493,no_output,nan,0.000,0,0.000,0.000,nan,0,nan,130.944,0,0.000,17.908,1.717,0.430,0.171,nan
494,no_output,nan,0.000,0,0.000,0.000,nan,0,nan,128.192,0,0.000,18.040,1.752,0.407,0.171,nan
495,no_output,nan,0.000,0,0.000,0.000,nan,0,nan,119.806,0,0.000,17.852,1.718,0.441,0.163,nan
496,no_output,nan,0.000,0,0.000,0.000,nan,0,nan,117.770,0,0.000,18.116,1.368,0.445,0.179,nan
497,no_output,nan,0.000,0,0.000,0.000,nan,0,nan,137.287,0,0.000,18.107,1.804,0.456,0.175,nan
498,no_output,nan,0.000,0,0.000,0.000,nan,0,nan,154.033,0,0.000,18.015,1.709,0.414,0.167,nan
499,no_output,nan,0.000,0,0.000,0.000,nan,0,nan,125.742,0,0.000,18.006,1.912,0.411,0.183,nan
500,no_output,nan,0.000,0,0.000,0.000,nan,0,nan,122.792,0,0.000,18.064,1.522,0.433,0.171,nan
501,no_output,nan,0.000,0,0.000,0.000,nan,0,nan,138.017,0,0.000,17.996,1.503,0.437,0.175,nan
502,no_output,nan,0.000,0,0.000,0.000,nan,0,nan,97.059,0,0.000,18.162,1.921,0.384,0.179,nan
503,no_output,nan,0.000,0,0.000,0.000,nan,0,nan,112.657,0,0.000,18.106,1.680,0.426,0.167,nan
504,no_output,nan,0.000,0,0.000,0.000,nan,0,nan,141.478,0,0.000,18.290,1.995,0.418,0.179,nan
505,no_output,nan,0.000,0,0.000,0.000,nan,0,nan,115.516,0,0.000,17.877,1.622,0.437,0.179,nan
506,no_output,nan,0.000,0,0.000,0.000,nan,0,nan,117.838,0,0.000,17.894,1.444,0.426,0.179,nan
507,no_output,nan,0.000,0,0.000,0.000,nan,0,nan,116.958,0,0.000,17.736,1.600,0.437,0.163,nan
508,no_output,nan,0.000,0,0.000,0.000,nan,0,nan,115.784,0,0.000,18.497,1.848,0.395,0.186,nan
509,no_output,nan,0.000,0,0.000,0.000,nan,0,nan,76.026,0,0.000,18.297,1.640,0.418,0.175,nan
510,no_output,nan,0.000,0,0.000,0.000,nan,0,nan,108.331,0,0.000,18.110,1.251,0.422,0.179,nan
511,no_output,nan,0.000,0,0.000,0.000,nan,0,nan,65.190,0,0.000,18.165,1.452,0.407,0.167,nan
512,no_output,nan,0.000,0,0.000,0.000,nan,0,nan,99.352,0,0.000,17.986,1.632,0.422,0.160,nan
513,no_output,nan,0.000,0,0.000,0.000,nan,0,nan,118.538,0,0.000,17.935,1.456,0.433,0.179,nan
514,no_output,nan,0.000,0,0.000,0.000,nan,0,nan,151.627,0,0.000,17.963,1.444,0.403,0.183,nan
515,no_output,nan,0.000,0,0.000,0.000,nan,0,nan,143.025,0,0.000,18.213,1.498,0.452,0.171,nan
516,no_output,nan,0.000,0,0.000,0.000,nan,0,nan,125.273,0,0.000,17.824,1.367,0.437,0.171,nan
517,no_output,nan,0.000,0,0.000,0.000,nan,0,nan,116.969,0,0.000,18.288,1.432,0.437,0.160,nan
518,no_output,nan,0.000,0,0.000,0.000,nan,0,nan,129.885,0,0.000,18.095,1.500,0.407,0.163,nan
519,no_output,nan,0.000,0,0.000,0.000,nan,0,nan,112.932,0,0.000,18.276,1.462,0.445,0.163,nan
520,no_output,nan,0.000,0,0.000,0.000,nan,0,nan,130.106,0,0.000,18.009,1.510,0.422,0.186,nan
521,no_output,nan,0.000,0,0.000,0.000,nan,0,nan,126.718,0,0.000,17.905,1.618,0.426,0.179,nan
522,no_output,nan,0.000,0,0.000,0.000,nan,0,nan,137.890,0,0.000,18.169,1.805,0.418,0.179,nan
523,no_output,nan,0.000,0,0.000,0.000,nan,0,nan,103.691,0,0.000,18.387,2.150,0.403,0.179,nan
524,no_output,nan,0.000,0,0.000,0.000,nan,0,nan,108.341,0,0.000,18.101,2.476,0.414,0.171,nan
525,no_output,nan,0.000,0,0.000,0.000,nan,0,nan,100.030,0,0.000,18.276,1.743,0.395,0.179,nan
526,no_output,nan,0.000,0,0.000,0.000,nan,0,nan,125.322,0,0.000,18.368,1.648,0.403,0.179,nan
527,no_output,nan,0.000,0,0.000,0.000,nan,0,nan,103.896,0,0.000,18.138,1.573,0.395,0.160,nan
528,no_output,nan,0.000,0,0.000,0.000,nan,0,nan,111.490,0,0.000,19.013,4.896,0.430,0.163,nan
529,no_output,nan,0.000,0,0.000,0.000,nan,0,nan,136.265,0,0.000,17.966,1.292,0.430,0.167,nan
530,no_output,nan,0.000,0,0.000,0.000,nan,0,nan,141.474,0,0.000,18.157,3.196,0.411,0.175,nan
531,no_output,nan,0.000,0,0.000,0.000,nan,0,nan,106.000,0,0.000,17.923,1.676,0.399,0.183,nan
532,no_output,nan,0.000,0,0.000,0.000,nan,0,nan,115.484,0,0.000,17.934,1.714,0.411,0.171,nan
533,no_output,nan,0.000,0,0.000,0.000,nan,0,nan,138.529,0,0.000,18.144,1.309,0.449,0.163,nan
534,no_output,nan,0.000,0,0.000,0.000,nan,0,nan,134.115,0,0.000,17.920,1.855,0.418,0.186,nan
535,no_output,nan,0.000,0,0.000,0.000,nan,0,nan,112.772,0,0.000,18.236,1.709,0.407,0.179,nan
536,no_output,nan,0.000,0,0.000,0.000,nan,0,nan,126.013,0,0.000,17.880,1.327,0.452,0.179,nan
537,no_output,nan,0.000,0,0.000,0.000,nan,0,nan,140.434,0,0.000,18.509,2.266,0.407,0.190,nan
538,no_output,nan,0.000,0,0.000,0.000,nan,0,nan,123.375,0,0.000,18.350,1.605,0.445,0.171,nan
539,no_output,nan,0.000,0,0.000,0.000,nan,0,nan,137.048,0,0.000,18.057,1.427,0.407,0.171,nan
540,no_output,nan,0.000,0,0.000,0.000,nan,0,nan,124.345,0,0.000,17.799,1.503,0.422,0.179,nan
541,no_output,nan,0.000,0,0.000,0.000,nan,0,nan,122.136,0,0.000,17.928,1.442,0.445,0.179,nan
542,no_output,nan,0.000,0,0.000,0.000,nan,0,nan,117.258,0,0.000,17.868,1.556,0.437,0.179,nan
543,no_output,nan,0.000,0,0.000,0.000,nan,0,nan,108.035,0,0.000,18.620,2.888,0.369,0.183,nan
544,no_output,nan,0.000,0,0.000,0.000,nan,0,nan,147.658,0,0.000,17.941,1.309,0.445,0.179,nan
545,no_output,nan,0.000,0,0.000,0.000,nan,0,nan,113.443,0,0.000,17.925,1.555,0.445,0.179,nan
546,no_output,nan,0.000,0,0.000,0.000,nan,0,nan,119.701,0,0.000,18.005,1.500,0.388,0.175,nan
547,no_output,nan,0.000,0,0.000,0.000,nan,0,nan,103.462,0,0.000,17.666,1.622,0.433,0.179,nan
548,no_output,nan,0.000,0,0.000,0.000,nan,0,nan,151.639,0,0.000,18.248,1.706,0.411,0.179,nan
549,no_output,nan,0.000,0,0.000,0.000,nan,0,nan,120.005,0,0.000,18.188,1.395,0.437,0.171,nan
550,no_output,nan,0.000,0,0.000,0.000,nan,0,nan,112.278,0,0.000,18.165,1.640,0.426,0.179,nan
551,no_output,nan,0.000,0,0.000,0.000,nan,0,nan,103.568,0,0.000,18.135,1.422,0.361,0.179,nan
552,no_output,nan,0.000,0,0.000,0.000,nan,0,nan,99.787,0,0.000,17.746,1.534,0.399,0.179,nan
553,no_output,nan,0.000,0,0.000,0.000,nan,0,nan,141.444,0,0.000,17.764,1.522,0.437,0.179,nan
554,no_output,nan,0.000,0,0.000,0.000,nan,0,nan,141.281,0,0.000,18.236,1.700,0.414,0.179,nan
555,no_output,nan,0.000,0,0.000,0.000,nan,0,nan,100.251,0,0.000,17.819,1.608,0.411,0.171,nan
556,no_output,nan,0.000,0,0.000,0.000,nan,0,nan,128.243,0,0.000,18.314,1.566,0.437,0.183,nan
557,no_output,nan,0.000,0,0.000,0.000,nan,0,nan,122.303,0,0.000,18.366,1.682,0.426,0.148,nan
558,no_output,nan,0.000,0,0.000,0.000,nan,0,nan,128.981,0,0.000,18.223,1.744,0.433,0.186,nan
559,no_output,nan,0.000,0,0.000,0.000,nan,0,nan,108.996,0,0.000,17.839,1.675,0.433,0.179,nan
560,no_output,nan,0.000,0,0.000,0.000,nan,0,nan,137.347,0,0.000,17.887,1.644,0.380,0.190,nan
561,no_output,nan,0.000,0,0.000,0.000,nan,0,nan,73.388,0,0.000,18.191,1.473,0.433,0.179,nan
562,no_output,nan,0.000,0,0.000,0.000,nan,0,nan,129.653,0,0.000,18.089,1.594,0.411,0.183,nan
563,no_output,nan,0.000,0,0.000,0.000,nan,0,nan,141.588,0,0.000,17.979,1.452,0.399,0.183,nan
564,no_output,nan,0.000,0,0.000,0.000,nan,0,nan,70.568,0,0.000,18.049,1.481,0.456,0.171,nan
565,no_output,nan,0.000,0,0.000,0.000,nan,0,nan,126.720,0,0.000,17.826,1.496,0.399,0.183,nan
566,no_output,nan,0.000,0,0.000,0.000,nan,0,nan,111.277,0,0.000,17.985,1.356,0.388,0.171,nan
567,no_output,nan,0.000,0,0.000,0.000,nan,0,nan,126.375,0,0.000,18.015,2.372,0.384,0.167,nan
568,no_output,nan,0.000,0,0.000,0.000,nan,0,nan,109.883,0,0.000,18.155,1.332,0.437,0.179,nan
569,no_output,nan,0.000,0,0.000,0.000,nan,0,nan,115.131,0,0.000,18.055,1.711,0.407,0.190,nan
570,no_output,nan,0.000,0,0.000,0.000,nan,0,nan,87.582,0,0.000,17.964,1.739,0.414,0.160,nan
571,no_output,nan,0.000,0,0.000,0.000,nan,0,nan,102.771,0,0.000,17.848,1.394,0.422,0.171,nan
572,no_output,nan,0.000,0,0.000,0.000,nan,0,nan,129.570,0,0.000,17.903,1.503,0.418,0.179,nan
573,no_output,nan,0.000,0,0.000,0.000,nan,0,nan,108.411,0,0.000,18.031,1.691,0.407,0.179,nan
574,no_output,nan,0.000,0,0.000,0.000,nan,0,nan,114.490,0,0.000,17.866,1.433,0.449,0.163,nan
575,no_output,nan,0.000,0,0.000,0.000,nan,0,nan,132.926,0,0.000,18.129,1.444,0.411,0.179,nan
576,no_output,nan,0.000,0,0.000,0.000,nan,0,nan,129.433,0,0.000,18.012,1.624,0.422,0.179,nan
577,no_output,nan,0.000,0,0.000,0.000,nan,0,nan,168.555,0,0.000,17.977,1.488,0.441,0.175,nan
578,no_output,nan,0.000,0,0.000,0.000,nan,0,nan,142.023,0,0.000,17.828,1.361,0.411,0.179,nan
579,no_output,nan,0.000,0,0.000,0.000,nan,0,nan,153.441,0,0.000,18.273,1.722,0.449,0.179,nan
580,no_output,nan,0.000,0,0.000,0.000,nan,0,nan,138.602,0,0.000,18.415,1.970,0.414,0.171,nan
581,no_output,nan,0.000,0,0.000,0.000,nan,0,nan,142.468,0,0.000,18.078,1.507,0.407,0.171,nan
582,no_output,nan,0.000,0,0.000,0.000,nan,0,nan,80.915,0,0.000,17.886,1.529,0.452,0.171,nan
583,no_output,nan,0.000,0,0.000,0.000,nan,0,nan,117.840,0,0.000,17.840,1.602,0.449,0.167,nan
584,no_output,nan,0.000,0,0.000,0.000,nan,0,nan,120.373,0,0.000,18.022,1.620,0.418,0.171,nan
585,no_output,nan,0.000,0,0.000,0.000,nan,0,nan,127.523,0,0.000,17.934,1.613,0.422,0.179,nan
586,no_output,nan,0.000,0,0.000,0.000,nan,0,nan,132.417,0,0.000,17.871,1.741,0.407,0.171,nan
587,no_output,nan,0.000,0,0.000,0.000,nan,0,nan,116.188,0,0.000,17.941,1.305,0.426,0.190,nan
588,no_output,nan,0.000,0,0.000,0.000,nan,0,nan,149.635,0,0.000,17.939,1.719,0.414,0.175,nan
589,no_output,nan,0.000,0,0.000,0.000,nan,0,nan,108.295,0,0.000,17.937,1.482,0.418,0.171,nan
590,no_output,nan,0.000,0,0.000,0.000,nan,0,nan,128.442,0,0.000,17.861,1.531,0.426,0.167,nan
591,no_output,nan,0.000,0,0.000,0.000,nan,0,nan,161.249,0,0.000,18.190,1.406,0.407,0.167,nan
592,no_output,nan,0.000,0,0.000,0.000,nan,0,nan,100.680,0,0.000,17.908,1.370,0.460,0.163,nan
593,no_output,nan,0.000,0,0.000,0.000,nan,0,nan,85.413,0,0.000,18.258,1.682,0.430,0.179,nan
594,no_output,nan,0.000,0,0.000,0.000,nan,0,nan,96.756,0,0.000,18.373,1.731,0.418,0.183,nan
595,no_output,nan,0.000,0,0.000,0.000,nan,0,nan,125.430,0,0.000,17.977,1.447,0.403,0.171,nan
596,no_output,nan,0.000,0,0.000,0.000,nan,0,nan,116.571,0,0.000,17.998,1.440,0.449,0.167,nan
597,no_output,nan,0.000,0,0.000,0.000,nan,0,nan,132.929,0,0.000,17.912,1.407,0.437,0.175,nan
598,no_output,nan,0.000,0,0.000,0.000,nan,0,nan,100.898,0,0.000,18.101,1.426,0.437,0.179,nan
599,no_output,nan,0.000,0,0.000,0.000,nan,0,nan,141.709,0,0.000,18.071,1.894,0.418,0.183,nan
600,no_output,nan,0.000,0,0.000,0.000,nan,0,nan,111.747,0,0.000,18.270,1.788,0.411,0.141,nan
601,no_output,nan,0.000,0,0.000,0.000,nan,0,nan,120.269,0,0.000,18.296,1.934,0.422,0.167,nan
602,no_output,nan,0.000,0,0.000,0.000,nan,0,nan,101.135,0,0.000,18.490,1.995,0.418,0.171,nan
603,no_output,nan,0.000,0,0.000,0.000,nan,0,nan,88.990,0,0.000,18.155,2.560,0.471,0.183,nan
604,no_output,nan,0.000,0,0.000,0.000,nan,0,nan,124.431,0,0.000,17.824,1.546,0.433,0.179,nan
605,no_output,nan,0.000,0,0.000,0.000,nan,0,nan,137.797,0,0.000,17.939,1.616,0.411,0.163,nan
606,no_output,nan,0.000,0,0.000,0.000,nan,0,nan,124.988,0,0.000,17.852,1.604,0.376,0.183,nan
607,no_output,nan,0.000,0,0.000,0.000,nan,0,nan,98.693,0,0.000,17.692,1.588,0.418,0.175,nan
608,no_output,nan,0.000,0,0.000,0.000,nan,0,nan,103.149,0,0.000,17.874,1.294,0.445,0.179,nan
609,no_output,nan,0.000,0,0.000,0.000,nan,0,nan,173.294,0,0.000,17.978,1.529,0.422,0.171,nan
610,no_output,nan,0.000,0,0.000,0.000,nan,0,nan,141.906,0,0.000,18.001,1.405,0.418,0.183,nan
611,no_output,nan,0.000,0,0.000,0.000,nan,0,nan,121.366,0,0.000,17.992,1.509,0.437,0.152,nan
612,no_output,nan,0.000,0,0.000,0.000,nan,0,nan,127.602,0,0.000,18.158,1.500,0.430,0.179,nan
613,no_output,nan,0.000,0,0.000,0.000,nan,0,nan,118.083,0,0.000,18.335,1.668,0.418,0.160,nan
614,no_output,nan,0.000,0,0.000,0.000,nan,0,nan,96.285,0,0.000,18.038,1.624,0.395,0.171,nan
615,no_output,nan,0.000,0,0.000,0.000,nan,0,nan,127.652,0,0.000,18.313,1.874,0.449,0.179,nan
616,no_output,nan,0.000,0,0.000,0.000,nan,0,nan,118.242,0,0.000,18.101,1.764,0.414,0.179,nan
617,no_output,nan,0.000,0,0.000,0.000,nan,0,nan,128.144,0,0.000,18.015,1.434,0.418,0.167,nan
618,no_output,nan,0.000,0,0.000,0.000,nan,0,nan,136.793,0,0.000,18.313,1.831,0.475,0.156,nan
619,no_output,nan,0.000,0,0.000,0.000,nan,0,nan,150.761,0,0.000,18.079,1.625,0.414,0.152,nan
620,no_output,nan,0.000,0,0.000,0.000,nan,0,nan,134.190,0,0.000,17.934,1.567,0.437,0.160,nan
621,no_output,nan,0.000,0,0.000,0.000,nan,0,nan,128.440,0,0.000,18.027,1.240,0.407,0.171,nan
622,no_output,nan,0.000,0,0.000,0.000,nan,0,nan,139.294,0,0.000,17.870,1.741,0.414,0.179,nan
623,no_output,nan,0.000,0,0.000,0.000,nan,0,nan,126.154,0,0.000,18.004,1.603,0.411,0.171,nan
624,no_output,nan,0.000,0,0.000,0.000,nan,0,nan,124.891,0,0.000,18.281,2.694,0.437,0.171,nan
625,no_output,nan,0.000,0,0.000,0.000,nan,0,nan,117.037,0,0.000,18.234,1.345,0.414,0.179,nan
626,no_output,nan,0.000,0,0.000,0.000,nan,0,nan,153.905,0,0.000,17.996,2.166,0.407,0.179,nan
627,no_output,nan,0.000,0,0.000,0.000,nan,0,nan,117.049,0,0.000,18.143,1.454,0.414,0.163,nan
628,no_output,nan,0.000,0,0.000,0.000,nan,0,nan,115.059,0,0.000,18.162,1.391,0.426,0.171,nan
629,no_output,nan,0.000,0,0.000,0.000,nan,0,nan,105.653,0,0.000,18.611,3.300,0.483,0.171,nan
630,no_output,nan,0.000,0,0.000,0.000,nan,0,nan,127.679,0,0.000,18.087,1.462,0.403,0.171,nan
631,no_output,nan,0.000,0,0.000,0.000,nan,0,nan,151.766,0,0.000,18.784,2.224,0.441,0.179,nan
632,no_output,nan,0.000,0,0.000,0.000,nan,0,nan,121.474,0,0.000,18.007,1.370,0.452,0.171,nan
633,no_output,nan,0.000,0,0.000,0.000,nan,0,nan,117.447,0,0.000,17.990,1.618,0.411,0.186,nan
634,no_output,nan,0.000,0,0.000,0.000,nan,0,nan,124.931,0,0.000,18.258,2.044,0.418,0.156,nan
635,no_output,nan,0.000,0,0.000,0.000,nan,0,nan,111.492,0,0.000,17.836,1.798,0.441,0.179,nan
636,no_output,nan,0.000,0,0.000,0.000,nan,0,nan,107.980,0,0.000,17.981,1.766,0.395,0.175,nan
637,no_output,nan,0.000,0,0.000,0.000,nan,0,nan,109.791,0,0.000,18.204,1.996,0.403,0.160,nan
638,no_output,nan,0.000,0,0.000,0.000,nan,0,nan,124.383,0,0.000,17.888,1.394,0.418,0.179,nan
639,no_output,nan,0.000,0,0.000,0.000,nan,0,nan,156.689,0,0.000,17.995,1.662,0.422,0.179,nan
640,no_output,nan,0.000,0,0.000,0.000,nan,0,nan,98.613,0,0.000,18.049,1.456,0.422,0.160,nan
641,no_output,nan,0.000,0,0.000,0.000,nan,0,nan,117.016,0,0.000,17.746,1.676,0.430,0.183,nan
642,no_output,nan,0.000,0,0.000,0.000,nan,0,nan,124.811,0,0.000,17.868,1.606,0.407,0.171,nan
643,no_output,nan,0.000,0,0.000,0.000,nan,0,nan,130.101,0,0.000,17.902,1.838,0.388,0.167,nan
644,no_output,nan,0.000,0,0.000,0.000,nan,0,nan,112.147,0,0.000,18.089,1.464,0.407,0.163,nan
645,no_output,nan,0.000,0,0.000,0.000,nan,0,nan,112.089,0,0.000,17.827,1.636,0.441,0.171,nan
646,no_output,nan,0.000,0,0.000,0.000,nan,0,nan,98.863,0,0.000,17.864,1.558,0.407,0.179,nan
647,no_output,nan,0.000,0,0.000,0.000,nan,0,nan,146.019,0,0.000,18.050,1.679,0.449,0.171,nan
648,no_output,nan,0.000,0,0.000,0.000,nan,0,nan,139.121,0,0.000,18.041,1.393,0.452,0.179,nan
649,no_output,nan,0.000,0,0.000,0.000,nan,0,nan,115.086,0,0.000,18.172,1.754,0.433,0.171,nan
650,no_output,nan,0.000,0,0.000,0.000,nan,0,nan,111.847,0,0.000,18.032,1.875,0.407,0.163,nan
651,no_output,nan,0.000,0,0.000,0.000,nan,0,nan,119.783,0,0.000,18.085,1.367,0.445,0.156,nan
652,no_output,nan,0.000,0,0.000,0.000,nan,0,nan,117.266,0,0.000,18.275,1.745,0.437,0.163,nan
653,no_output,nan,0.000,0,0.000,0.000,nan,0,nan,94.910,0,0.000,17.897,1.524,0.445,0.163,nan
654,no_output,nan,0.000,0,0.000,0.000,nan,0,nan,128.521,0,0.000,18.022,1.559,0.418,0.163,nan
655,no_output,nan,0.000,0,0.000,0.000,nan,0,nan,100.998,0,0.000,17.992,2.132,0.418,0.179,nan
656,no_output,nan,0.000,0,0.000,0.000,nan,0,nan,107.431,0,0.000,17.875,1.651,0.445,0.171,nan
657,no_output,nan,0.000,0,0.000,0.000,nan,0,nan,146.199,0,0.000,18.139,1.728,0.433,0.171,nan
658,no_output,nan,0.000,0,0.000,0.000,nan,0,nan,102.108,0,0.000,17.798,1.582,0.426,0.183,nan
659,no_output,nan,0.000,0,0.000,0.000,nan,0,nan,132.059,0,0.000,18.307,1.462,0.430,0.171,nan
660,no_output,nan,0.000,0,0.000,0.000,nan,0,nan,112.255,0,0.000,18.312,1.744,0.445,0.163,nan
661,no_output,nan,0.000,0,0.000,0.000,nan,0,nan,116.601,0,0.000,18.189,1.615,0.380,0.179,nan
662,no_output,nan,0.000,0,0.000,0.000,nan,0,nan,95.405,0,0.000,17.965,1.356,0.414,0.179,nan
663,no_output,nan,0.000,0,0.000,0.000,nan,0,nan,108.955,0,0.000,18.275,1.391,0.411,0.163,nan
664,no_output,nan,0.000,0,0.000,0.000,nan,0,nan,126.863,0,0.000,17.914,1.292,0.433,0.171,nan
665,no_output,nan,0.000,0,0.000,0.000,nan,0,nan,128.277,0,0.000,18.170,1.779,0.399,0.163,nan
666,no_output,nan,0.000,0,0.000,0.000,nan,0,nan,108.528,0,0.000,18.073,1.726,0.403,0.167,nan
667,no_output,nan,0.000,0,0.000,0.000,nan,0,nan,123.601,0,0.000,18.034,1.646,0.399,0.179,nan
668,no_output,nan,0.000,0,0.000,0.000,nan,0,nan,104.881,0,0.000,18.098,1.542,0.433,0.171,nan
669,no_output,nan,0.000,0,0.000,0.000,nan,0,nan,124.419,0,0.000,18.030,1.712,0.407,0.179,nan
670,no_output,nan,0.000,0,0.000,0.000,nan,0,nan,141.627,0,0.000,18.114,1.853,0.445,0.163,nan
671,no_output,nan,0.000,0,0.000,0.000,nan,0,nan,115.616,0,0.000,17.971,1.355,0.395,0.171,nan
672,no_output,nan,0.000,0,0.000,0.000,nan,0,nan,103.249,0,0.000,18.289,2.385,0.426,0.171,nan
673,no_output,nan,0.000,0,0.000,0.000,nan,0,nan,104.333,0,0.000,18.128,1.503,0.468,0.175,nan
674,no_output,nan,0.000,0,0.000,0.000,nan,0,nan,132.262,0,0.000,17.943,1.478,0.445,0.179,nan
675,no_output,nan,0.000,0,0.000,0.000,nan,0,nan,133.503,0,0.000,18.156,1.707,0.392,0.179,nan
676,no_output,nan,0.000,0,0.000,0.000,nan,0,nan,115.505,0,0.000,17.842,1.742,0.399,0.183,nan
677,no_output,nan,0.000,0,0.000,0.000,nan,0,nan,116.380,0,0.000,17.848,1.528,0.399,0.175,nan
678,no_output,nan,0.000,0,0.000,0.000,nan,0,nan,150.892,0,0.000,18.476,1.642,0.426,0.183,nan
679,no_output,nan,0.000,0,0.000,0.000,nan,0,nan,110.572,0,0.000,18.247,1.604,0.414,0.175,nan
680,no_output,nan,0.000,0,0.000,0.000,nan,0,nan,120.548,0,0.000,18.021,1.570,0.411,0.175,nan
681,no_output,nan,0.000,0,0.000,0.000,nan,0,nan,146.399,0,0.000,18.204,1.905,0.437,0.183,nan
682,no_output,nan,0.000,0,0.000,0.000,nan,0,nan,105.350,0,0.000,18.049,1.635,0.437,0.183,nan
683,no_output,nan,0.000,0,0.000,0.000,nan,0,nan,144.517,0,0.000,18.299,1.726,0.407,0.160,nan
684,no_output,nan,0.000,0,0.000,0.000,nan,0,nan,84.082,0,0.000,17.939,1.309,0.441,0.156,nan
685,no_output,nan,0.000,0,0.000,0.000,nan,0,nan,118.767,0,0.000,17.862,1.452,0.411,0.183,nan
686,no_output,nan,0.000,0,0.000,0.000,nan,0,nan,114.110,0,0.000,17.980,1.744,0.449,0.160,nan
687,no_output,nan,0.000,0,0.000,0.000,nan,0,nan,116.781,0,0.000,17.954,1.360,0.395,0.160,nan
688,no_output,nan,0.000,0,0.000,0.000,nan,0,nan,138.934,0,0.000,17.877,1.604,0.422,0.186,nan
689,no_output,nan,0.000,0,0.000,0.000,nan,0,nan,145.811,0,0.000,18.095,1.684,0.426,0.186,nan
690,no_output,nan,0.000,0,0.000,0.000,nan,0,nan,109.972,0,0.000,18.032,1.270,0.418,0.179,nan
691,no_output,nan,0.000,0,0.000,0.000,nan,0,nan,109.967,0,0.000,18.303,1.881,0.433,0.179,nan
692,no_output,nan,0.000,0,0.000,0.000,nan,0,nan,106.586,0,0.000,18.196,2.974,0.411,0.152,nan
693,no_output,nan,0.000,0,0.000,0.000,nan,0,nan,79.736,0,0.000,17.881,1.595,0.433,0.171,nan
694,no_output,nan,0.000,0,0.000,0.000,nan,0,nan,121.444,0,0.000,18.040,1.662,0.411,0.179,nan
695,no_output,nan,0.000,0,0.000,0.000,nan,0,nan,118.219,0,0.000,18.062,1.479,0.452,0.163,nan
696,no_output,nan,0.000,0,0.000,0.000,nan,0,nan,134.128,0,0.000,18.055,1.332,0.441,0.175,nan
697,no_output,nan,0.000,0,0.000,0.000,nan,0,nan,115.865,0,0.000,17.919,1.500,0.456,0.175,nan
698,no_output,nan,0.000,0,0.000,0.000,nan,0,nan,93.373,0,0.000,17.909,1.575,0.437,0.171,nan
699,no_output,nan,0.000,0,0.000,0.000,nan,0,nan,116.231,0,0.000,17.938,1.424,0.430,0.183,nan
700,no_output,nan,0.000,0,0.000,0.000,nan,0,nan,97.375,0,0.000,18.273,1.819,0.433,0.186,nan
701,no_output,nan,0.000,0,0.000,0.000,nan,0,nan,105.955,0,0.000,18.179,1.525,0.414,0.171,nan
702,no_output,nan,0.000,0,0.000,0.000,nan,0,nan,114.438,0,0.000,17.834,1.427,0.411,0.179,nan
703,no_output,nan,0.000,0,0.000,0.000,nan,0,nan,159.312,0,0.000,18.151,1.583,0.373,0.179,nan
704,no_output,nan,0.000,0,0.000,0.000,nan,0,nan,106.329,0,0.000,18.056,1.514,0.395,0.179,nan
705,no_output,nan,0.000,0,0.000,0.000,nan,0,nan,159.127,0,0.000,18.020,1.619,0.433,0.179,nan
706,no_output,nan,0.000,0,0.000,0.000,nan,0,nan,122.427,0,0.000,17.952,1.440,0.418,0.183,nan
707,no_output,nan,0.000,0,0.000,0.000,nan,0,nan,119.221,0,0.000,17.853,1.509,0.422,0.179,nan
708,no_output,nan,0.000,0,0.000,0.000,nan,0,nan,103.169,0,0.000,17.875,1.696,0.407,0.171,nan
709,no_output,nan,0.000,0,0.000,0.000,nan,0,nan,154.589,0,0.000,18.760,4.895,0.376,0.179,nan
710,no_output,nan,0.000,0,0.000,0.000,nan,0,nan,104.262,0,0.000,18.094,1.579,0.445,0.175,nan
711,no_output,nan,0.000,0,0.000,0.000,nan,0,nan,102.835,0,0.000,18.116,1.294,0.407,0.179,nan
712,no_output,nan,0.000,0,0.000,0.000,nan,0,nan,144.003,0,0.000,17.786,1.359,0.452,0.175,nan
713,no_output,nan,0.000,0,0.000,0.000,nan,0,nan,147.485,0,0.000,18.100,1.625,0.403,0.186,nan
714,no_output,nan,0.000,0,0.000,0.000,nan,0,nan,134.869,0,0.000,18.063,1.723,0.445,0.175,nan
715,no_output,nan,0.000,0,0.000,0.000,nan,0,nan,108.985,0,0.000,17.829,1.360,0.487,0.171,nan
716,no_output,nan,0.000,0,0.000,0.000,nan,0,nan,98.772,0,0.000,18.050,1.565,0.384,0.163,nan
717,no_output,nan,0.000,0,0.000,0.000,nan,0,nan,130.386,0,0.000,18.152,1.436,0.441,0.163,nan
718,no_output,nan,0.000,0,0.000,0.000,nan,0,nan,106.228,0,0.000,17.853,1.552,0.411,0.171,nan
719,no_output,nan,0.000,0,0.000,0.000,nan,0,nan,91.296,0,0.000,18.125,1.423,0.468,0.163,nan
720,no_output,nan,0.000,0,0.000,0.000,nan,0,nan,114.442,0,0.000,17.973,1.361,0.426,0.179,nan
721,no_output,nan,0.000,0,0.000,0.000,nan,0,nan,144.213,0,0.000,18.441,2.266,0.407,0.183,nan
722,no_output,nan,0.000,0,0.000,0.000,nan,0,nan,109.413,0,0.000,17.907,1.516,0.437,0.171,nan
723,no_output,nan,0.000,0,0.000,0.000,nan,0,nan,125.548,0,0.000,18.024,1.586,0.452,0.179,nan
724,no_output,nan,0.000,0,0.000,0.000,nan,0,nan,124.809,0,0.000,17.961,1.768,0.437,0.175,nan
725,no_output,nan,0.000,0,0.000,0.000,nan,0,nan,125.813,0,0.000,18.023,1.400,0.418,0.179,nan
726,no_output,nan,0.000,0,0.000,0.000,nan,0,nan,158.136,0,0.000,17.981,1.413,0.411,0.179,nan
727,no_output,nan,0.000,0,0.000,0.000,nan,0,nan,127.752,0,0.000,18.288,1.692,0.441,0.163,nan
728,no_output,nan,0.000,0,0.000,0.000,nan,0,nan,137.553,0,0.000,18.055,1.433,0.418,0.190,nan
729,no_output,nan,0.000,0,0.000,0.000,nan,0,nan,132.062,0,0.000,18.022,1.758,0.437,0.179,nan
730,no_output,nan,0.000,0,0.000,0.000,nan,0,nan,82.980,0,0.000,18.257,2.428,0.426,0.171,nan
731,no_output,nan,0.000,0,0.000,0.000,nan,0,nan,128.702,0,0.000,17.943,1.475,0.414,0.179,nan
732,no_output,nan,0.000,0,0.000,0.000,nan,0,nan,152.676,0,0.000,18.075,1.629,0.449,0.183,nan
733,no_output,nan,0.000,0,0.000,0.000,nan,0,nan,123.149,0,0.000,18.368,2.367,0.441,0.160,nan
734,no_output,nan,0.000,0,0.000,0.000,nan,0,nan,111.771,0,0.000,17.982,1.333,0.471,0.171,nan
735,no_output,nan,0.000,0,0.000,0.000,nan,0,nan,100.318,0,0.000,18.050,1.597,0.422,0.171,nan
736,no_output,nan,0.000,0,0.000,0.000,nan,0,nan,149.982,0,0.000,18.024,1.709,0.399,0.175,nan
737,no_output,nan,0.000,0,0.000,0.000,nan,0,nan,140.957,0,0.000,18.160,1.253,0.445,0.179,nan
738,no_output,nan,0.000,0,0.000,0.000,nan,0,nan,138.586,0,0.000,17.823,1.401,0.433,0.183,nan
739,no_output,nan,0.000,0,0.000,0.000,nan,0,nan,111.813,0,0.000,18.018,1.431,0.441,0.171,nan
740,no_output,nan,0.000,0,0.000,0.000,nan,0,nan,133.310,0,0.000,17.881,1.587,0.418,0.156,nan
741,no_output,nan,0.000,0,0.000,0.000,nan,0,nan,149.397,0,0.000,17.971,1.526,0.414,0.179,nan
742,no_output,nan,0.000,0,0.000,0.000,nan,0,nan,130.550,0,0.000,17.927,1.455,0.388,0.171,nan
743,no_output,nan,0.000,0,0.000,0.000,nan,0,nan,100.467,0,0.000,18.258,1.317,0.445,0.183,nan
744,no_output,nan,0.000,0,0.000,0.000,nan,0,nan,122.380,0,0.000,17.972,1.332,0.437,0.186,nan
745,no_output,nan,0.000,0,0.000,0.000,nan,0,nan,106.941,0,0.000,17.876,1.706,0.418,0.160,nan
746,no_output,nan,0.000,0,0.000,0.000,nan,0,nan,119.483,0,0.000,17.878,1.797,0.407,0.179,nan
747,no_output,nan,0.000,0,0.000,0.000,nan,0,nan,122.816,0,0.000,17.842,1.547,0.403,0.175,nan
748,no_output,nan,0.000,0,0.000,0.000,nan,0,nan,140.952,0,0.000,18.087,1.673,0.380,0.179,nan
749,no_output,nan,0.000,0,0.000,0.000,nan,0,nan,78.043,0,0.000,18.063,1.385,0.411,0.171,nan
750,no_output,nan,0.000,0,0.000,0.000,nan,0,nan,140.906,0,0.000,17.978,1.500,0.445,0.179,nan
751,no_output,nan,0.000,0,0.000,0.000,nan,0,nan,120.175,0,0.000,18.403,1.723,0.449,0.171,nan
752,no_output,nan,0.000,0,0.000,0.000,nan,0,nan,87.901,0,0.000,17.984,1.421,0.426,0.163,nan
753,no_output,nan,0.000,0,0.000,0.000,nan,0,nan,151.238,0,0.000,18.013,1.437,0.380,0.179,nan
754,no_output,nan,0.000,0,0.000,0.000,nan,0,nan,127.194,0,0.000,18.187,1.462,0.437,0.171,nan
755,no_output,nan,0.000,0,0.000,0.000,nan,0,nan,122.404,0,0.000,17.932,1.438,0.445,0.171,nan
756,no_output,nan,0.000,0,0.000,0.000,nan,0,nan,129.808,0,0.000,18.056,1.563,0.441,0.171,nan
757,no_output,nan,0.000,0,0.000,0.000,nan,0,nan,132.770,0,0.000,17.912,1.659,0.452,0.152,nan
758,no_output,nan,0.000,0,0.000,0.000,nan,0,nan,115.559,0,0.000,18.058,1.691,0.422,0.175,nan
759,no_output,nan,0.000,0,0.000,0.000,nan,0,nan,88.661,0,0.000,17.925,1.405,0.430,0.183,nan
760,no_output,nan,0.000,0,0.000,0.000,nan,0,nan,124.404,0,0.000,18.019,1.627,0.411,0.156,nan
761,no_output,nan,0.000,0,0.000,0.000,nan,0,nan,137.624,0,0.000,17.880,1.286,0.407,0.167,nan
762,no_output,nan,0.000,0,0.000,0.000,nan,0,nan,133.477,0,0.000,18.197,1.960,0.411,0.171,nan
763,no_output,nan,0.000,0,0.000,0.000,nan,0,nan,118.588,0,0.000,18.110,1.862,0.437,0.160,nan
764,no_output,nan,0.000,0,0.000,0.000,nan,0,nan,135.859,0,0.000,18.090,1.327,0.426,0.171,nan
765,no_output,nan,0.000,0,0.000,0.000,nan,0,nan,142.081,0,0.000,18.923,3.677,0.376,0.179,nan
766,no_output,nan,0.000,0,0.000,0.000,nan,0,nan,105.801,0,0.000,17.877,1.564,0.418,0.160,nan
767,no_output,nan,0.000,0,0.000,0.000,nan,0,nan,97.203,0,0.000,18.054,1.574,0.407,0.171,nan
768,no_output,nan,0.000,0,0.000,0.000,nan,0,nan,137.994,0,0.000,17.914,1.379,0.426,0.171,nan
769,no_output,nan,0.000,0,0.000,0.000,nan,0,nan,138.015,0,0.000,17.893,1.691,0.418,0.163,nan
770,no_output,nan,0.000,0,0.000,0.000,nan,0,nan,143.947,0,0.000,18.084,1.432,0.411,0.179,nan
771,no_output,nan,0.000,0,0.000,0.000,nan,0,nan,104.136,0,0.000,18.125,1.487,0.445,0.183,nan
772,no_output,nan,0.000,0,0.000,0.000,nan,0,nan,106.455,0,0.000,17.943,1.454,0.414,0.163,nan
773,no_output,nan,0.000,0,0.000,0.000,nan,0,nan,118.099,0,0.000,18.213,1.569,0.430,0.171,nan
774,no_output,nan,0.000,0,0.000,0.000,nan,0,nan,116.204,0,0.000,18.478,2.485,0.426,0.171,nan
775,no_output,nan,0.000,0,0.000,0.000,nan,0,nan,106.116,0,0.000,17.972,1.435,0.430,0.179,nan
776,no_output,nan,0.000,0,0.000,0.000,nan,0,nan,123.589,0,0.000,18.009,1.393,0.430,0.183,nan
777,no_output,nan,0.000,0,0.000,0.000,nan,0,nan,108.829,0,0.000,17.993,1.566,0.422,0.167,nan
778,no_output,nan,0.000,0,0.000,0.000,nan,0,nan,106.187,0,0.000,18.236,2.393,0.441,0.167,nan
779,no_output,nan,0.000,0,0.000,0.000,nan,0,nan,80.622,0,0.000,18.015,1.473,0.422,0.179,nan
780,no_output,nan,0.000,0,0.000,0.000,nan,0,nan,133.174,0,0.000,17.952,1.512,0.433,0.171,nan
781,no_output,nan,0.000,0,0.000,0.000,nan,0,nan,135.790,0,0.000,18.014,1.887,0.399,0.171,nan
782,no_output,nan,0.000,0,0.000,0.000,nan,0,nan,112.785,0,0.000,18.270,2.547,0.403,0.171,nan
783,no_output,nan,0.000,0,0.000,0.000,nan,0,nan,127.860,0,0.000,17.964,1.356,0.430,0.171,nan
784,no_output,nan,0.000,0,0.000,0.000,nan,0,nan,118.832,0,0.000,18.069,1.646,0.399,0.179,nan
785,no_output,nan,0.000,0,0.000,0.000,nan,0,nan,135.189,0,0.000,18.452,2.154,0.460,0.171,nan
786,no_output,nan,0.000,0,0.000,0.000,nan,0,nan,165.071,0,0.000,17.892,1.528,0.445,0.167,nan
787,no_output,nan,0.000,0,0.000,0.000,nan,0,nan,139.094,0,0.000,18.036,1.694,0.407,0.179,nan
788,no_output,nan,0.000,0,0.000,0.000,nan,0,nan,106.239,0,0.000,17.938,1.736,0.441,0.175,nan
789,no_output,nan,0.000,0,0.000,0.000,nan,0,nan,129.631,0,0.000,18.179,1.868,0.414,0.171,nan
790,no_output,nan,0.000,0,0.000,0.000,nan,0,nan,100.249,0,0.000,18.179,1.558,0.407,0.179,nan
791,no_output,nan,0.000,0,0.000,0.000,nan,0,nan,148.558,0,0.000,17.720,1.715,0.422,0.183,nan
792,no_output,nan,0.000,0,0.000,0.000,nan,0,nan,104.335,0,0.000,18.398,1.824,0.407,0.179,nan
793,no_output,nan,0.000,0,0.000,0.000,nan,0,nan,127.196,0,0.000,17.970,1.736,0.426,0.167,nan
794,no_output,nan,0.000,0,0.000,0.000,nan,0,nan,123.660,0,0.000,17.968,1.546,0.445,0.179,nan
795,no_output,nan,0.000,0,0.000,0.000,nan,0,nan,103.348,0,0.000,18.004,1.990,0.433,0.163,nan
796,no_output,nan,0.000,0,0.000,0.000,nan,0,nan,118.456,0,0.000,17.940,1.375,0.437,0.186,nan
797,no_output,nan,0.000,0,0.000,0.000,nan,0,nan,107.589,0,0.000,17.897,1.337,0.407,0.171,nan
798,no_output,nan,0.000,0,0.000,0.000,nan,0,nan,116.932,0,0.000,18.233,1.703,0.433,0.171,nan
799,no_output,nan,0.000,0,0.000,0.000,nan,0,nan,155.612,0,0.000,18.056,1.616,0.426,0.175,nan
800,no_output,nan,0.000,0,0.000,0.000,nan,0,nan,144.355,0,0.000,17.823,1.652,0.426,0.160,nan
801,no_output,nan,0.000,0,0.000,0.000,nan,0,nan,100.031,0,0.000,17.842,1.703,0.411,0.179,nan
802,no_output,nan,0.000,0,0.000,0.000,nan,0,nan,132.991,0,0.000,18.038,1.365,0.411,0.186,nan
803,no_output,nan,0.000,0,0.000,0.000,nan,0,nan,116.310,0,0.000,18.084,1.554,0.433,0.171,nan
804,no_output,nan,0.000,0,0.000,0.000,nan,0,nan,116.179,0,0.000,17.860,1.618,0.460,0.175,nan
805,no_output,nan,0.000,0,0.000,0.000,nan,0,nan,138.127,0,0.000,17.931,1.496,0.437,0.179,nan
806,no_output,nan,0.000,0,0.000,0.000,nan,0,nan,116.289,0,0.000,17.952,1.724,0.422,0.179,nan
807,no_output,nan,0.000,0,0.000,0.000,nan,0,nan,122.213,0,0.000,18.049,1.704,0.414,0.171,nan
808,no_output,nan,0.000,0,0.000,0.000,nan,0,nan,102.755,0,0.000,18.157,1.407,0.430,0.179,nan
809,no_output,nan,0.000,0,0.000,0.000,nan,0,nan,98.908,0,0.000,18.009,1.527,0.395,0.179,nan
810,no_output,nan,0.000,0,0.000,0.000,nan,0,nan,107.563,0,0.000,17.921,1.576,0.407,0.171,nan
811,no_output,nan,0.000,0,0.000,0.000,nan,0,nan,137.062,0,0.000,18.193,1.830,0.449,0.183,nan
812,no_output,nan,0.000,0,0.000,0.000,nan,0,nan,132.347,0,0.000,17.893,1.477,0.418,0.179,nan
813,no_output,nan,0.000,0,0.000,0.000,nan,0,nan,103.941,0,0.000,17.851,1.459,0.426,0.171,nan
814,no_output,nan,0.000,0,0.000,0.000,nan,0,nan,133.544,0,0.000,18.051,1.474,0.392,0.179,nan
815,no_output,nan,0.000,0,0.000,0.000,nan,0,nan,116.396,0,0.000,17.819,1.479,0.418,0.175,nan
816,no_output,nan,0.000,0,0.000,0.000,nan,0,nan,78.873,0,0.000,17.911,1.726,0.411,0.183,nan
817,no_output,nan,0.000,0,0.000,0.000,nan,0,nan,116.710,0,0.000,17.927,1.846,0.433,0.163,nan
818,no_output,nan,0.000,0,0.000,0.000,nan,0,nan,101.234,0,0.000,17.893,1.592,0.437,0.190,nan
819,no_output,nan,0.000,0,0.000,0.000,nan,0,nan,147.357,0,0.000,17.871,1.461,0.449,0.179,nan
820,no_output,nan,0.000,0,0.000,0.000,nan,0,nan,123.163,0,0.000,17.936,1.473,0.414,0.179,nan
821,no_output,nan,0.000,0,0.000,0.000,nan,0,nan,111.649,0,0.000,17.978,1.478,0.445,0.163,nan
822,no_output,nan,0.000,0,0.000,0.000,nan,0,nan,104.074,0,0.000,18.160,1.788,0.468,0.171,nan
823,no_output,nan,0.000,0,0.000,0.000,nan,0,nan,98.953,0,0.000,18.070,1.624,0.392,0.171,nan
824,no_output,nan,0.000,0,0.000,0.000,nan,0,nan,122.216,0,0.000,17.966,1.284,0.380,0.171,nan
825,no_output,nan,0.000,0,0.000,0.000,nan,0,nan,92.136,0,0.000,17.855,1.620,0.426,0.179,nan
826,no_output,nan,0.000,0,0.000,0.000,nan,0,nan,129.273,0,0.000,17.944,1.346,0.426,0.179,nan
827,no_output,nan,0.000,0,0.000,0.000,nan,0,nan,110.805,0,0.000,18.064,1.421,0.445,0.163,nan
828,no_output,nan,0.000,0,0.000,0.000,nan,0,nan,112.408,0,0.000,17.876,1.623,0.449,0.160,nan
829,no_output,nan,0.000,0,0.000,0.000,nan,0,nan,140.972,0,0.000,18.566,2.710,0.418,0.175,nan
830,no_output,nan,0.000,0,0.000,0.000,nan,0,nan,124.497,0,0.000,18.214,1.623,0.418,0.167,nan
831,no_output,nan,0.000,0,0.000,0.000,nan,0,nan,140.118,0,0.000,17.874,1.411,0.452,0.160,nan
832,no_output,nan,0.000,0,0.000,0.000,nan,0,nan,136.790,0,0.000,17.961,1.538,0.403,0.171,nan
833,no_output,nan,0.000,0,0.000,0.000,nan,0,nan,106.820,0,0.000,17.912,1.553,0.426,0.179,nan
834,no_output,nan,0.000,0,0.000,0.000,nan,0,nan,115.741,0,0.000,17.649,2.011,0.437,0.183,nan
835,no_output,nan,0.000,0,0.000,0.000,nan,0,nan,131.272,0,0.000,17.916,1.542,0.430,0.183,nan
836,no_output,nan,0.000,0,0.000,0.000,nan,0,nan,128.956,0,0.000,17.962,1.593,0.422,0.171,nan
837,no_output,nan,0.000,0,0.000,0.000,nan,0,nan,114.343,0,0.000,17.998,1.631,0.437,0.171,nan
838,no_output,nan,0.000,0,0.000,0.000,nan,0,nan,127.411,0,0.000,17.975,1.550,0.422,0.186,nan
839,no_output,nan,0.000,0,0.000,0.000,nan,0,nan,147.883,0,0.000,17.983,1.412,0.407,0.179,nan
840,no_output,nan,0.000,0,0.000,0.000,nan,0,nan,127.387,0,0.000,18.254,1.618,0.430,0.179,nan
841,no_output,nan,0.000,0,0.000,0.000,nan,0,nan,157.394,0,0.000,18.357,2.055,0.403,0.179,nan
842,no_output,nan,0.000,0,0.000,0.000,nan,0,nan,119.139,0,0.000,18.220,1.550,0.395,0.171,nan
843,no_output,nan,0.000,0,0.000,0.000,nan,0,nan,127.273,0,0.000,18.517,1.857,0.437,0.183,nan
844,no_output,nan,0.000,0,0.000,0.000,nan,0,nan,130.289,0,0.000,18.962,2.490,0.399,0.179,nan
845,no_output,nan,0.000,0,0.000,0.000,nan,0,nan,118.693,0,0.000,17.966,1.605,0.430,0.171,nan
846,no_output,nan,0.000,0,0.000,0.000,nan,0,nan,129.825,0,0.000,17.890,1.567,0.418,0.175,nan
847,no_output,nan,0.000,0,0.000,0.000,nan,0,nan,151.181,0,0.000,17.836,1.603,0.399,0.183,nan
848,no_output,nan,0.000,0,0.000,0.000,nan,0,nan,107.087,0,0.000,17.833,1.444,0.422,0.171,nan
849,no_output,nan,0.000,0,0.000,0.000,nan,0,nan,106.020,0,0.000,17.959,1.402,0.445,0.179,nan
850,no_output,nan,0.000,0,0.000,0.000,nan,0,nan,108.614,0,0.000,18.261,1.502,0.407,0.179,nan
851,no_output,nan,0.000,0,0.000,0.000,nan,0,nan,131.584,0,0.000,19.167,4.804,0.414,0.171,nan
852,no_output,nan,0.000,0,0.000,0.000,nan,0,nan,71.996,0,0.000,18.038,1.483,0.395,0.163,nan
853,no_output,nan,0.000,0,0.000,0.000,nan,0,nan,142.862,0,0.000,18.281,1.745,0.399,0.179,nan
854,no_output,nan,0.000,0,0.000,0.000,nan,0,nan,115.039,0,0.000,18.000,1.406,0.445,0.171,nan
855,no_output,nan,0.000,0,0.000,0.000,nan,0,nan,130.656,0,0.000,18.322,1.932,0.437,0.163,nan
856,no_output,nan,0.000,0,0.000,0.000,nan,0,nan,130.993,0,0.000,18.035,1.559,0.437,0.171,nan
857,no_output,nan,0.000,0,0.000,0.000,nan,0,nan,124.411,0,0.000,18.149,1.494,0.445,0.183,nan
858,no_output,nan,0.000,0,0.000,0.000,nan,0,nan,100.889,0,0.000,18.190,1.557,0.430,0.171,nan
859,no_output,nan,0.000,0,0.000,0.000,nan,0,nan,137.542,0,0.000,17.931,1.433,0.392,0.175,nan
860,no_output,nan,0.000,0,0.000,0.000,nan,0,nan,112.684,0,0.000,17.929,1.408,0.411,0.190,nan
861,no_output,nan,0.000,0,0.000,0.000,nan,0,nan,128.057,0,0.000,17.977,1.332,0.426,0.175,nan
862,no_output,nan,0.000,0,0.000,0.000,nan,0,nan,81.831,0,0.000,18.001,1.334,0.437,0.171,nan
863,no_output,nan,0.000,0,0.000,0.000,nan,0,nan,111.199,0,0.000,18.348,1.687,0.445,0.179,nan
864,no_output,nan,0.000,0,0.000,0.000,nan,0,nan,110.164,0,0.000,18.085,1.575,0.426,0.167,nan
865,no_output,nan,0.000,0,0.000,0.000,nan,0,nan,116.805,0,0.000,17.902,1.793,0.452,0.175,nan
866,no_output,nan,0.000,0,0.000,0.000,nan,0,nan,102.110,0,0.000,18.743,2.421,0.414,0.163,nan
867,no_output,nan,0.000,0,0.000,0.000,nan,0,nan,147.409,0,0.000,17.948,1.843,0.422,0.156,nan
868,no_output,nan,0.000,0,0.000,0.000,nan,0,nan,113.722,0,0.000,17.974,1.578,0.426,0.175,nan
869,no_output,nan,0.000,0,0.000,0.000,nan,0,nan,130.551,0,0.000,18.237,2.276,0.414,0.171,nan
870,no_output,nan,0.000,0,0.000,0.000,nan,0,nan,93.106,0,0.000,17.972,1.336,0.407,0.163,nan
871,no_output,nan,0.000,0,0.000,0.000,nan,0,nan,101.685,0,0.000,17.870,1.415,0.430,0.175,nan
872,no_output,nan,0.000,0,0.000,0.000,nan,0,nan,120.209,0,0.000,18.148,1.447,0.407,0.171,nan
873,no_output,nan,0.000,0,0.000,0.000,nan,0,nan,108.227,0,0.000,17.969,1.177,0.399,0.179,nan
874,no_output,nan,0.000,0,0.000,0.000,nan,0,nan,123.493,0,0.000,18.272,2.440,0.384,0.179,nan
875,no_output,nan,0.000,0,0.000,0.000,nan,0,nan,111.191,0,0.000,18.066,1.522,0.433,0.167,nan
876,no_output,nan,0.000,0,0.000,0.000,nan,0,nan,128.449,0,0.000,18.161,1.596,0.418,0.179,nan
877,no_output,nan,0.000,0,0.000,0.000,nan,0,nan,129.138,0,0.000,17.944,1.494,0.456,0.171,nan
878,no_output,nan,0.000,0,0.000,0.000,nan,0,nan,108.824,0,0.000,17.945,1.617,0.411,0.175,nan
879,no_output,nan,0.000,0,0.000,0.000,nan,0,nan,145.714,0,0.000,17.904,1.470,0.426,0.171,nan
880,no_output,nan,0.000,0,0.000,0.000,nan,0,nan,99.301,0,0.000,18.085,1.284,0.411,0.190,nan
881,no_output,nan,0.000,0,0.000,0.000,nan,0,nan,154.979,0,0.000,18.069,1.529,0.426,0.179,nan
882,no_output,nan,0.000,0,0.000,0.000,nan,0,nan,120.399,0,0.000,18.773,2.951,0.433,0.171,nan
883,no_output,nan,0.000,0,0.000,0.000,nan,0,nan,105.866,0,0.000,17.850,1.438,0.418,0.160,nan
884,no_output,nan,0.000,0,0.000,0.000,nan,0,nan,122.582,0,0.000,18.036,1.384,0.437,0.183,nan
885,no_output,nan,0.000,0,0.000,0.000,nan,0,nan,114.558,0,0.000,17.976,1.407,0.418,0.171,nan
886,no_output,nan,0.000,0,0.000,0.000,nan,0,nan,109.809,0,0.000,17.861,1.583,0.456,0.186,nan
887,no_output,nan,0.000,0,0.000,0.000,nan,0,nan,95.276,0,0.000,18.471,1.894,0.403,0.179,nan
888,no_output,nan,0.000,0,0.000,0.000,nan,0,nan,119.264,0,0.000,18.123,1.535,0.411,0.160,nan
889,no_output,nan,0.000,0,0.000,0.000,nan,0,nan,124.981,0,0.000,17.813,1.464,0.426,0.171,nan
890,no_output,nan,0.000,0,0.000,0.000,nan,0,nan,118.044,0,0.000,18.023,1.367,0.422,0.171,nan
891,no_output,nan,0.000,0,0.000,0.000,nan,0,nan,116.301,0,0.000,17.844,1.386,0.414,0.183,nan
892,no_output,nan,0.000,0,0.000,0.000,nan,0,nan,109.328,0,0.000,17.818,1.594,0.411,0.183,nan
893,no_output,nan,0.000,0,0.000,0.000,nan,0,nan,127.303,0,0.000,17.955,1.707,0.430,0.160,nan
894,no_output,nan,0.000,0,0.000,0.000,nan,0,nan,157.365,0,0.000,18.533,2.383,0.395,0.179,nan
895,no_output,nan,0.000,0,0.000,0.000,nan,0,nan,110.643,0,0.000,17.801,1.596,0.380,0.179,nan
896,no_output,nan,0.000,0,0.000,0.000,nan,0,nan,103.013,0,0.000,18.362,1.971,0.452,0.163,nan
897,no_output,nan,0.000,0,0.000,0.000,nan,0,nan,154.860,0,0.000,18.173,1.582,0.418,0.179,nan
898,no_output,nan,0.000,0,0.000,0.000,nan,0,nan,113.930,0,0.000,17.978,1.530,0.445,0.171,nan
899,no_output,nan,0.000,0,0.000,0.000,nan,0,nan,95.782,0,0.000,17.917,1.512,0.433,0.163,nan
900,no_output,nan,0.000,0,0.000,0.000,nan,0,nan,145.803,0,0.000,17.836,1.451,0.411,0.179,nan
901,no_output,nan,0.000,0,0.000,0.000,nan,0,nan,140.272,0,0.000,18.239,1.567,0.441,0.163,nan
902,no_output,nan,0.000,0,0.000,0.000,nan,0,nan,103.546,0,0.000,17.671,1.554,0.452,0.171,nan
903,no_output,nan,0.000,0,0.000,0.000,nan,0,nan,129.134,0,0.000,18.265,1.521,0.395,0.179,nan
904,no_output,nan,0.000,0,0.000,0.000,nan,0,nan,103.665,0,0.000,17.874,1.601,0.426,0.179,nan
905,no_output,nan,0.000,0,0.000,0.000,nan,0,nan,138.080,0,0.000,17.825,1.546,0.426,0.160,nan
906,no_output,nan,0.000,0,0.000,0.000,nan,0,nan,110.520,0,0.000,18.364,1.644,0.441,0.179,nan
907,no_output,nan,0.000,0,0.000,0.000,nan,0,nan,108.748,0,0.000,17.781,1.529,0.433,0.171,nan
908,no_output,nan,0.000,0,0.000,0.000,nan,0,nan,128.853,0,0.000,18.136,1.308,0.422,0.171,nan
909,no_output,nan,0.000,0,0.000,0.000,nan,0,nan,106.653,0,0.000,17.996,1.278,0.426,0.171,nan
910,no_output,nan,0.000,0,0.000,0.000,nan,0,nan,124.727,0,0.000,18.116,1.932,0.430,0.171,nan
911,no_output,nan,0.000,0,0.000,0.000,nan,0,nan,114.510,0,0.000,17.877,1.391,0.422,0.179,nan
912,no_output,nan,0.000,0,0.000,0.000,nan,0,nan,102.185,0,0.000,18.034,1.271,0.437,0.163,nan
913,no_output,nan,0.000,0,0.000,0.000,nan,0,nan,91.475,0,0.000,17.935,1.512,0.456,0.183,nan
914,no_output,nan,0.000,0,0.000,0.000,nan,0,nan,88.245,0,0.000,17.970,1.814,0.414,0.175,nan
915,no_output,nan,0.000,0,0.000,0.000,nan,0,nan,156.555,0,0.000,17.765,1.631,0.395,0.171,nan
916,no_output,nan,0.000,0,0.000,0.000,nan,0,nan,154.305,0,0.000,18.078,1.508,0.399,0.171,nan
917,no_output,nan,0.000,0,0.000,0.000,nan,0,nan,136.433,0,0.000,17.863,1.591,0.418,0.171,nan
918,no_output,nan,0.000,0,0.000,0.000,nan,0,nan,119.993,0,0.000,18.049,1.509,0.407,0.156,nan
919,no_output,nan,0.000,0,0.000,0.000,nan,0,nan,122.387,0,0.000,18.051,1.568,0.426,0.171,nan
920,no_output,nan,0.000,0,0.000,0.000,nan,0,nan,142.818,0,0.000,19.064,3.303,0.422,0.171,nan
921,no_output,nan,0.000,0,0.000,0.000,nan,0,nan,129.634,0,0.000,17.956,1.737,0.414,0.179,nan
922,no_output,nan,0.000,0,0.000,0.000,nan,0,nan,115.230,0,0.000,18.120,1.433,0.395,0.167,nan
923,no_output,nan,0.000,0,0.000,0.000,nan,0,nan,130.195,0,0.000,18.012,1.827,0.433,0.179,nan
924,no_output,nan,0.000,0,0.000,0.000,nan,0,nan,112.810,0,0.000,17.788,1.537,0.460,0.171,nan
925,no_output,nan,0.000,0,0.000,0.000,nan,0,nan,116.705,0,0.000,18.055,1.347,0.437,0.183,nan
926,no_output,nan,0.000,0,0.000,0.000,nan,0,nan,182.308,0,0.000,17.933,1.514,0.433,0.144,nan
927,no_output,nan,0.000,0,0.000,0.000,nan,0,nan,127.645,0,0.000,18.344,1.859,0.403,0.171,nan
928,no_output,nan,0.000,0,0.000,0.000,nan,0,nan,120.011,0,0.000,18.027,1.459,0.426,0.163,nan
929,no_output,nan,0.000,0,0.000,0.000,nan,0,nan,101.553,0,0.000,18.678,2.377,0.399,0.152,nan
930,no_output,nan,0.000,0,0.000,0.000,nan,0,nan,128.113,0,0.000,17.869,1.518,0.384,0.179,nan
931,no_output,nan,0.000,0,0.000,0.000,nan,0,nan,112.506,0,0.000,18.010,1.584,0.437,0.179,nan
932,no_output,nan,0.000,0,0.000,0.000,nan,0,nan,134.424,0,0.000,17.964,1.552,0.403,0.186,nan
933,no_output,nan,0.000,0,0.000,0.000,nan,0,nan,77.408,0,0.000,17.895,1.752,0.437,0.179,nan
934,no_output,nan,0.000,0,0.000,0.000,nan,0,nan,130.032,0,0.000,17.960,1.783,0.441,0.167,nan
935,no_output,nan,0.000,0,0.000,0.000,nan,0,nan,135.428,0,0.000,17.942,1.281,0.414,0.179,nan
936,no_output,nan,0.000,0,0.000,0.000,nan,0,nan,118.840,0,0.000,17.898,1.396,0.414,0.179,nan
937,no_output,nan,0.000,0,0.000,0.000,nan,0,nan,136.697,0,0.000,18.098,1.512,0.418,0.171,nan
938,no_output,nan,0.000,0,0.000,0.000,nan,0,nan,129.112,0,0.000,17.830,1.742,0.418,0.179,nan
939,no_output,nan,0.000,0,0.000,0.000,nan,0,nan,150.533,0,0.000,18.456,2.033,0.403,0.167,nan
940,no_output,nan,0.000,0,0.000,0.000,nan,0,nan,87.096,0,0.000,18.127,1.617,0.414,0.183,nan
941,no_output,nan,0.000,0,0.000,0.000,nan,0,nan,100.351,0,0.000,18.760,3.186,0.437,0.160,nan
942,no_output,nan,0.000,0,0.000,0.000,nan,0,nan,99.253,0,0.000,18.045,1.376,0.437,0.171,nan
943,no_output,nan,0.000,0,0.000,0.000,nan,0,nan,123.967,0,0.000,18.022,1.699,0.414,0.163,nan
944,no_output,nan,0.000,0,0.000,0.000,nan,0,nan,116.651,0,0.000,17.973,1.464,0.449,0.163,nan
945,no_output,nan,0.000,0,0.000,0.000,nan,0,nan,119.546,0,0.000,17.801,1.400,0.411,0.179,nan
946,no_output,nan,0.000,0,0.000,0.000,nan,0,nan,135.847,0,0.000,18.015,1.269,0.376,0.179,nan
947,no_output,nan,0.000,0,0.000,0.000,nan,0,nan,71.001,0,0.000,18.230,1.285,0.418,0.163,nan
948,no_output,nan,0.000,0,0.000,0.000,nan,0,nan,134.396,0,0.000,18.017,1.782,0.399,0.179,nan
949,no_output,nan,0.000,0,0.000,0.000,nan,0,nan,128.466,0,0.000,18.093,1.591,0.437,0.171,nan
950,no_output,nan,0.000,0,0.000,0.000,nan,0,nan,117.913,0,0.000,17.873,1.582,0.449,0.175,nan
951,no_output,nan,0.000,0,0.000,0.000,nan,0,nan,117.653,0,0.000,18.061,1.544,0.430,0.179,nan
952,no_output,nan,0.000,0,0.000,0.000,nan,0,nan,134.361,0,0.000,17.823,1.845,0.456,0.179,nan
953,no_output,nan,0.000,0,0.000,0.000,nan,0,nan,121.716,0,0.000,18.075,1.421,0.418,0.179,nan
954,no_output,nan,0.000,0,0.000,0.000,nan,0,nan,84.866,0,0.000,18.023,1.200,0.441,0.179,nan
955,no_output,nan,0.000,0,0.000,0.000,nan,0,nan,135.998,0,0.000,17.941,1.248,0.433,0.171,nan
956,no_output,nan,0.000,0,0.000,0.000,nan,0,nan,121.323,0,0.000,18.054,1.528,0.437,0.179,nan
957,no_output,nan,0.000,0,0.000,0.000,nan,0,nan,80.961,0,0.000,17.930,1.826,0.426,0.186,nan
958,no_output,nan,0.000,0,0.000,0.000,nan,0,nan,109.009,0,0.000,18.565,2.272,0.380,0.183,nan
959,no_output,nan,0.000,0,0.000,0.000,nan,0,nan,114.193,0,0.000,17.849,1.459,0.430,0.179,nan
960,no_output,nan,0.000,0,0.000,0.000,nan,0,nan,106.639,0,0.000,17.825,1.472,0.433,0.171,nan
961,no_output,nan,0.000,0,0.000,0.000,nan,0,nan,135.027,0,0.000,18.146,1.435,0.411,0.179,nan
962,no_output,nan,0.000,0,0.000,0.000,nan,0,nan,91.346,0,0.000,18.308,1.647,0.430,0.186,nan
963,no_output,nan,0.000,0,0.000,0.000,nan,0,nan,137.051,0,0.000,17.981,1.465,0.418,0.190,nan
964,no_output,nan,0.000,0,0.000,0.000,nan,0,nan,121.347,0,0.000,18.009,1.611,0.403,0.156,nan
965,no_output,nan,0.000,0,0.000,0.000,nan,0,nan,104.693,0,0.000,17.928,1.510,0.403,0.171,nan
966,no_output,nan,0.000,0,0.000,0.000,nan,0,nan,107.125,0,0.000,18.061,1.312,0.441,0.179,nan
967,no_output,nan,0.000,0,0.000,0.000,nan,0,nan,140.651,0,0.000,17.976,1.553,0.449,0.179,nan
968,no_output,nan,0.000,0,0.000,0.000,nan,0,nan,129.874,0,0.000,17.931,1.423,0.437,0.179,nan
969,no_output,nan,0.000,0,0.000,0.000,nan,0,nan,141.434,0,0.000,19.135,4.342,0.407,0.163,nan
970,no_output,nan,0.000,0,0.000,0.000,nan,0,nan,142.068,0,0.000,17.920,1.386,0.433,0.186,nan
971,no_output,nan,0.000,0,0.000,0.000,nan,0,nan,111.978,0,0.000,18.115,1.410,0.407,0.144,nan
972,no_output,nan,0.000,0,0.000,0.000,nan,0,nan,107.355,0,0.000,18.386,2.121,0.414,0.160,nan
973,no_output,nan,0.000,0,0.000,0.000,nan,0,nan,107.859,0,0.000,18.057,1.352,0.445,0.171,nan
974,no_output,nan,0.000,0,0.000,0.000,nan,0,nan,136.214,0,0.000,18.175,1.615,0.407,0.163,nan
975,no_output,nan,0.000,0,0.000,0.000,nan,0,nan,117.431,0,0.000,18.027,1.755,0.437,0.171,nan
976,no_output,nan,0.000,0,0.000,0.000,nan,0,nan,159.195,0,0.000,18.009,1.785,0.445,0.171,nan
977,no_output,nan,0.000,0,0.000,0.000,nan,0,nan,99.954,0,0.000,18.253,1.991,0.380,0.179,nan
978,no_output,nan,0.000,0,0.000,0.000,nan,0,nan,105.165,0,0.000,17.825,1.616,0.433,0.163,nan
979,no_output,nan,0.000,0,0.000,0.000,nan,0,nan,138.188,0,0.000,17.883,1.717,0.407,0.179,nan
980,no_output,nan,0.000,0,0.000,0.000,nan,0,nan,105.349,0,0.000,18.266,1.557,0.418,0.179,nan
981,no_output,nan,0.000,0,0.000,0.000,nan,0,nan,107.510,0,0.000,18.029,1.354,0.395,0.167,nan
982,no_output,nan,0.000,0,0.000,0.000,nan,0,nan,113.848,0,0.000,18.099,1.758,0.430,0.167,nan
983,no_output,nan,0.000,0,0.000,0.000,nan,0,nan,118.144,0,0.000,17.853,1.337,0.430,0.163,nan
984,no_output,nan,0.000,0,0.000,0.000,nan,0,nan,139.670,0,0.000,18.025,1.465,0.456,0.179,nan
985,no_output,nan,0.000,0,0.000,0.000,nan,0,nan,105.071,0,0.000,18.049,1.452,0.430,0.171,nan
986,no_output,nan,0.000,0,0.000,0.000,nan,0,nan,139.655,0,0.000,17.840,1.391,0.426,0.183,nan
987,no_output,nan,0.000,0,0.000,0.000,nan,0,nan,137.153,0,0.000,18.036,1.362,0.430,0.183,nan
988,no_output,nan,0.000,0,0.000,0.000,nan,0,nan,91.620,0,0.000,18.441,2.203,0.426,0.179,nan
989,no_output,nan,0.000,0,0.000,0.000,nan,0,nan,125.617,0,0.000,18.741,2.713,0.350,0.179,nan
990,no_output,nan,0.000,0,0.000,0.000,nan,0,nan,151.939,0,0.000,18.115,1.899,0.418,0.171,nan
991,no_output,nan,0.000,0,0.000,0.000,nan,0,nan,99.309,0,0.000,17.979,1.685,0.426,0.171,nan
992,no_output,nan,0.000,0,0.000,0.000,nan,0,nan,116.294,0,0.000,17.870,1.627,0.426,0.171,nan
993,no_output,nan,0.000,0,0.000,0.000,nan,0,nan,138.398,0,0.000,18.260,1.571,0.407,0.167,nan
994,no_output,nan,0.000,0,0.000,0.000,nan,0,nan,146.793,0,0.000,17.931,1.554,0.418,0.183,nan
995,no_output,nan,0.000,0,0.000,0.000,nan,0,nan,118.702,0,0.000,17.926,1.275,0.414,0.171,nan
996,no_output,nan,0.000,0,0.000,0.000,nan,0,nan,139.733,0,0.000,17.987,1.507,0.403,0.167,nan
997,no_output,nan,0.000,0,0.000,0.000,nan,0,nan,148.884,0,0.000,18.008,1.486,0.411,0.179,nan
998,no_output,nan,0.000,0,0.000,0.000,nan,0,nan,90.830,0,0.000,17.927,1.504,0.426,0.179,nan
999,no_output,nan,0.000,0,0.000,0.000,nan,0,nan,108.053,0,0.000,18.057,1.423,0.407,0.171,nan
1000,no_output,nan,0.000,0,0.000,0.000,nan,0,nan,114.592,0,0.000,17.784,1.657,0.430,0.171,nan
1001,no_output,nan,0.000,0,0.000,0.000,nan,0,nan,104.857,0,0.000,18.298,1.476,0.422,0.171,nan
1002,no_output,nan,0.000,0,0.000,0.000,nan,0,nan,133.880,0,0.000,18.176,2.027,0.395,0.167,nan
1003,no_output,nan,0.000,0,0.000,0.000,nan,0,nan,97.795,0,0.000,17.947,1.515,0.430,0.179,nan
1004,no_output,nan,0.000,0,0.000,0.000,nan,0,nan,119.754,0,0.000,18.263,1.927,0.407,0.179,nan
1005,no_output,nan,0.000,0,0.000,0.000,nan,0,nan,115.243,0,0.000,17.914,1.556,0.426,0.186,nan
1006,no_output,nan,0.000,0,0.000,0.000,nan,0,nan,151.079,0,0.000,18.198,1.680,0.426,0.179,nan
1007,no_output,nan,0.000,0,0.000,0.000,nan,0,nan,134.788,0,0.000,18.037,1.455,0.403,0.163,nan
1008,no_output,nan,0.000,0,0.000,0.000,nan,0,nan,105.822,0,0.000,17.988,1.483,0.452,0.163,nan
1009,no_output,nan,0.000,0,0.000,0.000,nan,0,nan,96.988,0,0.000,17.903,1.639,0.445,0.179,nan
1010,no_output,nan,0.000,0,0.000,0.000,nan,0,nan,106.283,0,0.000,18.120,1.483,0.460,0.163,nan
1011,no_output,nan,0.000,0,0.000,0.000,nan,0,nan,149.081,0,0.000,18.016,1.503,0.437,0.160,nan
1012,no_output,nan,0.000,0,0.000,0.000,nan,0,nan,118.648,0,0.000,17.791,1.433,0.445,0.186,nan
1013,no_output,nan,0.000,0,0.000,0.000,nan,0,nan,134.383,0,0.000,18.199,1.486,0.433,0.171,nan
1014,no_output,nan,0.000,0,0.000,0.000,nan,0,nan,89.186,0,0.000,18.545,3.052,0.445,0.167,nan
1015,no_output,nan,0.000,0,0.000,0.000,nan,0,nan,118.696,0,0.000,18.350,2.365,0.433,0.171,nan
1016,no_output,nan,0.000,0,0.000,0.000,nan,0,nan,95.824,0,0.000,18.224,1.741,0.437,0.179,nan
1017,no_output,nan,0.000,0,0.000,0.000,nan,0,nan,99.964,0,0.000,17.921,1.518,0.407,0.190,nan
1018,no_output,nan,0.000,0,0.000,0.000,nan,0,nan,164.858,0,0.000,18.553,2.292,0.433,0.171,nan
1019,no_output,nan,0.000,0,0.000,0.000,nan,0,nan,114.864,0,0.000,17.935,1.450,0.471,0.171,nan
1020,no_output,nan,0.000,0,0.000,0.000,nan,0,nan,120.708,0,0.000,18.185,1.624,0.399,0.171,nan
1021,no_output,nan,0.000,0,0.000,0.000,nan,0,nan,132.536,0,0.000,17.966,1.390,0.422,0.179,nan
1022,no_output,nan,0.000,0,0.000,0.000,nan,0,nan,130.152,0,0.000,18.001,1.481,0.422,0.160,nan
1023,no_output,nan,0.000,0,0.000,0.000,nan,0,nan,105.369,0,0.000,17.800,1.532,0.437,0.171,nan
1024,no_output,nan,0.000,0,0.000,0.000,nan,0,nan,124.287,0,0.000,17.869,1.584,0.452,0.175,nan
1025,no_output,nan,0.000,0,0.000,0.000,nan,0,nan,106.557,0,0.000,18.038,1.597,0.433,0.171,nan
1026,no_output,nan,0.000,0,0.000,0.000,nan,0,nan,110.983,0,0.000,17.941,1.387,0.441,0.183,nan
1027,no_output,nan,0.000,0,0.000,0.000,nan,0,nan,102.832,0,0.000,18.084,2.095,0.392,0.179,nan
1028,no_output,nan,0.000,0,0.000,0.000,nan,0,nan,119.338,0,0.000,17.995,1.456,0.430,0.179,nan
1029,no_output,nan,0.000,0,0.000,0.000,nan,0,nan,111.658,0,0.000,17.947,1.365,0.426,0.167,nan
1030,no_output,nan,0.000,0,0.000,0.000,nan,0,nan,108.459,0,0.000,18.168,1.491,0.414,0.163,nan
1031,no_output,nan,0.000,0,0.000,0.000,nan,0,nan,116.855,0,0.000,18.138,1.548,0.426,0.179,nan
1032,no_output,nan,0.000,0,0.000,0.000,nan,0,nan,131.063,0,0.000,18.054,1.507,0.433,0.167,nan
1033,no_output,nan,0.000,0,0.000,0.000,nan,0,nan,115.027,0,0.000,17.855,1.337,0.430,0.186,nan
1034,no_output,nan,0.000,0,0.000,0.000,nan,0,nan,88.307,0,0.000,18.085,1.659,0.449,0.183,nan
1035,no_output,nan,0.000,0,0.000,0.000,nan,0,nan,147.568,0,0.000,17.968,1.574,0.407,0.160,nan
1036,no_output,nan,0.000,0,0.000,0.000,nan,0,nan,87.847,0,0.000,17.949,1.625,0.456,0.171,nan
1037,no_output,nan,0.000,0,0.000,0.000,nan,0,nan,126.460,0,0.000,17.958,1.597,0.426,0.171,nan
1038,no_output,nan,0.000,0,0.000,0.000,nan,0,nan,109.817,0,0.000,18.010,1.338,0.414,0.179,nan
1039,no_output,nan,0.000,0,0.000,0.000,nan,0,nan,108.084,0,0.000,17.960,1.513,0.422,0.179,nan
1040,no_output,nan,0.000,0,0.000,0.000,nan,0,nan,109.382,0,0.000,17.944,1.593,0.361,0.175,nan
1041,no_output,nan,0.000,0,0.000,0.000,nan,0,nan,135.574,0,0.000,18.253,1.538,0.418,0.167,nan
1042,no_output,nan,0.000,0,0.000,0.000,nan,0,nan,150.402,0,0.000,17.930,1.384,0.426,0.190,nan
1043,no_output,nan,0.000,0,0.000,0.000,nan,0,nan,109.962,0,0.000,17.884,1.409,0.430,0.171,nan
1044,no_output,nan,0.000,0,0.000,0.000,nan,0,nan,105.784,0,0.000,17.825,1.450,0.430,0.179,nan
1045,no_output,nan,0.000,0,0.000,0.000,nan,0,nan,130.955,0,0.000,18.415,1.488,0.445,0.163,nan
1046,no_output,nan,0.000,0,0.000,0.000,nan,0,nan,128.863,0,0.000,17.693,1.317,0.441,0.163,nan
1047,no_output,nan,0.000,0,0.000,0.000,nan,0,nan,123.490,0,0.000,18.343,1.769,0.399,0.163,nan
1048,no_output,nan,0.000,0,0.000,0.000,nan,0,nan,135.113,0,0.000,18.138,1.403,0.407,0.171,nan
1049,no_output,nan,0.000,0,0.000,0.000,nan,0,nan,131.054,0,0.000,18.533,3.016,0.373,0.179,nan
1050,no_output,nan,0.000,0,0.000,0.000,nan,0,nan,116.961,0,0.000,18.381,1.576,0.437,0.179,nan
1051,no_output,nan,0.000,0,0.000,0.000,nan,0,nan,117.529,0,0.000,17.833,1.468,0.426,0.160,nan
1052,no_output,nan,0.000,0,0.000,0.000,nan,0,nan,91.460,0,0.000,18.043,1.699,0.433,0.186,nan
1053,no_output,nan,0.000,0,0.000,0.000,nan,0,nan,121.878,0,0.000,18.023,1.284,0.384,0.171,nan
1054,no_output,nan,0.000,0,0.000,0.000,nan,0,nan,108.620,0,0.000,18.220,1.686,0.411,0.183,nan
1055,no_output,nan,0.000,0,0.000,0.000,nan,0,nan,124.736,0,0.000,17.917,1.889,0.422,0.179,nan
1056,no_output,nan,0.000,0,0.000,0.000,nan,0,nan,134.539,0,0.000,17.840,1.390,0.433,0.183,nan
1057,no_output,nan,0.000,0,0.000,0.000,nan,0,nan,104.773,0,0.000,17.950,1.619,0.414,0.171,nan
1058,no_output,nan,0.000,0,0.000,0.000,nan,0,nan,118.080,0,0.000,17.880,1.611,0.411,0.183,nan
1059,no_output,nan,0.000,0,0.000,0.000,nan,0,nan,139.102,0,0.000,17.968,1.640,0.422,0.183,nan
1060,no_output,nan,0.000,0,0.000,0.000,nan,0,nan,135.106,0,0.000,17.941,1.544,0.414,0.171,nan
1061,no_output,nan,0.000,0,0.000,0.000,nan,0,nan,96.127,0,0.000,17.882,1.316,0.399,0.156,nan
1062,no_output,nan,0.000,0,0.000,0.000,nan,0,nan,117.843,0,0.000,17.945,1.614,0.422,0.179,nan
1063,no_output,nan,0.000,0,0.000,0.000,nan,0,nan,115.244,0,0.000,18.326,1.591,0.399,0.171,nan
1064,no_output,nan,0.000,0,0.000,0.000,nan,0,nan,103.710,0,0.000,17.998,1.796,0.388,0.179,nan
1065,no_output,nan,0.000,0,0.000,0.000,nan,0,nan,154.173,0,0.000,18.080,1.711,0.445,0.179,nan
1066,no_output,nan,0.000,0,0.000,0.000,nan,0,nan,93.307,0,0.000,17.808,1.485,0.426,0.171,nan
1067,no_output,nan,0.000,0,0.000,0.000,nan,0,nan,122.003,0,0.000,17.962,1.664,0.399,0.183,nan
1068,no_output,nan,0.000,0,0.000,0.000,nan,0,nan,109.972,0,0.000,18.352,1.740,0.395,0.156,nan
1069,no_output,nan,0.000,0,0.000,0.000,nan,0,nan,108.932,0,0.000,18.193,1.607,0.414,0.175,nan
1070,no_output,nan,0.000,0,0.000,0.000,nan,0,nan,116.133,0,0.000,18.013,1.956,0.380,0.179,nan
1071,no_output,nan,0.000,0,0.000,0.000,nan,0,nan,146.518,0,0.000,18.000,1.727,0.430,0.179,nan
1072,no_output,nan,0.000,0,0.000,0.000,nan,0,nan,134.400,0,0.000,18.024,1.484,0.430,0.179,nan
1073,no_output,nan,0.000,0,0.000,0.000,nan,0,nan,123.348,0,0.000,17.992,1.530,0.361,0.175,nan
1074,no_output,nan,0.000,0,0.000,0.000,nan,0,nan,110.988,0,0.000,18.001,1.457,0.411,0.160,nan
1075,no_output,nan,0.000,0,0.000,0.000,nan,0,nan,128.778,0,0.000,18.557,1.838,0.433,0.156,nan
1076,no_output,nan,0.000,0,0.000,0.000,nan,0,nan,107.420,0,0.000,18.001,1.398,0.452,0.175,nan
1077,no_output,nan,0.000,0,0.000,0.000,nan,0,nan,81.645,0,0.000,18.345,1.706,0.411,0.183,nan
1078,no_output,nan,0.000,0,0.000,0.000,nan,0,nan,165.488,0,0.000,17.937,1.643,0.430,0.171,nan
1079,no_output,nan,0.000,0,0.000,0.000,nan,0,nan,123.376,0,0.000,17.920,1.606,0.422,0.183,nan
1080,no_output,nan,0.000,0,0.000,0.000,nan,0,nan,108.160,0,0.000,18.023,1.467,0.445,0.171,nan
1081,no_output,nan,0.000,0,0.000,0.000,nan,0,nan,145.147,0,0.000,18.349,1.673,0.392,0.179,nan
1082,no_output,nan,0.000,0,0.000,0.000,nan,0,nan,125.895,0,0.000,18.058,1.792,0.414,0.163,nan
1083,no_output,nan,0.000,0,0.000,0.000,nan,0,nan,126.730,0,0.000,18.110,1.911,0.430,0.179,nan
1084,no_output,nan,0.000,0,0.000,0.000,nan,0,nan,134.817,0,0.000,18.246,2.359,0.456,0.171,nan
1085,no_output,nan,0.000,0,0.000,0.000,nan,0,nan,135.639,0,0.000,17.952,1.679,0.418,0.171,nan
1086,no_output,nan,0.000,0,0.000,0.000,nan,0,nan,118.649,0,0.000,18.151,1.634,0.430,0.163,nan
1087,no_output,nan,0.000,0,0.000,0.000,nan,0,nan,120.261,0,0.000,17.991,1.788,0.426,0.179,nan
1088,no_output,nan,0.000,0,0.000,0.000,nan,0,nan,127.725,0,0.000,17.851,1.469,0.433,0.186,nan
1089,no_output,nan,0.000,0,0.000,0.000,nan,0,nan,126.961,0,0.000,18.040,1.405,0.449,0.160,nan
1090,no_output,nan,0.000,0,0.000,0.000,nan,0,nan,120.011,0,0.000,17.909,1.559,0.418,0.163,nan
1091,no_output,nan,0.000,0,0.000,0.000,nan,0,nan,88.438,0,0.000,18.108,1.653,0.441,0.175,nan
1092,no_output,nan,0.000,0,0.000,0.000,nan,0,nan,80.111,0,0.000,18.106,1.477,0.430,0.171,nan
1093,no_output,nan,0.000,0,0.000,0.000,nan,0,nan,202.877,0,0.000,18.214,1.769,0.399,0.179,nan
1094,no_output,nan,0.000,0,0.000,0.000,nan,0,nan,114.660,0,0.000,17.916,1.402,0.418,0.171,nan
1095,no_output,nan,0.000,0,0.000,0.000,nan,0,nan,135.576,0,0.000,18.267,1.789,0.392,0.175,nan
1096,no_output,nan,0.000,0,0.000,0.000,nan,0,nan,128.988,0,0.000,18.154,1.677,0.418,0.171,nan
1097,no_output,nan,0.000,0,0.000,0.000,nan,0,nan,133.079,0,0.000,17.881,1.784,0.445,0.175,nan
1098,no_output,nan,0.000,0,0.000,0.000,nan,0,nan,93.639,0,0.000,17.930,1.544,0.430,0.156,nan
1099,no_output,nan,0.000,0,0.000,0.000,nan,0,nan,110.540,0,0.000,18.029,1.388,0.464,0.179,nan
1100,no_output,nan,0.000,0,0.000,0.000,nan,0,nan,157.210,0,0.000,17.839,1.489,0.414,0.183,nan
1101,no_output,nan,0.000,0,0.000,0.000,nan,0,nan,87.820,0,0.000,17.911,1.476,0.433,0.163,nan
1102,no_output,nan,0.000,0,0.000,0.000,nan,0,nan,110.004,0,0.000,18.153,1.547,0.422,0.179,nan
1103,no_output,nan,0.000,0,0.000,0.000,nan,0,nan,121.709,0,0.000,17.840,1.434,0.418,0.175,nan
1104,no_output,nan,0.000,0,0.000,0.000,nan,0,nan,99.145,0,0.000,17.964,1.542,0.433,0.171,nan
1105,no_output,nan,0.000,0,0.000,0.000,nan,0,nan,183.155,0,0.000,17.897,1.553,0.437,0.167,nan
1106,no_output,nan,0.000,0,0.000,0.000,nan,0,nan,108.549,0,0.000,17.799,1.478,0.426,0.179,nan
1107,no_output,nan,0.000,0,0.000,0.000,nan,0,nan,157.449,0,0.000,18.114,1.571,0.445,0.175,nan
1108,no_output,nan,0.000,0,0.000,0.000,nan,0,nan,133.625,0,0.000,17.965,1.385,0.426,0.179,nan
1109,no_output,nan,0.000,0,0.000,0.000,nan,0,nan,146.277,0,0.000,17.984,1.267,0.452,0.179,nan
1110,no_output,nan,0.000,0,0.000,0.000,nan,0,nan,115.938,0,0.000,17.825,1.541,0.414,0.171,nan
1111,no_output,nan,0.000,0,0.000,0.000,nan,0,nan,132.160,0,0.000,17.969,1.632,0.411,0.156,nan
1112,no_output,nan,0.000,0,0.000,0.000,nan,0,nan,116.914,0,0.000,17.951,1.298,0.430,0.179,nan
1113,no_output,nan,0.000,0,0.000,0.000,nan,0,nan,139.642,0,0.000,18.374,2.114,0.392,0.179,nan
1114,no_output,nan,0.000,0,0.000,0.000,nan,0,nan,95.289,0,0.000,18.025,1.361,0.411,0.171,nan
1115,no_output,nan,0.000,0,0.000,0.000,nan,0,nan,125.317,0,0.000,17.916,1.359,0.433,0.183,nan
1116,no_output,nan,0.000,0,0.000,0.000,nan,0,nan,90.394,0,0.000,18.213,1.395,0.449,0.179,nan
1117,no_output,nan,0.000,0,0.000,0.000,nan,0,nan,147.475,0,0.000,17.988,1.309,0.430,0.167,nan
1118,no_output,nan,0.000,0,0.000,0.000,nan,0,nan,95.147,0,0.000,17.864,1.574,0.437,0.167,nan
1119,no_output,nan,0.000,0,0.000,0.000,nan,0,nan,105.787,0,0.000,17.648,1.538,0.418,0.183,nan
1120,no_output,nan,0.000,0,0.000,0.000,nan,0,nan,115.702,0,0.000,17.998,1.410,0.445,0.179,nan
1121,no_output,nan,0.000,0,0.000,0.000,nan,0,nan,130.874,0,0.000,18.608,2.365,0.430,0.179,nan
1122,no_output,nan,0.000,0,0.000,0.000,nan,0,nan,139.510,0,0.000,18.111,1.362,0.449,0.163,nan
1123,no_output,nan,0.000,0,0.000,0.000,nan,0,nan,120.942,0,0.000,17.914,1.316,0.430,0.179,nan
1124,no_output,nan,0.000,0,0.000,0.000,nan,0,nan,101.310,0,0.000,17.830,1.472,0.422,0.171,nan
1125,no_output,nan,0.000,0,0.000,0.000,nan,0,nan,112.090,0,0.000,18.150,1.810,0.418,0.171,nan
1126,no_output,nan,0.000,0,0.000,0.000,nan,0,nan,130.615,0,0.000,17.824,1.577,0.449,0.171,nan
1127,no_output,nan,0.000,0,0.000,0.000,nan,0,nan,89.501,0,0.000,17.801,1.585,0.414,0.156,nan
1128,no_output,nan,0.000,0,0.000,0.000,nan,0,nan,108.382,0,0.000,18.094,1.628,0.468,0.171,nan
1129,no_output,nan,0.000,0,0.000,0.000,nan,0,nan,113.998,0,0.000,17.938,1.544,0.456,0.175,nan
1130,no_output,nan,0.000,0,0.000,0.000,nan,0,nan,79.559,0,0.000,17.875,1.747,0.407,0.171,nan
1131,no_output,nan,0.000,0,0.000,0.000,nan,0,nan,126.758,0,0.000,18.063,1.708,0.392,0.179,nan
1132,no_output,nan,0.000,0,0.000,0.000,nan,0,nan,122.216,0,0.000,17.867,1.523,0.399,0.175,nan
1133,no_output,nan,0.000,0,0.000,0.000,nan,0,nan,113.716,0,0.000,18.326,1.865,0.407,0.179,nan
1134,no_output,nan,0.000,0,0.000,0.000,nan,0,nan,104.656,0,0.000,17.865,1.290,0.422,0.179,nan
1135,no_output,nan,0.000,0,0.000,0.000,nan,0,nan,100.603,0,0.000,17.979,1.325,0.449,0.171,nan
1136,no_output,nan,0.000,0,0.000,0.000,nan,0,nan,109.676,0,0.000,18.131,1.446,0.411,0.186,nan
1137,no_output,nan,0.000,0,0.000,0.000,nan,0,nan,95.342,0,0.000,18.004,1.637,0.437,0.171,nan
1138,no_output,nan,0.000,0,0.000,0.000,nan,0,nan,120.517,0,0.000,17.937,1.613,0.426,0.179,nan
1139,no_output,nan,0.000,0,0.000,0.000,nan,0,nan,143.399,0,0.000,18.085,1.745,0.426,0.194,nan
1140,no_output,nan,0.000,0,0.000,0.000,nan,0,nan,127.274,0,0.000,18.168,1.798,0.422,0.171,nan
1141,no_output,nan,0.000,0,0.000,0.000,nan,0,nan,120.041,0,0.000,17.949,1.678,0.445,0.160,nan
1142,no_output,nan,0.000,0,0.000,0.000,nan,0,nan,112.369,0,0.000,18.035,1.379,0.399,0.179,nan
1143,no_output,nan,0.000,0,0.000,0.000,nan,0,nan,131.624,0,0.000,18.034,1.480,0.403,0.167,nan
1144,no_output,nan,0.000,0,0.000,0.000,nan,0,nan,102.850,0,0.000,18.368,1.819,0.411,0.179,nan
1145,no_output,nan,0.000,0,0.000,0.000,nan,0,nan,105.100,0,0.000,18.053,1.820,0.380,0.179,nan
1146,no_output,nan,0.000,0,0.000,0.000,nan,0,nan,134.230,0,0.000,17.902,1.664,0.449,0.171,nan
1147,no_output,nan,0.000,0,0.000,0.000,nan,0,nan,142.522,0,0.000,18.006,1.474,0.422,0.171,nan
1148,no_output,nan,0.000,0,0.000,0.000,nan,0,nan,113.437,0,0.000,18.061,1.926,0.418,0.179,nan
1149,no_output,nan,0.000,0,0.000,0.000,nan,0,nan,130.687,0,0.000,18.105,1.643,0.452,0.163,nan
1150,no_output,nan,0.000,0,0.000,0.000,nan,0,nan,120.145,0,0.000,18.192,1.353,0.403,0.160,nan
1151,no_output,nan,0.000,0,0.000,0.000,nan,0,nan,115.394,0,0.000,18.744,2.231,0.399,0.167,nan
1152,no_output,nan,0.000,0,0.000,0.000,nan,0,nan,117.592,0,0.000,18.328,1.963,0.418,0.183,nan
1153,no_output,nan,0.000,0,0.000,0.000,nan,0,nan,106.190,0,0.000,18.279,1.824,0.437,0.171,nan
1154,no_output,nan,0.000,0,0.000,0.000,nan,0,nan,116.144,0,0.000,18.346,1.845,0.433,0.171,nan
1155,no_output,nan,0.000,0,0.000,0.000,nan,0,nan,155.555,0,0.000,18.055,1.566,0.433,0.179,nan
1156,no_output,nan,0.000,0,0.000,0.000,nan,0,nan,133.529,0,0.000,17.785,1.613,0.437,0.179,nan
1157,no_output,nan,0.000,0,0.000,0.000,nan,0,nan,93.768,0,0.000,18.134,2.241,0.437,0.179,nan
1158,no_output,nan,0.000,0,0.000,0.000,nan,0,nan,137.313,0,0.000,18.178,1.605,0.456,0.175,nan
1159,no_output,nan,0.000,0,0.000,0.000,nan,0,nan,144.676,0,0.000,17.916,2.017,0.433,0.171,nan
1160,no_output,nan,0.000,0,0.000,0.000,nan,0,nan,104.215,0,0.000,18.634,2.670,0.414,0.163,nan
1161,no_output,nan,0.000,0,0.000,0.000,nan,0,nan,114.102,0,0.000,17.702,1.555,0.449,0.160,nan
1162,no_output,nan,0.000,0,0.000,0.000,nan,0,nan,100.746,0,0.000,18.539,2.947,0.441,0.163,nan
1163,no_output,nan,0.000,0,0.000,0.000,nan,0,nan,104.884,0,0.000,17.809,1.506,0.430,0.171,nan
1164,no_output,nan,0.000,0,0.000,0.000,nan,0,nan,137.928,0,0.000,18.062,1.605,0.418,0.175,nan
1165,no_output,nan,0.000,0,0.000,0.000,nan,0,nan,142.791,0,0.000,17.989,1.500,0.479,0.171,nan
1166,no_output,nan,0.000,0,0.000,0.000,nan,0,nan,146.418,0,0.000,17.980,1.465,0.411,0.160,nan
1167,no_output,nan,0.000,0,0.000,0.000,nan,0,nan,151.041,0,0.000,17.909,1.553,0.403,0.179,nan
1168,no_output,nan,0.000,0,0.000,0.000,nan,0,nan,113.461,0,0.000,18.050,1.349,0.464,0.163,nan
1169,no_output,nan,0.000,0,0.000,0.000,nan,0,nan,128.242,0,0.000,17.789,1.423,0.437,0.163,nan
1170,no_output,nan,0.000,0,0.000,0.000,nan,0,nan,129.004,0,0.000,18.026,1.602,0.411,0.179,nan
1171,no_output,nan,0.000,0,0.000,0.000,nan,0,nan,153.604,0,0.000,18.033,1.414,0.399,0.171,nan
1172,no_output,nan,0.000,0,0.000,0.000,nan,0,nan,137.905,0,0.000,18.458,1.923,0.414,0.179,nan
1173,no_output,nan,0.000,0,0.000,0.000,nan,0,nan,109.616,0,0.000,18.364,1.650,0.384,0.163,nan
1174,no_output,nan,0.000,0,0.000,0.000,nan,0,nan,142.251,0,0.000,18.440,2.190,0.395,0.171,nan
1175,no_output,nan,0.000,0,0.000,0.000,nan,0,nan,106.612,0,0.000,17.808,1.570,0.422,0.179,nan
1176,no_output,nan,0.000,0,0.000,0.000,nan,0,nan,138.451,0,0.000,17.952,1.684,0.414,0.179,nan
1177,no_output,nan,0.000,0,0.000,0.000,nan,0,nan,92.127,0,0.000,17.995,1.530,0.468,0.163,nan
1178,no_output,nan,0.000,0,0.000,0.000,nan,0,nan,135.566,0,0.000,17.886,1.568,0.430,0.179,nan
1179,no_output,nan,0.000,0,0.000,0.000,nan,0,nan,117.512,0,0.000,17.940,1.661,0.418,0.179,nan
1180,no_output,nan,0.000,0,0.000,0.000,nan,0,nan,97.300,0,0.000,18.128,1.581,0.414,0.179,nan
1181,no_output,nan,0.000,0,0.000,0.000,nan,0,nan,116.900,0,0.000,17.984,1.915,0.433,0.171,nan
1182,no_output,nan,0.000,0,0.000,0.000,nan,0,nan,89.244,0,0.000,18.094,1.655,0.418,0.171,nan
1183,no_output,nan,0.000,0,0.000,0.000,nan,0,nan,132.530,0,0.000,17.891,1.637,0.418,0.163,nan
1184,no_output,nan,0.000,0,0.000,0.000,nan,0,nan,85.412,0,0.000,18.007,1.658,0.441,0.171,nan
1185,no_output,nan,0.000,0,0.000,0.000,nan,0,nan,114.751,0,0.000,18.205,1.757,0.426,0.171,nan
1186,no_output,nan,0.000,0,0.000,0.000,nan,0,nan,113.695,0,0.000,18.103,1.873,0.426,0.179,nan
1187,no_output,nan,0.000,0,0.000,0.000,nan,0,nan,126.122,0,0.000,17.989,2.200,0.433,0.163,nan
1188,no_output,nan,0.000,0,0.000,0.000,nan,0,nan,142.406,0,0.000,17.866,1.640,0.433,0.163,nan
1189,no_output,nan,0.000,0,0.000,0.000,nan,0,nan,121.991,0,0.000,17.937,1.344,0.426,0.179,nan
1190,no_output,nan,0.000,0,0.000,0.000,nan,0,nan,121.459,0,0.000,17.698,1.428,0.433,0.171,nan
1191,no_output,nan,0.000,0,0.000,0.000,nan,0,nan,118.016,0,0.000,17.953,1.493,0.422,0.171,nan
1192,no_output,nan,0.000,0,0.000,0.000,nan,0,nan,137.567,0,0.000,17.827,1.677,0.414,0.186,nan
1193,no_output,nan,0.000,0,0.000,0.000,nan,0,nan,112.856,0,0.000,17.929,1.686,0.414,0.175,nan
1194,no_output,nan,0.000,0,0.000,0.000,nan,0,nan,112.659,0,0.000,18.013,1.574,0.430,0.179,nan
1195,no_output,nan,0.000,0,0.000,0.000,nan,0,nan,112.171,0,0.000,18.448,2.151,0.418,0.167,nan
1196,no_output,nan,0.000,0,0.000,0.000,nan,0,nan,113.854,0,0.000,18.163,1.334,0.445,0.171,nan
1197,no_output,nan,0.000,0,0.000,0.000,nan,0,nan,101.096,0,0.000,18.158,1.501,0.399,0.179,nan
1198,no_output,nan,0.000,0,0.000,0.000,nan,0,nan,151.816,0,0.000,17.963,1.548,0.433,0.183,nan
1199,no_output,nan,0.000,0,0.000,0.000,nan,0,nan,141.581,0,0.000,18.159,1.423,0.430,0.183,nan
1200,no_output,nan,0.000,0,0.000,0.000,nan,0,nan,148.680,0,0.000,18.098,1.642,0.433,0.183,nan
1201,no_output,nan,0.000,0,0.000,0.000,nan,0,nan,136.345,0,0.000,18.003,1.570,0.452,0.179,nan
1202,no_output,nan,0.000,0,0.000,0.000,nan,0,nan,124.466,0,0.000,17.923,1.580,0.411,0.179,nan
1203,no_output,nan,0.000,0,0.000,0.000,nan,0,nan,120.839,0,0.000,17.873,1.745,0.380,0.179,nan
1204,no_output,nan,0.000,0,0.000,0.000,nan,0,nan,128.106,0,0.000,18.019,1.440,0.407,0.183,nan
1205,no_output,nan,0.000,0,0.000,0.000,nan,0,nan,86.259,0,0.000,18.842,2.694,0.384,0.179,nan
1206,no_output,nan,0.000,0,0.000,0.000,nan,0,nan,108.823,0,0.000,17.882,1.529,0.369,0.179,nan
1207,no_output,nan,0.000,0,0.000,0.000,nan,0,nan,111.690,0,0.000,18.059,1.474,0.445,0.175,nan
1208,no_output,nan,0.000,0,0.000,0.000,nan,0,nan,135.253,0,0.000,18.127,2.192,0.407,0.175,nan
1209,no_output,nan,0.000,0,0.000,0.000,nan,0,nan,131.500,0,0.000,17.961,1.461,0.411,0.179,nan
1210,no_output,nan,0.000,0,0.000,0.000,nan,0,nan,96.642,0,0.000,18.003,1.410,0.441,0.171,nan
1211,no_output,nan,0.000,0,0.000,0.000,nan,0,nan,100.033,0,0.000,18.144,1.398,0.411,0.179,nan
1212,no_output,nan,0.000,0,0.000,0.000,nan,0,nan,166.759,0,0.000,18.066,1.684,0.422,0.167,nan
1213,no_output,nan,0.000,0,0.000,0.000,nan,0,nan,111.382,0,0.000,17.938,1.333,0.468,0.171,nan
1214,no_output,nan,0.000,0,0.000,0.000,nan,0,nan,132.261,0,0.000,18.211,1.531,0.426,0.175,nan
1215,no_output,nan,0.000,0,0.000,0.000,nan,0,nan,116.563,0,0.000,17.971,1.560,0.392,0.179,nan
1216,no_output,nan,0.000,0,0.000,0.000,nan,0,nan,120.932,0,0.000,18.050,1.578,0.426,0.186,nan
1217,no_output,nan,0.000,0,0.000,0.000,nan,0,nan,106.535,0,0.000,17.866,1.729,0.437,0.163,nan
1218,no_output,nan,0.000,0,0.000,0.000,nan,0,nan,121.031,0,0.000,17.963,1.469,0.422,0.179,nan
1219,no_output,nan,0.000,0,0.000,0.000,nan,0,nan,107.206,0,0.000,18.485,1.931,0.418,0.179,nan
1220,no_output,nan,0.000,0,0.000,0.000,nan,0,nan,106.486,0,0.000,18.015,1.562,0.437,0.179,nan
1221,no_output,nan,0.000,0,0.000,0.000,nan,0,nan,105.189,0,0.000,18.016,1.356,0.430,0.179,nan
1222,no_output,nan,0.000,0,0.000,0.000,nan,0,nan,95.245,0,0.000,18.397,2.031,0.433,0.179,nan
1223,no_output,nan,0.000,0,0.000,0.000,nan,0,nan,123.412,0,0.000,18.043,1.585,0.449,0.171,nan
1224,no_output,nan,0.000,0,0.000,0.000,nan,0,nan,173.795,0,0.000,18.053,1.576,0.422,0.183,nan
1225,no_output,nan,0.000,0,0.000,0.000,nan,0,nan,122.399,0,0.000,18.177,1.547,0.384,0.179,nan
1226,no_output,nan,0.000,0,0.000,0.000,nan,0,nan,102.054,0,0.000,17.865,1.427,0.437,0.175,nan
1227,no_output,nan,0.000,0,0.000,0.000,nan,0,nan,110.667,0,0.000,18.474,2.032,0.388,0.152,nan
1228,no_output,nan,0.000,0,0.000,0.000,nan,0,nan,143.707,0,0.000,17.936,1.484,0.422,0.179,nan
1229,no_output,nan,0.000,0,0.000,0.000,nan,0,nan,114.565,0,0.000,18.039,1.492,0.411,0.183,nan
1230,no_output,nan,0.000,0,0.000,0.000,nan,0,nan,133.268,0,0.000,17.994,1.394,0.418,0.171,nan
1231,no_output,nan,0.000,0,0.000,0.000,nan,0,nan,105.327,0,0.000,18.320,1.577,0.452,0.186,nan
1232,no_output,nan,0.000,0,0.000,0.000,nan,0,nan,130.599,0,0.000,18.183,1.834,0.449,0.179,nan
1233,no_output,nan,0.000,0,0.000,0.000,nan,0,nan,154.828,0,0.000,18.172,1.623,0.399,0.171,nan
1234,no_output,nan,0.000,0,0.000,0.000,nan,0,nan,133.120,0,0.000,17.936,1.484,0.452,0.186,nan
1235,no_output,nan,0.000,0,0.000,0.000,nan,0,nan,125.556,0,0.000,18.006,1.509,0.369,0.171,nan
1236,no_output,nan,0.000,0,0.000,0.000,nan,0,nan,100.216,0,0.000,18.314,1.589,0.430,0.171,nan
1237,no_output,nan,0.000,0,0.000,0.000,nan,0,nan,151.878,0,0.000,17.965,1.617,0.433,0.190,nan
1238,no_output,nan,0.000,0,0.000,0.000,nan,0,nan,126.485,0,0.000,18.018,1.321,0.422,0.171,nan
1239,no_output,nan,0.000,0,0.000,0.000,nan,0,nan,121.121,0,0.000,17.849,1.437,0.430,0.179,nan
1240,no_output,nan,0.000,0,0.000,0.000,nan,0,nan,143.423,0,0.000,18.044,1.955,0.418,0.163,nan
1241,no_output,nan,0.000,0,0.000,0.000,nan,0,nan,139.694,0,0.000,18.031,1.718,0.426,0.179,nan
1242,no_output,nan,0.000,0,0.000,0.000,nan,0,nan,104.394,0,0.000,17.910,1.485,0.411,0.163,nan
1243,no_output,nan,0.000,0,0.000,0.000,nan,0,nan,100.181,0,0.000,17.948,1.554,0.433,0.167,nan
1244,no_output,nan,0.000,0,0.000,0.000,nan,0,nan,108.651,0,0.000,18.188,1.851,0.399,0.171,nan
1245,no_output,nan,0.000,0,0.000,0.000,nan,0,nan,130.114,0,0.000,18.225,1.908,0.471,0.175,nan
1246,no_output,nan,0.000,0,0.000,0.000,nan,0,nan,118.963,0,0.000,18.358,1.489,0.437,0.171,nan
1247,no_output,nan,0.000,0,0.000,0.000,nan,0,nan,138.744,0,0.000,17.966,1.421,0.437,0.179,nan
1248,no_output,nan,0.000,0,0.000,0.000,nan,0,nan,127.374,0,0.000,17.962,1.371,0.414,0.186,nan
1249,no_output,nan,0.000,0,0.000,0.000,nan,0,nan,143.506,0,0.000,18.026,1.389,0.452,0.175,nan
1250,no_output,nan,0.000,0,0.000,0.000,nan,0,nan,129.223,0,0.000,18.216,1.597,0.426,0.171,nan
1251,no_output,nan,0.000,0,0.000,0.000,nan,0,nan,79.283,0,0.000,18.012,1.385,0.441,0.171,nan
1252,no_output,nan,0.000,0,0.000,0.000,nan,0,nan,141.293,0,0.000,18.006,1.686,0.422,0.171,nan
1253,no_output,nan,0.000,0,0.000,0.000,nan,0,nan,102.665,0,0.000,17.866,1.719,0.418,0.171,nan
1254,no_output,nan,0.000,0,0.000,0.000,nan,0,nan,111.828,0,0.000,17.926,1.370,0.430,0.175,nan
1255,no_output,nan,0.000,0,0.000,0.000,nan,0,nan,130.748,0,0.000,18.057,1.534,0.411,0.167,nan
1256,no_output,nan,0.000,0,0.000,0.000,nan,0,nan,111.205,0,0.000,18.132,1.425,0.414,0.179,nan
1257,no_output,nan,0.000,0,0.000,0.000,nan,0,nan,138.057,0,0.000,18.340,2.032,0.395,0.179,nan
1258,no_output,nan,0.000,0,0.000,0.000,nan,0,nan,97.443,0,0.000,17.978,1.849,0.411,0.163,nan
1259,no_output,nan,0.000,0,0.000,0.000,nan,0,nan,93.513,0,0.000,18.027,3.621,0.407,0.156,nan
1260,no_output,nan,0.000,0,0.000,0.000,nan,0,nan,115.128,0,0.000,18.277,1.599,0.430,0.171,nan
1261,no_output,nan,0.000,0,0.000,0.000,nan,0,nan,110.162,0,0.000,18.089,1.436,0.441,0.175,nan
1262,no_output,nan,0.000,0,0.000,0.000,nan,0,nan,125.634,0,0.000,18.028,1.379,0.373,0.160,nan
1263,no_output,nan,0.000,0,0.000,0.000,nan,0,nan,111.487,0,0.000,17.894,1.706,0.437,0.163,nan
1264,no_output,nan,0.000,0,0.000,0.000,nan,0,nan,119.501,0,0.000,17.892,1.413,0.426,0.163,nan
1265,no_output,nan,0.000,0,0.000,0.000,nan,0,nan,116.855,0,0.000,18.085,1.746,0.430,0.171,nan
1266,no_output,nan,0.000,0,0.000,0.000,nan,0,nan,108.036,0,0.000,18.051,1.426,0.433,0.167,nan
1267,no_output,nan,0.000,0,0.000,0.000,nan,0,nan,109.297,0,0.000,17.839,1.736,0.430,0.179,nan
1268,no_output,nan,0.000,0,0.000,0.000,nan,0,nan,150.402,0,0.000,17.907,1.370,0.445,0.163,nan
1269,no_output,nan,0.000,0,0.000,0.000,nan,0,nan,111.942,0,0.000,18.198,1.394,0.445,0.163,nan
1270,no_output,nan,0.000,0,0.000,0.000,nan,0,nan,119.918,0,0.000,18.044,1.631,0.403,0.160,nan
1271,no_output,nan,0.000,0,0.000,0.000,nan,0,nan,111.831,0,0.000,18.169,1.876,0.414,0.171,nan
1272,no_output,nan,0.000,0,0.000,0.000,nan,0,nan,108.129,0,0.000,18.007,1.609,0.407,0.179,nan
1273,no_output,nan,0.000,0,0.000,0.000,nan,0,nan,106.359,0,0.000,18.133,1.901,0.399,0.171,nan
1274,no_output,nan,0.000,0,0.000,0.000,nan,0,nan,136.940,0,0.000,18.042,1.542,0.407,0.171,nan
1275,no_output,nan,0.000,0,0.000,0.000,nan,0,nan,93.849,0,0.000,17.971,1.251,0.441,0.179,nan
1276,no_output,nan,0.000,0,0.000,0.000,nan,0,nan,128.448,0,0.000,18.138,1.560,0.433,0.163,nan
1277,no_output,nan,0.000,0,0.000,0.000,nan,0,nan,116.289,0,0.000,17.843,1.507,0.441,0.163,nan
1278,no_output,nan,0.000,0,0.000,0.000,nan,0,nan,143.247,0,0.000,17.985,1.530,0.418,0.179,nan
1279,no_output,nan,0.000,0,0.000,0.000,nan,0,nan,129.343,0,0.000,17.951,1.577,0.445,0.186,nan
1280,no_output,nan,0.000,0,0.000,0.000,nan,0,nan,188.416,0,0.000,17.974,1.545,0.452,0.175,nan
1281,no_output,nan,0.000,0,0.000,0.000,nan,0,nan,107.975,0,0.000,17.668,1.692,0.430,0.179,nan
1282,no_output,nan,0.000,0,0.000,0.000,nan,0,nan,108.958,0,0.000,18.231,1.568,0.418,0.175,nan
1283,no_output,nan,0.000,0,0.000,0.000,nan,0,nan,152.248,0,0.000,17.988,1.513,0.411,0.179,nan
1284,no_output,nan,0.000,0,0.000,0.000,nan,0,nan,105.936,0,0.000,17.887,1.423,0.399,0.163,nan
1285,no_output,nan,0.000,0,0.000,0.000,nan,0,nan,111.221,0,0.000,18.067,1.582,0.464,0.179,nan
1286,no_output,nan,0.000,0,0.000,0.000,nan,0,nan,150.680,0,0.000,17.992,1.790,0.445,0.163,nan
1287,no_output,nan,0.000,0,0.000,0.000,nan,0,nan,101.547,0,0.000,17.902,1.447,0.468,0.179,nan
1288,no_output,nan,0.000,0,0.000,0.000,nan,0,nan,100.130,0,0.000,18.055,1.684,0.414,0.167,nan
1289,no_output,nan,0.000,0,0.000,0.000,nan,0,nan,134.641,0,0.000,17.882,1.448,0.422,0.171,nan
1290,no_output,nan,0.000,0,0.000,0.000,nan,0,nan,159.790,0,0.000,17.965,1.411,0.399,0.171,nan
1291,no_output,nan,0.000,0,0.000,0.000,nan,0,nan,127.978,0,0.000,17.927,1.649,0.414,0.175,nan
1292,no_output,nan,0.000,0,0.000,0.000,nan,0,nan,111.587,0,0.000,17.886,1.704,0.437,0.171,nan
1293,no_output,nan,0.000,0,0.000,0.000,nan,0,nan,129.974,0,0.000,17.879,1.608,0.433,0.171,nan
1294,no_output,nan,0.000,0,0.000,0.000,nan,0,nan,120.431,0,0.000,18.009,1.261,0.395,0.179,nan
1295,no_output,nan,0.000,0,0.000,0.000,nan,0,nan,130.116,0,0.000,18.009,1.357,0.403,0.167,nan
1296,no_output,nan,0.000,0,0.000,0.000,nan,0,nan,121.374,0,0.000,17.852,1.376,0.388,0.179,nan
1297,no_output,nan,0.000,0,0.000,0.000,nan,0,nan,169.073,0,0.000,17.811,1.561,0.433,0.167,nan
1298,no_output,nan,0.000,0,0.000,0.000,nan,0,nan,95.893,0,0.000,18.232,2.146,0.437,0.179,nan
1299,no_output,nan,0.000,0,0.000,0.000,nan,0,nan,180.092,0,0.000,17.846,1.534,0.449,0.171,nan
1300,no_output,nan,0.000,0,0.000,0.000,nan,0,nan,131.545,0,0.000,17.911,1.742,0.437,0.179,nan
1301,no_output,nan,0.000,0,0.000,0.000,nan,0,nan,117.019,0,0.000,18.128,1.946,0.395,0.175,nan
1302,no_output,nan,0.000,0,0.000,0.000,nan,0,nan,121.609,0,0.000,17.995,1.410,0.433,0.167,nan
1303,no_output,nan,0.000,0,0.000,0.000,nan,0,nan,102.284,0,0.000,17.954,1.531,0.422,0.160,nan
1304,no_output,nan,0.000,0,0.000,0.000,nan,0,nan,102.757,0,0.000,18.256,1.490,0.403,0.171,nan
1305,no_output,nan,0.000,0,0.000,0.000,nan,0,nan,115.981,0,0.000,18.104,1.943,0.452,0.171,nan
1306,no_output,nan,0.000,0,0.000,0.000,nan,0,nan,129.214,0,0.000,17.909,1.477,0.445,0.144,nan
1307,no_output,nan,0.000,0,0.000,0.000,nan,0,nan,129.405,0,0.000,18.908,2.532,0.414,0.179,nan
1308,no_output,nan,0.000,0,0.000,0.000,nan,0,nan,106.735,0,0.000,17.730,1.684,0.445,0.175,nan
1309,no_output,nan,0.000,0,0.000,0.000,nan,0,nan,118.993,0,0.000,17.873,1.554,0.460,0.156,nan
1310,no_output,nan,0.000,0,0.000,0.000,nan,0,nan,124.899,0,0.000,17.941,1.424,0.437,0.175,nan
1311,no_output,nan,0.000,0,0.000,0.000,nan,0,nan,138.965,0,0.000,17.782,1.534,0.422,0.179,nan
1312,no_output,nan,0.000,0,0.000,0.000,nan,0,nan,99.020,0,0.000,17.887,1.583,0.426,0.179,nan
1313,no_output,nan,0.000,0,0.000,0.000,nan,0,nan,106.587,0,0.000,18.073,1.363,0.407,0.179,nan
1314,no_output,nan,0.000,0,0.000,0.000,nan,0,nan,128.668,0,0.000,17.864,1.456,0.430,0.160,nan
1315,no_output,nan,0.000,0,0.000,0.000,nan,0,nan,122.706,0,0.000,18.034,1.821,0.433,0.163,nan
1316,no_output,nan,0.000,0,0.000,0.000,nan,0,nan,149.023,0,0.000,18.008,1.991,0.403,0.171,nan
1317,no_output,nan,0.000,0,0.000,0.000,nan,0,nan,149.297,0,0.000,18.054,1.512,0.403,0.179,nan
1318,no_output,nan,0.000,0,0.000,0.000,nan,0,nan,146.153,0,0.000,17.850,1.475,0.422,0.171,nan
1319,no_output,nan,0.000,0,0.000,0.000,nan,0,nan,113.954,0,0.000,17.872,1.398,0.433,0.163,nan
1320,no_output,nan,0.000,0,0.000,0.000,nan,0,nan,134.548,0,0.000,17.966,1.319,0.452,0.179,nan
1321,no_output,nan,0.000,0,0.000,0.000,nan,0,nan,129.527,0,0.000,18.058,1.378,0.430,0.179,nan
1322,no_output,nan,0.000,0,0.000,0.000,nan,0,nan,133.088,0,0.000,18.248,1.881,0.426,0.171,nan
1323,no_output,nan,0.000,0,0.000,0.000,nan,0,nan,120.598,0,0.000,18.768,3.060,0.388,0.171,nan
1324,no_output,nan,0.000,0,0.000,0.000,nan,0,nan,153.482,0,0.000,18.094,1.626,0.403,0.179,nan
1325,no_output,nan,0.000,0,0.000,0.000,nan,0,nan,118.657,0,0.000,18.040,1.583,0.392,0.167,nan
1326,no_output,nan,0.000,0,0.000,0.000,nan,0,nan,128.605,0,0.000,17.951,1.310,0.460,0.179,nan
1327,no_output,nan,0.000,0,0.000,0.000,nan,0,nan,101.504,0,0.000,17.911,1.952,0.384,0.163,nan
1328,no_output,nan,0.000,0,0.000,0.000,nan,0,nan,109.659,0,0.000,17.896,1.409,0.452,0.179,nan
1329,no_output,nan,0.000,0,0.000,0.000,nan,0,nan,108.970,0,0.000,17.863,1.358,0.430,0.171,nan
1330,no_output,nan,0.000,0,0.000,0.000,nan,0,nan,122.678,0,0.000,17.876,1.432,0.452,0.163,nan
1331,no_output,nan,0.000,0,0.000,0.000,nan,0,nan,101.659,0,0.000,18.126,1.631,0.418,0.179,nan
1332,no_output,nan,0.000,0,0.000,0.000,nan,0,nan,87.083,0,0.000,17.843,1.465,0.433,0.171,nan
1333,no_output,nan,0.000,0,0.000,0.000,nan,0,nan,144.734,0,0.000,18.044,1.529,0.414,0.179,nan
1334,no_output,nan,0.000,0,0.000,0.000,nan,0,nan,150.030,0,0.000,18.136,1.350,0.414,0.183,nan
1335,no_output,nan,0.000,0,0.000,0.000,nan,0,nan,113.498,0,0.000,17.770,1.829,0.437,0.171,nan
1336,no_output,nan,0.000,0,0.000,0.000,nan,0,nan,127.153,0,0.000,18.152,1.677,0.365,0.179,nan
1337,no_output,nan,0.000,0,0.000,0.000,nan,0,nan,132.599,0,0.000,18.110,1.965,0.392,0.160,nan
1338,no_output,nan,0.000,0,0.000,0.000,nan,0,nan,113.119,0,0.000,18.068,1.405,0.449,0.156,nan
1339,no_output,nan,0.000,0,0.000,0.000,nan,0,nan,152.074,0,0.000,18.151,2.238,0.373,0.183,nan
1340,no_output,nan,0.000,0,0.000,0.000,nan,0,nan,130.004,0,0.000,18.006,1.665,0.414,0.175,nan
1341,no_output,nan,0.000,0,0.000,0.000,nan,0,nan,103.216,0,0.000,18.027,1.730,0.460,0.171,nan
1342,no_output,nan,0.000,0,0.000,0.000,nan,0,nan,99.521,0,0.000,17.970,1.757,0.445,0.175,nan
1343,no_output,nan,0.000,0,0.000,0.000,nan,0,nan,132.704,0,0.000,18.170,1.451,0.414,0.167,nan
1344,no_output,nan,0.000,0,0.000,0.000,nan,0,nan,166.276,0,0.000,18.098,1.473,0.437,0.183,nan
1345,no_output,nan,0.000,0,0.000,0.000,nan,0,nan,108.780,0,0.000,18.011,1.595,0.395,0.179,nan
1346,no_output,nan,0.000,0,0.000,0.000,nan,0,nan,192.216,0,0.000,19.052,3.630,0.384,0.179,nan
1347,no_output,nan,0.000,0,0.000,0.000,nan,0,nan,110.882,0,0.000,17.757,1.656,0.441,0.186,nan
1348,no_output,nan,0.000,0,0.000,0.000,nan,0,nan,131.677,0,0.000,17.956,1.528,0.426,0.171,nan
1349,no_output,nan,0.000,0,0.000,0.000,nan,0,nan,136.136,0,0.000,18.011,1.411,0.414,0.171,nan
1350,no_output,nan,0.000,0,0.000,0.000,nan,0,nan,129.491,0,0.000,18.168,2.318,0.464,0.186,nan
1351,no_output,nan,0.000,0,0.000,0.000,nan,0,nan,114.163,0,0.000,17.884,1.456,0.426,0.179,nan
1352,no_output,nan,0.000,0,0.000,0.000,nan,0,nan,141.451,0,0.000,18.036,1.464,0.414,0.179,nan
1353,no_output,nan,0.000,0,0.000,0.000,nan,0,nan,120.323,0,0.000,18.876,3.523,0.422,0.160,nan
1354,no_output,nan,0.000,0,0.000,0.000,nan,0,nan,102.207,0,0.000,17.996,1.633,0.395,0.186,nan
1355,no_output,nan,0.000,0,0.000,0.000,nan,0,nan,112.596,0,0.000,17.835,1.442,0.441,0.171,nan
1356,no_output,nan,0.000,0,0.000,0.000,nan,0,nan,131.888,0,0.000,17.876,1.315,0.430,0.179,nan
1357,no_output,nan,0.000,0,0.000,0.000,nan,0,nan,106.003,0,0.000,18.138,1.772,0.411,0.167,nan
1358,no_output,nan,0.000,0,0.000,0.000,nan,0,nan,135.851,0,0.000,18.042,1.680,0.441,0.183,nan
1359,no_output,nan,0.000,0,0.000,0.000,nan,0,nan,121.563,0,0.000,17.962,1.451,0.403,0.171,nan
1360,no_output,nan,0.000,0,0.000,0.000,nan,0,nan,130.088,0,0.000,18.674,2.157,0.452,0.175,nan
1361,no_output,nan,0.000,0,0.000,0.000,nan,0,nan,106.224,0,0.000,18.219,1.543,0.437,0.179,nan
1362,no_output,nan,0.000,0,0.000,0.000,nan,0,nan,155.917,0,0.000,18.049,1.578,0.395,0.160,nan
1363,no_output,nan,0.000,0,0.000,0.000,nan,0,nan,110.373,0,0.000,18.429,1.631,0.441,0.179,nan
1364,no_output,nan,0.000,0,0.000,0.000,nan,0,nan,96.772,0,0.000,17.969,1.367,0.414,0.171,nan
1365,no_output,nan,0.000,0,0.000,0.000,nan,0,nan,115.970,0,0.000,18.098,1.327,0.426,0.179,nan
1366,no_output,nan,0.000,0,0.000,0.000,nan,0,nan,116.285,0,0.000,17.794,1.494,0.407,0.175,nan
1367,no_output,nan,0.000,0,0.000,0.000,nan,0,nan,118.819,0,0.000,18.615,2.095,0.430,0.179,nan
1368,no_output,nan,0.000,0,0.000,0.000,nan,0,nan,130.766,0,0.000,17.931,1.475,0.433,0.171,nan
1369,no_output,nan,0.000,0,0.000,0.000,nan,0,nan,96.384,0,0.000,18.433,1.766,0.399,0.179,nan
1370,no_output,nan,0.000,0,0.000,0.000,nan,0,nan,136.916,0,0.000,17.705,1.504,0.468,0.167,nan
1371,no_output,nan,0.000,0,0.000,0.000,nan,0,nan,140.954,0,0.000,18.356,1.695,0.422,0.179,nan
1372,no_output,nan,0.000,0,0.000,0.000,nan,0,nan,111.316,0,0.000,17.877,1.423,0.426,0.171,nan
1373,no_output,nan,0.000,0,0.000,0.000,nan,0,nan,87.277,0,0.000,18.337,1.716,0.422,0.167,nan
1374,no_output,nan,0.000,0,0.000,0.000,nan,0,nan,116.129,0,0.000,18.240,1.493,0.441,0.179,nan
1375,no_output,nan,0.000,0,0.000,0.000,nan,0,nan,148.992,0,0.000,18.659,2.707,0.403,0.171,nan
1376,no_output,nan,0.000,0,0.000,0.000,nan,0,nan,116.038,0,0.000,18.093,1.470,0.426,0.171,nan
1377,no_output,nan,0.000,0,0.000,0.000,nan,0,nan,148.565,0,0.000,17.881,1.501,0.395,0.171,nan
1378,no_output,nan,0.000,0,0.000,0.000,nan,0,nan,115.343,0,0.000,17.810,1.786,0.441,0.186,nan
1379,no_output,nan,0.000,0,0.000,0.000,nan,0,nan,125.077,0,0.000,18.051,1.770,0.433,0.175,nan
1380,no_output,nan,0.000,0,0.000,0.000,nan,0,nan,102.956,0,0.000,18.088,1.535,0.422,0.167,nan
1381,no_output,nan,0.000,0,0.000,0.000,nan,0,nan,158.393,0,0.000,17.915,1.473,0.411,0.179,nan
1382,no_output,nan,0.000,0,0.000,0.000,nan,0,nan,111.334,0,0.000,18.132,1.637,0.411,0.175,nan
1383,no_output,nan,0.000,0,0.000,0.000,nan,0,nan,123.404,0,0.000,17.842,1.454,0.418,0.171,nan
1384,no_output,nan,0.000,0,0.000,0.000,nan,0,nan,99.128,0,0.000,17.774,1.537,0.456,0.179,nan
1385,no_output,nan,0.000,0,0.000,0.000,nan,0,nan,133.932,0,0.000,17.929,1.415,0.414,0.171,nan
1386,no_output,nan,0.000,0,0.000,0.000,nan,0,nan,143.034,0,0.000,18.043,1.253,0.411,0.183,nan
1387,no_output,nan,0.000,0,0.000,0.000,nan,0,nan,125.719,0,0.000,17.939,1.485,0.441,0.163,nan
1388,no_output,nan,0.000,0,0.000,0.000,nan,0,nan,129.273,0,0.000,17.949,1.295,0.449,0.186,nan
1389,no_output,nan,0.000,0,0.000,0.000,nan,0,nan,133.453,0,0.000,17.807,1.662,0.422,0.179,nan
1390,no_output,nan,0.000,0,0.000,0.000,nan,0,nan,141.482,0,0.000,18.316,2.260,0.411,0.179,nan
1391,no_output,nan,0.000,0,0.000,0.000,nan,0,nan,147.347,0,0.000,18.092,1.400,0.407,0.183,nan
1392,no_output,nan,0.000,0,0.000,0.000,nan,0,nan,116.007,0,0.000,17.715,1.559,0.426,0.179,nan
1393,no_output,nan,0.000,0,0.000,0.000,nan,0,nan,120.064,0,0.000,17.803,1.589,0.418,0.186,nan
1394,no_output,nan,0.000,0,0.000,0.000,nan,0,nan,134.389,0,0.000,17.977,1.544,0.426,0.163,nan
1395,no_output,nan,0.000,0,0.000,0.000,nan,0,nan,108.887,0,0.000,18.015,1.937,0.384,0.175,nan
1396,no_output,nan,0.000,0,0.000,0.000,nan,0,nan,141.636,0,0.000,18.124,1.614,0.373,0.183,nan
1397,no_output,nan,0.000,0,0.000,0.000,nan,0,nan,60.381,0,0.000,17.924,1.422,0.449,0.171,nan
1398,no_output,nan,0.000,0,0.000,0.000,nan,0,nan,117.293,0,0.000,17.820,1.627,0.422,0.183,nan
1399,no_output,nan,0.000,0,0.000,0.000,nan,0,nan,130.837,0,0.000,17.870,1.458,0.422,0.160,nan
1400,no_output,nan,0.000,0,0.000,0.000,nan,0,nan,116.409,0,0.000,18.249,1.502,0.426,0.183,nan
1401,no_output,nan,0.000,0,0.000,0.000,nan,0,nan,115.953,0,0.000,18.024,1.437,0.430,0.179,nan
1402,no_output,nan,0.000,0,0.000,0.000,nan,0,nan,88.118,0,0.000,17.859,1.517,0.433,0.171,nan
1403,no_output,nan,0.000,0,0.000,0.000,nan,0,nan,81.637,0,0.000,17.864,1.644,0.411,0.175,nan
1404,no_output,nan,0.000,0,0.000,0.000,nan,0,nan,165.489,0,0.000,17.894,1.555,0.411,0.160,nan
1405,no_output,nan,0.000,0,0.000,0.000,nan,0,nan,139.712,0,0.000,17.998,1.728,0.426,0.163,nan
1406,no_output,nan,0.000,0,0.000,0.000,nan,0,nan,112.195,0,0.000,17.959,1.469,0.422,0.179,nan
1407,no_output,nan,0.000,0,0.000,0.000,nan,0,nan,144.158,0,0.000,18.163,1.819,0.403,0.171,nan
1408,no_output,nan,0.000,0,0.000,0.000,nan,0,nan,126.383,0,0.000,17.901,1.373,0.414,0.179,nan
1409,no_output,nan,0.000,0,0.000,0.000,nan,0,nan,94.406,0,0.000,17.839,1.374,0.452,0.179,nan
1410,no_output,nan,0.000,0,0.000,0.000,nan,0,nan,158.452,0,0.000,18.045,1.615,0.441,0.167,nan
1411,no_output,nan,0.000,0,0.000,0.000,nan,0,nan,140.452,0,0.000,18.141,1.469,0.430,0.163,nan
1412,no_output,nan,0.000,0,0.000,0.000,nan,0,nan,91.449,0,0.000,17.894,1.422,0.403,0.179,nan
1413,no_output,nan,0.000,0,0.000,0.000,nan,0,nan,115.456,0,0.000,17.748,1.558,0.422,0.171,nan
1414,no_output,nan,0.000,0,0.000,0.000,nan,0,nan,104.499,0,0.000,18.306,1.800,0.399,0.163,nan
1415,no_output,nan,0.000,0,0.000,0.000,nan,0,nan,131.409,0,0.000,18.079,1.293,0.430,0.171,nan
1416,no_output,nan,0.000,0,0.000,0.000,nan,0,nan,111.499,0,0.000,18.455,1.587,0.422,0.163,nan
1417,no_output,nan,0.000,0,0.000,0.000,nan,0,nan,135.612,0,0.000,17.965,1.405,0.433,0.175,nan
1418,no_output,nan,0.000,0,0.000,0.000,nan,0,nan,91.976,0,0.000,17.788,1.555,0.441,0.186,nan
1419,no_output,nan,0.000,0,0.000,0.000,nan,0,nan,103.415,0,0.000,17.967,1.624,0.422,0.175,nan
1420,no_output,nan,0.000,0,0.000,0.000,nan,0,nan,103.772,0,0.000,18.010,1.270,0.483,0.171,nan
1421,no_output,nan,0.000,0,0.000,0.000,nan,0,nan,117.967,0,0.000,17.968,1.309,0.407,0.171,nan
1422,no_output,nan,0.000,0,0.000,0.000,nan,0,nan,109.142,0,0.000,17.825,1.576,0.464,0.175,nan
1423,no_output,nan,0.000,0,0.000,0.000,nan,0,nan,138.383,0,0.000,18.326,1.645,0.392,0.179,nan
1424,no_output,nan,0.000,0,0.000,0.000,nan,0,nan,104.627,0,0.000,18.479,1.756,0.418,0.179,nan
1425,no_output,nan,0.000,0,0.000,0.000,nan,0,nan,99.921,0,0.000,18.046,1.531,0.403,0.179,nan
1426,no_output,nan,0.000,0,0.000,0.000,nan,0,nan,127.294,0,0.000,18.178,1.603,0.411,0.160,nan
1427,no_output,nan,0.000,0,0.000,0.000,nan,0,nan,114.585,0,0.000,17.809,1.601,0.452,0.171,nan
1428,no_output,nan,0.000,0,0.000,0.000,nan,0,nan,87.148,0,0.000,17.910,1.513,0.449,0.175,nan
1429,no_output,nan,0.000,0,0.000,0.000,nan,0,nan,122.166,0,0.000,18.150,1.530,0.430,0.179,nan
1430,no_output,nan,0.000,0,0.000,0.000,nan,0,nan,103.627,0,0.000,17.940,1.412,0.437,0.171,nan
1431,no_output,nan,0.000,0,0.000,0.000,nan,0,nan,130.675,0,0.000,17.882,1.534,0.414,0.179,nan
1432,no_output,nan,0.000,0,0.000,0.000,nan,0,nan,116.317,0,0.000,18.139,1.470,0.418,0.179,nan
1433,no_output,nan,0.000,0,0.000,0.000,nan,0,nan,107.448,0,0.000,17.981,2.023,0.433,0.156,nan
1434,no_output,nan,0.000,0,0.000,0.000,nan,0,nan,91.781,0,0.000,17.966,1.617,0.441,0.179,nan
1435,no_output,nan,0.000,0,0.000,0.000,nan,0,nan,138.635,0,0.000,18.330,1.969,0.403,0.186,nan
1436,no_output,nan,0.000,0,0.000,0.000,nan,0,nan,146.227,0,0.000,17.985,1.768,0.403,0.190,nan
1437,no_output,nan,0.000,0,0.000,0.000,nan,0,nan,98.573,0,0.000,17.919,1.723,0.430,0.179,nan
1438,no_output,nan,0.000,0,0.000,0.000,nan,0,nan,103.987,0,0.000,17.891,1.690,0.437,0.171,nan
1439,no_output,nan,0.000,0,0.000,0.000,nan,0,nan,117.194,0,0.000,18.501,2.360,0.441,0.179,nan
1440,no_output,nan,0.000,0,0.000,0.000,nan,0,nan,99.108,0,0.000,17.953,1.185,0.464,0.186,nan
1441,no_output,nan,0.000,0,0.000,0.000,nan,0,nan,135.361,0,0.000,18.086,1.443,0.452,0.190,nan
1442,no_output,nan,0.000,0,0.000,0.000,nan,0,nan,109.170,0,0.000,17.923,1.446,0.430,0.179,nan
1443,no_output,nan,0.000,0,0.000,0.000,nan,0,nan,91.533,0,0.000,18.160,1.552,0.418,0.186,nan
1444,no_output,nan,0.000,0,0.000,0.000,nan,0,nan,98.517,0,0.000,17.839,1.487,0.437,0.167,nan
1445,no_output,nan,0.000,0,0.000,0.000,nan,0,nan,121.509,0,0.000,18.517,2.347,0.433,0.167,nan
1446,no_output,nan,0.000,0,0.000,0.000,nan,0,nan,71.524,0,0.000,18.108,1.671,0.411,0.179,nan
1447,no_output,nan,0.000,0,0.000,0.000,nan,0,nan,109.681,0,0.000,17.954,1.491,0.414,0.190,nan
1448,no_output,nan,0.000,0,0.000,0.000,nan,0,nan,117.491,0,0.000,18.116,1.474,0.433,0.183,nan
1449,no_output,nan,0.000,0,0.000,0.000,nan,0,nan,143.979,0,0.000,17.788,1.733,0.426,0.171,nan
1450,no_output,nan,0.000,0,0.000,0.000,nan,0,nan,121.318,0,0.000,17.957,1.594,0.418,0.190,nan
1451,no_output,nan,0.000,0,0.000,0.000,nan,0,nan,121.763,0,0.000,18.132,2.109,0.384,0.167,nan
1452,no_output,nan,0.000,0,0.000,0.000,nan,0,nan,111.536,0,0.000,17.895,1.354,0.445,0.179,nan
1453,no_output,nan,0.000,0,0.000,0.000,nan,0,nan,155.843,0,0.000,18.032,1.445,0.445,0.183,nan
1454,no_output,nan,0.000,0,0.000,0.000,nan,0,nan,87.668,0,0.000,17.910,1.422,0.456,0.163,nan
1455,no_output,nan,0.000,0,0.000,0.000,nan,0,nan,158.039,0,0.000,17.970,1.409,0.369,0.171,nan
1456,no_output,nan,0.000,0,0.000,0.000,nan,0,nan,81.181,0,0.000,17.964,1.842,0.430,0.171,nan
1457,no_output,nan,0.000,0,0.000,0.000,nan,0,nan,156.835,0,0.000,18.327,1.948,0.411,0.183,nan
1458,no_output,nan,0.000,0,0.000,0.000,nan,0,nan,131.127,0,0.000,18.091,1.463,0.433,0.171,nan
1459,no_output,nan,0.000,0,0.000,0.000,nan,0,nan,112.447,0,0.000,17.941,1.416,0.475,0.171,nan
1460,no_output,nan,0.000,0,0.000,0.000,nan,0,nan,128.320,0,0.000,18.057,1.520,0.422,0.183,nan
1461,no_output,nan,0.000,0,0.000,0.000,nan,0,nan,118.517,0,0.000,17.835,1.490,0.399,0.171,nan
1462,no_output,nan,0.000,0,0.000,0.000,nan,0,nan,161.447,0,0.000,18.513,2.100,0.414,0.179,nan
1463,no_output,nan,0.000,0,0.000,0.000,nan,0,nan,116.286,0,0.000,17.918,1.382,0.418,0.179,nan
1464,no_output,nan,0.000,0,0.000,0.000,nan,0,nan,97.454,0,0.000,18.152,1.574,0.433,0.186,nan
1465,no_output,nan,0.000,0,0.000,0.000,nan,0,nan,112.649,0,0.000,18.172,1.761,0.426,0.186,nan
1466,no_output,nan,0.000,0,0.000,0.000,nan,0,nan,134.640,0,0.000,17.898,1.473,0.422,0.179,nan
1467,no_output,nan,0.000,0,0.000,0.000,nan,0,nan,127.687,0,0.000,17.882,1.563,0.422,0.179,nan
1468,no_output,nan,0.000,0,0.000,0.000,nan,0,nan,136.142,0,0.000,17.960,1.325,0.441,0.163,nan
1469,no_output,nan,0.000,0,0.000,0.000,nan,0,nan,137.325,0,0.000,17.909,1.314,0.433,0.179,nan
1470,no_output,nan,0.000,0,0.000,0.000,nan,0,nan,131.952,0,0.000,17.984,1.638,0.418,0.179,nan
1471,no_output,nan,0.000,0,0.000,0.000,nan,0,nan,100.206,0,0.000,17.897,1.591,0.475,0.171,nan
1472,no_output,nan,0.000,0,0.000,0.000,nan,0,nan,121.336,0,0.000,18.103,1.472,0.426,0.183,nan
1473,no_output,nan,0.000,0,0.000,0.000,nan,0,nan,154.799,0,0.000,18.184,1.616,0.403,0.179,nan
1474,no_output,nan,0.000,0,0.000,0.000,nan,0,nan,105.785,0,0.000,17.991,1.407,0.403,0.171,nan
1475,no_output,nan,0.000,0,0.000,0.000,nan,0,nan,116.487,0,0.000,18.276,2.030,0.376,0.179,nan
1476,no_output,nan,0.000,0,0.000,0.000,nan,0,nan,135.374,0,0.000,17.970,1.323,0.445,0.179,nan
1477,no_output,nan,0.000,0,0.000,0.000,nan,0,nan,146.278,0,0.000,18.207,1.727,0.399,0.179,nan
1478,no_output,nan,0.000,0,0.000,0.000,nan,0,nan,133.117,0,0.000,17.945,1.563,0.407,0.171,nan
1479,no_output,nan,0.000,0,0.000,0.000,nan,0,nan,140.772,0,0.000,18.000,1.679,0.395,0.179,nan
1480,no_output,nan,0.000,0,0.000,0.000,nan,0,nan,110.385,0,0.000,17.876,1.280,0.468,0.183,nan
1481,no_output,nan,0.000,0,0.000,0.000,nan,0,nan,130.085,0,0.000,18.106,1.495,0.422,0.171,nan
1482,no_output,nan,0.000,0,0.000,0.000,nan,0,nan,96.134,0,0.000,18.047,1.707,0.422,0.186,nan
1483,no_output,nan,0.000,0,0.000,0.000,nan,0,nan,126.136,0,0.000,18.141,1.708,0.430,0.171,nan
1484,no_output,nan,0.000,0,0.000,0.000,nan,0,nan,108.688,0,0.000,17.829,1.614,0.430,0.171,nan
1485,no_output,nan,0.000,0,0.000,0.000,nan,0,nan,205.168,0,0.000,18.066,1.504,0.437,0.175,nan
1486,no_output,nan,0.000,0,0.000,0.000,nan,0,nan,110.527,0,0.000,18.121,1.527,0.407,0.167,nan
1487,no_output,nan,0.000,0,0.000,0.000,nan,0,nan,145.205,0,0.000,18.065,1.458,0.437,0.152,nan
1488,no_output,nan,0.000,0,0.000,0.000,nan,0,nan,99.648,0,0.000,19.270,4.494,0.418,0.160,nan
1489,no_output,nan,0.000,0,0.000,0.000,nan,0,nan,197.090,0,0.000,18.194,2.471,0.399,0.171,nan
1490,no_output,nan,0.000,0,0.000,0.000,nan,0,nan,108.506,0,0.000,17.909,1.336,0.437,0.171,nan
1491,no_output,nan,0.000,0,0.000,0.000,nan,0,nan,130.505,0,0.000,17.892,1.638,0.437,0.171,nan
1492,no_output,nan,0.000,0,0.000,0.000,nan,0,nan,165.382,0,0.000,18.029,1.807,0.441,0.160,nan
1493,no_output,nan,0.000,0,0.000,0.000,nan,0,nan,132.662,0,0.000,18.193,1.500,0.418,0.171,nan
1494,no_output,nan,0.000,0,0.000,0.000,nan,0,nan,92.388,0,0.000,17.876,1.701,0.411,0.179,nan
1495,no_output,nan,0.000,0,0.000,0.000,nan,0,nan,123.282,0,0.000,18.118,1.588,0.418,0.179,nan
1496,no_output,nan,0.000,0,0.000,0.000,nan,0,nan,117.468,0,0.000,17.961,1.549,0.414,0.171,nan
1497,no_output,nan,0.000,0,0.000,0.000,nan,0,nan,115.438,0,0.000,17.810,1.364,0.452,0.171,nan
1498,no_output,nan,0.000,0,0.000,0.000,nan,0,nan,123.932,0,0.000,17.969,1.247,0.407,0.171,nan
1499,no_output,nan,0.000,0,0.000,0.000,nan,0,nan,106.864,0,0.000,17.845,1.487,0.452,0.171,nan
1500,no_output,nan,0.000,0,0.000,0.000,nan,0,nan,105.561,0,0.000,18.082,1.408,0.441,0.171,nan
1501,no_output,nan,0.000,0,0.000,0.000,nan,0,nan,105.598,0,0.000,18.108,1.709,0.411,0.171,nan
1502,no_output,nan,0.000,0,0.000,0.000,nan,0,nan,102.491,0,0.000,17.907,1.531,0.430,0.183,nan
1503,no_output,nan,0.000,0,0.000,0.000,nan,0,nan,123.797,0,0.000,18.419,1.664,0.426,0.179,nan
1504,no_output,nan,0.000,0,0.000,0.000,nan,0,nan,113.134,0,0.000,17.827,1.529,0.468,0.179,nan
1505,no_output,nan,0.000,0,0.000,0.000,nan,0,nan,102.815,0,0.000,17.835,1.486,0.411,0.163,nan
1506,no_output,nan,0.000,0,0.000,0.000,nan,0,nan,129.074,0,0.000,18.056,1.498,0.449,0.179,nan
1507,no_output,nan,0.000,0,0.000,0.000,nan,0,nan,115.233,0,0.000,18.039,1.805,0.388,0.171,nan
1508,no_output,nan,0.000,0,0.000,0.000,nan,0,nan,108.604,0,0.000,17.985,1.329,0.433,0.183,nan
1509,no_output,nan,0.000,0,0.000,0.000,nan,0,nan,145.294,0,0.000,17.934,1.728,0.437,0.179,nan
1510,no_output,nan,0.000,0,0.000,0.000,nan,0,nan,134.143,0,0.000,17.785,1.492,0.437,0.175,nan
1511,no_output,nan,0.000,0,0.000,0.000,nan,0,nan,120.998,0,0.000,18.417,1.726,0.433,0.179,nan
1512,no_output,nan,0.000,0,0.000,0.000,nan,0,nan,84.916,0,0.000,17.970,1.507,0.411,0.171,nan
1513,no_output,nan,0.000,0,0.000,0.000,nan,0,nan,108.568,0,0.000,17.893,1.370,0.399,0.167,nan
1514,no_output,nan,0.000,0,0.000,0.000,nan,0,nan,113.477,0,0.000,18.013,1.735,0.433,0.179,nan
1515,no_output,nan,0.000,0,0.000,0.000,nan,0,nan,120.758,0,0.000,18.834,5.663,0.403,0.186,nan
1516,no_output,nan,0.000,0,0.000,0.000,nan,0,nan,130.464,0,0.000,17.867,1.527,0.464,0.163,nan
1517,no_output,nan,0.000,0,0.000,0.000,nan,0,nan,110.830,0,0.000,17.789,1.585,0.445,0.163,nan
1518,no_output,nan,0.000,0,0.000,0.000,nan,0,nan,144.083,0,0.000,18.006,1.698,0.411,0.179,nan
1519,no_output,nan,0.000,0,0.000,0.000,nan,0,nan,88.582,0,0.000,17.817,1.586,0.452,0.160,nan
1520,no_output,nan,0.000,0,0.000,0.000,nan,0,nan,135.767,0,0.000,17.920,1.353,0.407,0.186,nan
1521,no_output,nan,0.000,0,0.000,0.000,nan,0,nan,141.604,0,0.000,18.490,2.300,0.411,0.156,nan
1522,no_output,nan,0.000,0,0.000,0.000,nan,0,nan,136.280,0,0.000,18.237,1.672,0.441,0.171,nan
1523,no_output,nan,0.000,0,0.000,0.000,nan,0,nan,119.811,0,0.000,18.021,1.542,0.422,0.179,nan
1524,no_output,nan,0.000,0,0.000,0.000,nan,0,nan,102.870,0,0.000,18.089,1.663,0.456,0.167,nan
1525,no_output,nan,0.000,0,0.000,0.000,nan,0,nan,124.751,0,0.000,17.946,1.570,0.441,0.179,nan
1526,no_output,nan,0.000,0,0.000,0.000,nan,0,nan,143.914,0,0.000,17.931,1.663,0.426,0.179,nan
1527,no_output,nan,0.000,0,0.000,0.000,nan,0,nan,138.158,0,0.000,18.062,1.491,0.433,0.163,nan
1528,no_output,nan,0.000,0,0.000,0.000,nan,0,nan,127.283,0,0.000,18.297,2.360,0.407,0.179,nan
1529,no_output,nan,0.000,0,0.000,0.000,nan,0,nan,131.752,0,0.000,18.347,1.675,0.411,0.171,nan
1530,no_output,nan,0.000,0,0.000,0.000,nan,0,nan,87.442,0,0.000,18.505,1.974,0.422,0.167,nan
1531,no_output,nan,0.000,0,0.000,0.000,nan,0,nan,97.707,0,0.000,18.324,2.072,0.437,0.163,nan
1532,no_output,nan,0.000,0,0.000,0.000,nan,0,nan,136.544,0,0.000,18.046,1.566,0.426,0.171,nan
1533,no_output,nan,0.000,0,0.000,0.000,nan,0,nan,82.770,0,0.000,18.327,2.044,0.411,0.179,nan
1534,no_output,nan,0.000,0,0.000,0.000,nan,0,nan,143.856,0,0.000,18.065,1.981,0.441,0.186,nan
1535,no_output,nan,0.000,0,0.000,0.000,nan,0,nan,108.966,0,0.000,18.349,1.927,0.433,0.183,nan
1536,no_output,nan,0.000,0,0.000,0.000,nan,0,nan,107.316,0,0.000,18.329,1.799,0.445,0.171,nan
1537,no_output,nan,0.000,0,0.000,0.000,nan,0,nan,145.621,0,0.000,18.119,1.445,0.426,0.171,nan
1538,no_output,nan,0.000,0,0.000,0.000,nan,0,nan,146.929,0,0.000,17.962,1.703,0.422,0.179,nan
1539,no_output,nan,0.000,0,0.000,0.000,nan,0,nan,117.554,0,0.000,17.828,1.531,0.433,0.179,nan
1540,no_output,nan,0.000,0,0.000,0.000,nan,0,nan,87.305,0,0.000,17.829,1.438,0.449,0.179,nan
1541,no_output,nan,0.000,0,0.000,0.000,nan,0,nan,137.717,0,0.000,18.106,1.382,0.433,0.171,nan
1542,no_output,nan,0.000,0,0.000,0.000,nan,0,nan,145.321,0,0.000,18.094,1.603,0.407,0.183,nan
1543,no_output,nan,0.000,0,0.000,0.000,nan,0,nan,100.128,0,0.000,17.970,1.360,0.475,0.179,nan
1544,no_output,nan,0.000,0,0.000,0.000,nan,0,nan,137.884,0,0.000,17.980,1.557,0.418,0.179,nan
1545,no_output,nan,0.000,0,0.000,0.000,nan,0,nan,96.514,0,0.000,18.125,1.502,0.395,0.171,nan
1546,no_output,nan,0.000,0,0.000,0.000,nan,0,nan,133.513,0,0.000,18.304,1.703,0.422,0.171,nan
1547,no_output,nan,0.000,0,0.000,0.000,nan,0,nan,154.767,0,0.000,17.866,1.561,0.437,0.160,nan
1548,no_output,nan,0.000,0,0.000,0.000,nan,0,nan,136.142,0,0.000,17.946,1.647,0.418,0.179,nan
1549,no_output,nan,0.000,0,0.000,0.000,nan,0,nan,129.252,0,0.000,17.731,1.555,0.449,0.175,nan
1550,no_output,nan,0.000,0,0.000,0.000,nan,0,nan,117.444,0,0.000,17.868,1.470,0.426,0.179,nan
1551,no_output,nan,0.000,0,0.000,0.000,nan,0,nan,116.699,0,0.000,17.921,1.294,0.411,0.186,nan
1552,no_output,nan,0.000,0,0.000,0.000,nan,0,nan,113.565,0,0.000,17.910,1.405,0.418,0.179,nan
1553,no_output,nan,0.000,0,0.000,0.000,nan,0,nan,126.696,0,0.000,17.791,1.428,0.403,0.167,nan
1554,no_output,nan,0.000,0,0.000,0.000,nan,0,nan,129.768,0,0.000,18.330,2.499,0.407,0.175,nan
1555,no_output,nan,0.000,0,0.000,0.000,nan,0,nan,106.758,0,0.000,17.846,1.236,0.418,0.156,nan
1556,no_output,nan,0.000,0,0.000,0.000,nan,0,nan,103.284,0,0.000,18.218,1.840,0.426,0.171,nan
1557,no_output,nan,0.000,0,0.000,0.000,nan,0,nan,134.331,0,0.000,17.809,1.373,0.445,0.171,nan
1558,no_output,nan,0.000,0,0.000,0.000,nan,0,nan,169.486,0,0.000,18.069,1.548,0.464,0.163,nan
1559,no_output,nan,0.000,0,0.000,0.000,nan,0,nan,92.686,0,0.000,18.071,1.658,0.452,0.179,nan
1560,no_output,nan,0.000,0,0.000,0.000,nan,0,nan,123.698,0,0.000,18.003,1.605,0.441,0.163,nan
1561,no_output,nan,0.000,0,0.000,0.000,nan,0,nan,108.684,0,0.000,18.034,1.658,0.437,0.163,nan
1562,no_output,nan,0.000,0,0.000,0.000,nan,0,nan,132.003,0,0.000,17.876,1.553,0.411,0.179,nan
1563,no_output,nan,0.000,0,0.000,0.000,nan,0,nan,124.537,0,0.000,18.015,1.329,0.445,0.160,nan
1564,no_output,nan,0.000,0,0.000,0.000,nan,0,nan,139.069,0,0.000,18.484,1.881,0.437,0.171,nan
1565,no_output,nan,0.000,0,0.000,0.000,nan,0,nan,123.550,0,0.000,17.851,1.445,0.411,0.179,nan
1566,no_output,nan,0.000,0,0.000,0.000,nan,0,nan,144.580,0,0.000,18.082,1.435,0.445,0.167,nan
1567,no_output,nan,0.000,0,0.000,0.000,nan,0,nan,102.870,0,0.000,17.965,1.559,0.460,0.171,nan
1568,no_output,nan,0.000,0,0.000,0.000,nan,0,nan,134.132,0,0.000,18.096,1.413,0.430,0.179,nan
1569,no_output,nan,0.000,0,0.000,0.000,nan,0,nan,106.643,0,0.000,18.223,1.851,0.430,0.179,nan
1570,no_output,nan,0.000,0,0.000,0.000,nan,0,nan,119.993,0,0.000,17.965,1.446,0.426,0.160,nan
1571,no_output,nan,0.000,0,0.000,0.000,nan,0,nan,119.223,0,0.000,18.217,1.545,0.422,0.171,nan
1572,no_output,nan,0.000,0,0.000,0.000,nan,0,nan,145.275,0,0.000,18.289,2.069,0.433,0.167,nan
1573,no_output,nan,0.000,0,0.000,0.000,nan,0,nan,102.439,0,0.000,18.330,2.054,0.392,0.175,nan
1574,no_output,nan,0.000,0,0.000,0.000,nan,0,nan,87.482,0,0.000,18.041,1.426,0.392,0.171,nan
1575,no_output,nan,0.000,0,0.000,0.000,nan,0,nan,106.530,0,0.000,17.960,1.504,0.433,0.186,nan
1576,no_output,nan,0.000,0,0.000,0.000,nan,0,nan,87.241,0,0.000,18.001,1.481,0.441,0.186,nan
1577,no_output,nan,0.000,0,0.000,0.000,nan,0,nan,143.440,0,0.000,18.005,1.317,0.445,0.163,nan
1578,no_output,nan,0.000,0,0.000,0.000,nan,0,nan,118.028,0,0.000,18.168,1.943,0.380,0.163,nan
1579,no_output,nan,0.000,0,0.000,0.000,nan,0,nan,129.400,0,0.000,18.275,1.878,0.418,0.183,nan
1580,no_output,nan,0.000,0,0.000,0.000,nan,0,nan,130.550,0,0.000,17.828,1.603,0.449,0.179,nan
1581,no_output,nan,0.000,0,0.000,0.000,nan,0,nan,108.293,0,0.000,18.160,1.483,0.399,0.183,nan
1582,no_output,nan,0.000,0,0.000,0.000,nan,0,nan,125.395,0,0.000,18.229,1.630,0.433,0.179,nan
1583,no_output,nan,0.000,0,0.000,0.000,nan,0,nan,101.570,0,0.000,18.080,1.381,0.414,0.183,nan
1584,no_output,nan,0.000,0,0.000,0.000,nan,0,nan,140.477,0,0.000,17.970,1.382,0.418,0.179,nan
1585,no_output,nan,0.000,0,0.000,0.000,nan,0,nan,117.805,0,0.000,18.180,1.532,0.430,0.183,nan
1586,no_output,nan,0.000,0,0.000,0.000,nan,0,nan,132.782,0,0.000,17.891,1.458,0.414,0.179,nan
1587,no_output,nan,0.000,0,0.000,0.000,nan,0,nan,111.384,0,0.000,17.994,1.557,0.441,0.183,nan
1588,no_output,nan,0.000,0,0.000,0.000,nan,0,nan,133.114,0,0.000,17.888,1.461,0.411,0.171,nan
1589,no_output,nan,0.000,0,0.000,0.000,nan,0,nan,111.997,0,0.000,17.872,1.531,0.441,0.183,nan
1590,no_output,nan,0.000,0,0.000,0.000,nan,0,nan,91.425,0,0.000,18.037,1.278,0.414,0.167,nan
1591,no_output,nan,0.000,0,0.000,0.000,nan,0,nan,121.448,0,0.000,17.904,1.568,0.441,0.179,nan
1592,no_output,nan,0.000,0,0.000,0.000,nan,0,nan,109.123,0,0.000,17.841,1.453,0.433,0.179,nan
1593,no_output,nan,0.000,0,0.000,0.000,nan,0,nan,99.784,0,0.000,17.815,1.613,0.452,0.171,nan
1594,no_output,nan,0.000,0,0.000,0.000,nan,0,nan,134.378,0,0.000,17.896,2.023,0.392,0.167,nan
1595,no_output,nan,0.000,0,0.000,0.000,nan,0,nan,123.929,0,0.000,17.937,1.621,0.399,0.163,nan
1596,no_output,nan,0.000,0,0.000,0.000,nan,0,nan,144.954,0,0.000,17.812,1.462,0.376,0.186,nan
1597,no_output,nan,0.000,0,0.000,0.000,nan,0,nan,104.934,0,0.000,17.865,1.482,0.437,0.167,nan
1598,no_output,nan,0.000,0,0.000,0.000,nan,0,nan,116.281,0,0.000,18.138,1.611,0.437,0.167,nan
1599,no_output,nan,0.000,0,0.000,0.000,nan,0,nan,89.241,0,0.000,18.090,1.510,0.430,0.163,nan
1600,no_output,nan,0.000,0,0.000,0.000,nan,0,nan,104.547,0,0.000,17.862,1.614,0.441,0.179,nan
1601,no_output,nan,0.000,0,0.000,0.000,nan,0,nan,84.581,0,0.000,18.086,1.570,0.426,0.156,nan
1602,no_output,nan,0.000,0,0.000,0.000,nan,0,nan,97.478,0,0.000,18.272,1.805,0.449,0.171,nan
1603,no_output,nan,0.000,0,0.000,0.000,nan,0,nan,101.476,0,0.000,18.044,1.408,0.433,0.171,nan
1604,no_output,nan,0.000,0,0.000,0.000,nan,0,nan,119.025,0,0.000,17.888,1.580,0.388,0.171,nan
1605,no_output,nan,0.000,0,0.000,0.000,nan,0,nan,118.487,0,0.000,17.962,1.548,0.433,0.171,nan
1606,no_output,nan,0.000,0,0.000,0.000,nan,0,nan,109.783,0,0.000,17.757,1.556,0.430,0.171,nan
1607,no_output,nan,0.000,0,0.000,0.000,nan,0,nan,139.745,0,0.000,18.049,1.393,0.403,0.179,nan
1608,no_output,nan,0.000,0,0.000,0.000,nan,0,nan,115.990,0,0.000,17.852,1.720,0.460,0.186,nan
1609,no_output,nan,0.000,0,0.000,0.000,nan,0,nan,116.559,0,0.000,17.804,1.605,0.418,0.183,nan
1610,no_output,nan,0.000,0,0.000,0.000,nan,0,nan,146.790,0,0.000,18.067,1.524,0.418,0.186,nan
1611,no_output,nan,0.000,0,0.000,0.000,nan,0,nan,146.001,0,0.000,18.005,1.609,0.403,0.179,nan
1612,no_output,nan,0.000,0,0.000,0.000,nan,0,nan,127.788,0,0.000,18.187,1.359,0.426,0.171,nan
1613,no_output,nan,0.000,0,0.000,0.000,nan,0,nan,111.442,0,0.000,19.551,5.353,0.392,0.152,nan
1614,no_output,nan,0.000,0,0.000,0.000,nan,0,nan,94.152,0,0.000,18.014,1.417,0.407,0.179,nan
1615,no_output,nan,0.000,0,0.000,0.000,nan,0,nan,126.449,0,0.000,18.621,2.524,0.388,0.167,nan
1616,no_output,nan,0.000,0,0.000,0.000,nan,0,nan,96.257,0,0.000,17.865,1.704,0.373,0.167,nan
1617,no_output,nan,0.000,0,0.000,0.000,nan,0,nan,102.166,0,0.000,18.344,1.952,0.449,0.171,nan
1618,no_output,nan,0.000,0,0.000,0.000,nan,0,nan,115.497,0,0.000,18.080,1.576,0.380,0.179,nan
1619,no_output,nan,0.000,0,0.000,0.000,nan,0,nan,102.718,0,0.000,18.251,2.014,0.445,0.175,nan
1620,no_output,nan,0.000,0,0.000,0.000,nan,0,nan,135.605,0,0.000,18.310,2.078,0.411,0.163,nan
1621,no_output,nan,0.000,0,0.000,0.000,nan,0,nan,145.548,0,0.000,18.141,1.585,0.422,0.167,nan
1622,no_output,nan,0.000,0,0.000,0.000,nan,0,nan,132.004,0,0.000,18.018,1.316,0.411,0.179,nan
1623,no_output,nan,0.000,0,0.000,0.000,nan,0,nan,173.887,0,0.000,17.948,1.593,0.426,0.186,nan
1624,no_output,nan,0.000,0,0.000,0.000,nan,0,nan,130.995,0,0.000,17.842,1.437,0.407,0.167,nan
1625,no_output,nan,0.000,0,0.000,0.000,nan,0,nan,87.935,0,0.000,17.879,1.624,0.449,0.171,nan
1626,no_output,nan,0.000,0,0.000,0.000,nan,0,nan,110.692,0,0.000,17.892,1.617,0.411,0.183,nan
1627,no_output,nan,0.000,0,0.000,0.000,nan,0,nan,94.029,0,0.000,17.955,1.522,0.445,0.171,nan
1628,no_output,nan,0.000,0,0.000,0.000,nan,0,nan,111.523,0,0.000,17.896,1.281,0.456,0.171,nan
1629,no_output,nan,0.000,0,0.000,0.000,nan,0,nan,138.332,0,0.000,17.964,1.321,0.449,0.179,nan
1630,no_output,nan,0.000,0,0.000,0.000,nan,0,nan,158.152,0,0.000,17.935,1.574,0.441,0.175,nan
1631,no_output,nan,0.000,0,0.000,0.000,nan,0,nan,115.386,0,0.000,17.820,1.277,0.426,0.179,nan
1632,no_output,nan,0.000,0,0.000,0.000,nan,0,nan,112.381,0,0.000,18.204,1.384,0.441,0.179,nan
1633,no_output,nan,0.000,0,0.000,0.000,nan,0,nan,141.865,0,0.000,17.960,1.364,0.456,0.179,nan
1634,no_output,nan,0.000,0,0.000,0.000,nan,0,nan,118.574,0,0.000,18.122,1.512,0.437,0.163,nan
1635,no_output,nan,0.000,0,0.000,0.000,nan,0,nan,112.039,0,0.000,18.155,1.548,0.418,0.171,nan
1636,no_output,nan,0.000,0,0.000,0.000,nan,0,nan,138.576,0,0.000,18.058,1.474,0.437,0.171,nan
1637,no_output,nan,0.000,0,0.000,0.000,nan,0,nan,100.858,0,0.000,17.982,1.331,0.407,0.179,nan
1638,no_output,nan,0.000,0,0.000,0.000,nan,0,nan,155.012,0,0.000,18.074,1.349,0.414,0.190,nan
1639,no_output,nan,0.000,0,0.000,0.000,nan,0,nan,99.976,0,0.000,17.947,1.774,0.430,0.171,nan
1640,no_output,nan,0.000,0,0.000,0.000,nan,0,nan,130.862,0,0.000,18.181,2.024,0.430,0.179,nan
1641,no_output,nan,0.000,0,0.000,0.000,nan,0,nan,129.419,0,0.000,18.366,2.340,0.399,0.186,nan
1642,no_output,nan,0.000,0,0.000,0.000,nan,0,nan,134.475,0,0.000,18.645,1.927,0.422,0.179,nan
1643,no_output,nan,0.000,0,0.000,0.000,nan,0,nan,129.484,0,0.000,17.893,1.634,0.392,0.163,nan
1644,no_output,nan,0.000,0,0.000,0.000,nan,0,nan,122.353,0,0.000,17.984,1.440,0.445,0.179,nan
1645,no_output,nan,0.000,0,0.000,0.000,nan,0,nan,105.801,0,0.000,17.862,1.408,0.426,0.183,nan
1646,no_output,nan,0.000,0,0.000,0.000,nan,0,nan,135.038,0,0.000,17.852,1.450,0.407,0.171,nan
1647,no_output,nan,0.000,0,0.000,0.000,nan,0,nan,114.109,0,0.000,17.954,1.338,0.437,0.167,nan
1648,no_output,nan,0.000,0,0.000,0.000,nan,0,nan,139.871,0,0.000,17.776,1.387,0.433,0.175,nan
1649,no_output,nan,0.000,0,0.000,0.000,nan,0,nan,120.798,0,0.000,18.001,1.596,0.430,0.171,nan
1650,no_output,nan,0.000,0,0.000,0.000,nan,0,nan,132.698,0,0.000,18.145,1.897,0.399,0.175,nan
1651,no_output,nan,0.000,0,0.000,0.000,nan,0,nan,112.157,0,0.000,18.049,1.518,0.403,0.179,nan
1652,no_output,nan,0.000,0,0.000,0.000,nan,0,nan,88.810,0,0.000,17.820,1.472,0.445,0.179,nan
1653,no_output,nan,0.000,0,0.000,0.000,nan,0,nan,147.822,0,0.000,18.118,1.882,0.399,0.179,nan
1654,no_output,nan,0.000,0,0.000,0.000,nan,0,nan,115.443,0,0.000,17.937,1.274,0.426,0.179,nan
1655,no_output,nan,0.000,0,0.000,0.000,nan,0,nan,94.905,0,0.000,17.756,1.769,0.445,0.175,nan
1656,no_output,nan,0.000,0,0.000,0.000,nan,0,nan,145.475,0,0.000,18.221,1.388,0.414,0.183,nan
1657,no_output,nan,0.000,0,0.000,0.000,nan,0,nan,142.080,0,0.000,17.972,1.607,0.422,0.171,nan
1658,no_output,nan,0.000,0,0.000,0.000,nan,0,nan,94.823,0,0.000,18.153,1.619,0.433,0.179,nan
1659,no_output,nan,0.000,0,0.000,0.000,nan,0,nan,123.979,0,0.000,18.022,1.783,0.430,0.179,nan
1660,no_output,nan,0.000,0,0.000,0.000,nan,0,nan,140.550,0,0.000,17.904,1.481,0.418,0.183,nan
1661,no_output,nan,0.000,0,0.000,0.000,nan,0,nan,152.050,0,0.000,17.974,1.453,0.441,0.179,nan
1662,no_output,nan,0.000,0,0.000,0.000,nan,0,nan,108.958,0,0.000,17.948,1.382,0.422,0.179,nan
1663,no_output,nan,0.000,0,0.000,0.000,nan,0,nan,119.238,0,0.000,18.131,1.403,0.418,0.171,nan
1664,no_output,nan,0.000,0,0.000,0.000,nan,0,nan,132.418,0,0.000,18.133,1.530,0.407,0.167,nan
1665,no_output,nan,0.000,0,0.000,0.000,nan,0,nan,152.964,0,0.000,17.968,1.413,0.452,0.163,nan
1666,no_output,nan,0.000,0,0.000,0.000,nan,0,nan,144.681,0,0.000,17.899,1.574,0.426,0.171,nan
1667,no_output,nan,0.000,0,0.000,0.000,nan,0,nan,108.189,0,0.000,18.012,1.353,0.449,0.175,nan
1668,no_output,nan,0.000,0,0.000,0.000,nan,0,nan,118.369,0,0.000,17.828,1.430,0.437,0.186,nan
1669,no_output,nan,0.000,0,0.000,0.000,nan,0,nan,155.470,0,0.000,18.140,1.350,0.418,0.179,nan
1670,no_output,nan,0.000,0,0.000,0.000,nan,0,nan,120.124,0,0.000,17.970,1.546,0.403,0.163,nan
1671,no_output,nan,0.000,0,0.000,0.000,nan,0,nan,112.562,0,0.000,17.983,1.758,0.426,0.175,nan
1672,no_output,nan,0.000,0,0.000,0.000,nan,0,nan,105.215,0,0.000,18.142,1.749,0.392,0.179,nan
1673,no_output,nan,0.000,0,0.000,0.000,nan,0,nan,152.371,0,0.000,17.976,1.423,0.464,0.183,nan
1674,no_output,nan,0.000,0,0.000,0.000,nan,0,nan,118.534,0,0.000,17.995,1.483,0.426,0.175,nan
1675,no_output,nan,0.000,0,0.000,0.000,nan,0,nan,131.038,0,0.000,18.039,1.419,0.433,0.179,nan
1676,no_output,nan,0.000,0,0.000,0.000,nan,0,nan,111.679,0,0.000,17.798,1.294,0.414,0.179,nan
1677,no_output,nan,0.000,0,0.000,0.000,nan,0,nan,148.511,0,0.000,17.938,1.466,0.426,0.175,nan
1678,no_output,nan,0.000,0,0.000,0.000,nan,0,nan,121.008,0,0.000,17.700,1.652,0.433,0.179,nan
1679,no_output,nan,0.000,0,0.000,0.000,nan,0,nan,101.463,0,0.000,18.636,2.045,0.433,0.148,nan
1680,no_output,nan,0.000,0,0.000,0.000,nan,0,nan,104.150,0,0.000,18.003,1.445,0.422,0.179,nan
1681,no_output,nan,0.000,0,0.000,0.000,nan,0,nan,159.104,0,0.000,18.088,1.301,0.399,0.167,nan
1682,no_output,nan,0.000,0,0.000,0.000,nan,0,nan,93.086,0,0.000,18.183,1.383,0.464,0.171,nan
1683,no_output,nan,0.000,0,0.000,0.000,nan,0,nan,140.802,0,0.000,18.198,1.561,0.411,0.160,nan
1684,no_output,nan,0.000,0,0.000,0.000,nan,0,nan,121.022,0,0.000,18.105,1.571,0.426,0.171,nan
1685,no_output,nan,0.000,0,0.000,0.000,nan,0,nan,101.960,0,0.000,17.991,1.447,0.407,0.179,nan
1686,no_output,nan,0.000,0,0.000,0.000,nan,0,nan,164.956,0,0.000,18.240,1.627,0.403,0.179,nan
1687,no_output,nan,0.000,0,0.000,0.000,nan,0,nan,152.558,0,0.000,17.944,1.463,0.407,0.186,nan
1688,no_output,nan,0.000,0,0.000,0.000,nan,0,nan,101.248,0,0.000,17.927,1.413,0.445,0.163,nan
1689,no_output,nan,0.000,0,0.000,0.000,nan,0,nan,119.587,0,0.000,17.776,1.552,0.403,0.186,nan
1690,no_output,nan,0.000,0,0.000,0.000,nan,0,nan,111.939,0,0.000,18.072,1.586,0.437,0.179,nan
1691,no_output,nan,0.000,0,0.000,0.000,nan,0,nan,97.292,0,0.000,17.934,1.517,0.414,0.183,nan
1692,no_output,nan,0.000,0,0.000,0.000,nan,0,nan,141.134,0,0.000,17.946,1.364,0.395,0.167,nan
1693,no_output,nan,0.000,0,0.000,0.000,nan,0,nan,152.004,0,0.000,18.071,1.433,0.403,0.186,nan
1694,no_output,nan,0.000,0,0.000,0.000,nan,0,nan,130.918,0,0.000,18.092,1.490,0.449,0.163,nan
1695,no_output,nan,0.000,0,0.000,0.000,nan,0,nan,134.313,0,0.000,17.896,1.357,0.388,0.179,nan
1696,no_output,nan,0.000,0,0.000,0.000,nan,0,nan,126.365,0,0.000,18.161,1.408,0.422,0.175,nan
1697,no_output,nan,0.000,0,0.000,0.000,nan,0,nan,130.202,0,0.000,17.928,1.356,0.445,0.175,nan
1698,no_output,nan,0.000,0,0.000,0.000,nan,0,nan,101.070,0,0.000,17.886,1.470,0.399,0.179,nan
1699,no_output,nan,0.000,0,0.000,0.000,nan,0,nan,128.240,0,0.000,18.065,1.751,0.403,0.160,nan
1700,no_output,nan,0.000,0,0.000,0.000,nan,0,nan,124.742,0,0.000,17.874,1.858,0.456,0.163,nan
1701,no_output,nan,0.000,0,0.000,0.000,nan,0,nan,88.166,0,0.000,18.001,1.392,0.445,0.163,nan
1702,no_output,nan,0.000,0,0.000,0.000,nan,0,nan,110.481,0,0.000,17.964,1.734,0.414,0.179,nan
1703,no_output,nan,0.000,0,0.000,0.000,nan,0,nan,125.365,0,0.000,18.240,1.428,0.456,0.179,nan
1704,no_output,nan,0.000,0,0.000,0.000,nan,0,nan,127.423,0,0.000,17.798,1.670,0.426,0.179,nan
1705,no_output,nan,0.000,0,0.000,0.000,nan,0,nan,139.468,0,0.000,17.955,1.452,0.414,0.179,nan
1706,no_output,nan,0.000,0,0.000,0.000,nan,0,nan,144.526,0,0.000,18.508,1.847,0.411,0.171,nan
1707,no_output,nan,0.000,0,0.000,0.000,nan,0,nan,108.920,0,0.000,17.884,1.517,0.437,0.183,nan
1708,no_output,nan,0.000,0,0.000,0.000,nan,0,nan,100.686,0,0.000,18.086,1.391,0.452,0.179,nan
1709,no_output,nan,0.000,0,0.000,0.000,nan,0,nan,152.090,0,0.000,17.913,1.652,0.445,0.179,nan
1710,no_output,nan,0.000,0,0.000,0.000,nan,0,nan,119.474,0,0.000,17.923,1.680,0.414,0.179,nan
1711,no_output,nan,0.000,0,0.000,0.000,nan,0,nan,132.358,0,0.000,17.916,1.543,0.392,0.190,nan
1712,no_output,nan,0.000,0,0.000,0.000,nan,0,nan,122.726,0,0.000,18.375,1.763,0.426,0.183,nan
1713,no_output,nan,0.000,0,0.000,0.000,nan,0,nan,128.710,0,0.000,18.058,1.708,0.426,0.183,nan
1714,no_output,nan,0.000,0,0.000,0.000,nan,0,nan,82.706,0,0.000,17.887,1.851,0.441,0.167,nan
1715,no_output,nan,0.000,0,0.000,0.000,nan,0,nan,164.652,0,0.000,18.382,1.676,0.395,0.163,nan
1716,no_output,nan,0.000,0,0.000,0.000,nan,0,nan,128.748,0,0.000,18.576,2.330,0.426,0.163,nan
1717,no_output,nan,0.000,0,0.000,0.000,nan,0,nan,109.711,0,0.000,18.041,1.267,0.445,0.171,nan
1718,no_output,nan,0.000,0,0.000,0.000,nan,0,nan,122.379,0,0.000,18.031,1.681,0.437,0.163,nan
1719,no_output,nan,0.000,0,0.000,0.000,nan,0,nan,133.943,0,0.000,18.234,1.500,0.411,0.171,nan
1720,no_output,nan,0.000,0,0.000,0.000,nan,0,nan,102.197,0,0.000,18.110,1.323,0.414,0.190,nan
1721,no_output,nan,0.000,0,0.000,0.000,nan,0,nan,144.019,0,0.000,18.315,1.521,0.430,0.179,nan
1722,no_output,nan,0.000,0,0.000,0.000,nan,0,nan,90.132,0,0.000,18.078,1.388,0.411,0.171,nan
1723,no_output,nan,0.000,0,0.000,0.000,nan,0,nan,117.328,0,0.000,17.939,1.435,0.384,0.186,nan
1724,no_output,nan,0.000,0,0.000,0.000,nan,0,nan,140.112,0,0.000,18.076,1.561,0.433,0.171,nan
1725,no_output,nan,0.000,0,0.000,0.000,nan,0,nan,124.347,0,0.000,18.056,1.928,0.422,0.183,nan
1726,no_output,nan,0.000,0,0.000,0.000,nan,0,nan,110.833,0,0.000,18.130,1.754,0.403,0.179,nan
1727,no_output,nan,0.000,0,0.000,0.000,nan,0,nan,124.004,0,0.000,18.128,1.299,0.411,0.175,nan
1728,no_output,nan,0.000,0,0.000,0.000,nan,0,nan,141.145,0,0.000,18.004,1.283,0.392,0.179,nan
1729,no_output,nan,0.000,0,0.000,0.000,nan,0,nan,109.889,0,0.000,18.055,1.292,0.445,0.152,nan
1730,no_output,nan,0.000,0,0.000,0.000,nan,0,nan,125.904,0,0.000,18.223,1.383,0.407,0.179,nan
1731,no_output,nan,0.000,0,0.000,0.000,nan,0,nan,122.376,0,0.000,18.069,1.349,0.437,0.167,nan
1732,no_output,nan,0.000,0,0.000,0.000,nan,0,nan,128.653,0,0.000,17.924,1.349,0.418,0.179,nan
1733,no_output,nan,0.000,0,0.000,0.000,nan,0,nan,103.620,0,0.000,17.956,1.657,0.403,0.160,nan
1734,no_output,nan,0.000,0,0.000,0.000,nan,0,nan,134.351,0,0.000,18.119,1.776,0.422,0.175,nan
1735,no_output,nan,0.000,0,0.000,0.000,nan,0,nan,127.388,0,0.000,17.955,1.832,0.388,0.171,nan
1736,no_output,nan,0.000,0,0.000,0.000,nan,0,nan,114.319,0,0.000,18.198,1.402,0.403,0.171,nan
1737,no_output,nan,0.000,0,0.000,0.000,nan,0,nan,117.839,0,0.000,18.308,1.860,0.414,0.171,nan
1738,no_output,nan,0.000,0,0.000,0.000,nan,0,nan,100.729,0,0.000,18.080,1.392,0.449,0.163,nan
1739,no_output,nan,0.000,0,0.000,0.000,nan,0,nan,110.190,0,0.000,17.807,1.405,0.414,0.179,nan
1740,no_output,nan,0.000,0,0.000,0.000,nan,0,nan,119.844,0,0.000,18.311,1.484,0.411,0.167,nan
1741,no_output,nan,0.000,0,0.000,0.000,nan,0,nan,87.972,0,0.000,18.013,1.681,0.384,0.179,nan
1742,no_output,nan,0.000,0,0.000,0.000,nan,0,nan,148.454,0,0.000,17.817,1.309,0.445,0.186,nan
1743,no_output,nan,0.000,0,0.000,0.000,nan,0,nan,130.996,0,0.000,18.089,1.475,0.430,0.190,nan
1744,no_output,nan,0.000,0,0.000,0.000,nan,0,nan,134.597,0,0.000,18.358,2.385,0.437,0.179,nan
1745,no_output,nan,0.000,0,0.000,0.000,nan,0,nan,95.250,0,0.000,18.339,1.832,0.445,0.179,nan
1746,no_output,nan,0.000,0,0.000,0.000,nan,0,nan,126.799,0,0.000,18.028,1.399,0.411,0.183,nan
1747,no_output,nan,0.000,0,0.000,0.000,nan,0,nan,103.295,0,0.000,18.010,1.449,0.422,0.171,nan
1748,no_output,nan,0.000,0,0.000,0.000,nan,0,nan,134.102,0,0.000,18.141,1.434,0.399,0.179,nan
1749,no_output,nan,0.000,0,0.000,0.000,nan,0,nan,126.449,0,0.000,17.736,1.794,0.456,0.175,nan
1750,no_output,nan,0.000,0,0.000,0.000,nan,0,nan,129.842,0,0.000,17.806,1.426,0.441,0.179,nan
1751,no_output,nan,0.000,0,0.000,0.000,nan,0,nan,119.046,0,0.000,17.936,1.687,0.411,0.163,nan
1752,no_output,nan,0.000,0,0.000,0.000,nan,0,nan,120.623,0,0.000,17.961,1.355,0.414,0.175,nan
1753,no_output,nan,0.000,0,0.000,0.000,nan,0,nan,142.901,0,0.000,17.897,1.503,0.433,0.179,nan
1754,no_output,nan,0.000,0,0.000,0.000,nan,0,nan,116.330,0,0.000,18.012,1.398,0.452,0.167,nan
1755,no_output,nan,0.000,0,0.000,0.000,nan,0,nan,135.088,0,0.000,18.081,2.078,0.399,0.163,nan
1756,no_output,nan,0.000,0,0.000,0.000,nan,0,nan,122.158,0,0.000,18.050,1.613,0.437,0.175,nan
1757,no_output,nan,0.000,0,0.000,0.000,nan,0,nan,110.861,0,0.000,18.050,1.346,0.384,0.171,nan
1758,no_output,nan,0.000,0,0.000,0.000,nan,0,nan,123.602,0,0.000,18.099,1.563,0.369,0.171,nan
1759,no_output,nan,0.000,0,0.000,0.000,nan,0,nan,107.515,0,0.000,17.877,1.416,0.411,0.179,nan
1760,no_output,nan,0.000,0,0.000,0.000,nan,0,nan,109.056,0,0.000,17.992,1.464,0.414,0.183,nan
1761,no_output,nan,0.000,0,0.000,0.000,nan,0,nan,125.033,0,0.000,17.920,1.338,0.422,0.179,nan
1762,no_output,nan,0.000,0,0.000,0.000,nan,0,nan,118.258,0,0.000,17.906,1.510,0.426,0.163,nan
1763,no_output,nan,0.000,0,0.000,0.000,nan,0,nan,131.422,0,0.000,18.061,1.279,0.437,0.179,nan
1764,no_output,nan,0.000,0,0.000,0.000,nan,0,nan,129.959,0,0.000,17.952,1.485,0.449,0.186,nan
1765,no_output,nan,0.000,0,0.000,0.000,nan,0,nan,119.957,0,0.000,17.987,1.358,0.426,0.183,nan
1766,no_output,nan,0.000,0,0.000,0.000,nan,0,nan,169.910,0,0.000,18.387,1.840,0.399,0.179,nan
1767,no_output,nan,0.000,0,0.000,0.000,nan,0,nan,124.230,0,0.000,17.868,1.470,0.449,0.163,nan
1768,no_output,nan,0.000,0,0.000,0.000,nan,0,nan,130.743,0,0.000,17.879,1.341,0.452,0.183,nan
1769,no_output,nan,0.000,0,0.000,0.000,nan,0,nan,96.406,0,0.000,18.189,1.444,0.414,0.179,nan
1770,no_output,nan,0.000,0,0.000,0.000,nan,0,nan,107.995,0,0.000,18.373,1.722,0.403,0.171,nan
1771,no_output,nan,0.000,0,0.000,0.000,nan,0,nan,134.562,0,0.000,17.956,1.217,0.430,0.171,nan
1772,no_output,nan,0.000,0,0.000,0.000,nan,0,nan,146.590,0,0.000,18.028,1.487,0.384,0.183,nan
1773,no_output,nan,0.000,0,0.000,0.000,nan,0,nan,117.264,0,0.000,18.105,1.357,0.433,0.179,nan
1774,no_output,nan,0.000,0,0.000,0.000,nan,0,nan,106.072,0,0.000,17.822,1.324,0.407,0.179,nan
1775,no_output,nan,0.000,0,0.000,0.000,nan,0,nan,91.005,0,0.000,18.053,1.578,0.426,0.167,nan
1776,no_output,nan,0.000,0,0.000,0.000,nan,0,nan,137.045,0,0.000,17.956,1.513,0.437,0.186,nan
1777,no_output,nan,0.000,0,0.000,0.000,nan,0,nan,93.484,0,0.000,17.983,1.706,0.456,0.171,nan
1778,no_output,nan,0.000,0,0.000,0.000,nan,0,nan,109.973,0,0.000,18.138,1.658,0.430,0.167,nan
1779,no_output,nan,0.000,0,0.000,0.000,nan,0,nan,141.961,0,0.000,17.885,1.234,0.411,0.179,nan
1780,no_output,nan,0.000,0,0.000,0.000,nan,0,nan,127.894,0,0.000,18.645,1.904,0.426,0.175,nan
1781,no_output,nan,0.000,0,0.000,0.000,nan,0,nan,116.324,0,0.000,18.006,1.510,0.445,0.179,nan
1782,no_output,nan,0.000,0,0.000,0.000,nan,0,nan,144.462,0,0.000,18.629,2.638,0.430,0.175,nan
1783,no_output,nan,0.000,0,0.000,0.000,nan,0,nan,106.568,0,0.000,18.119,1.570,0.460,0.183,nan
1784,no_output,nan,0.000,0,0.000,0.000,nan,0,nan,114.417,0,0.000,18.141,1.876,0.395,0.171,nan
1785,no_output,nan,0.000,0,0.000,0.000,nan,0,nan,112.786,0,0.000,18.040,1.595,0.441,0.167,nan
1786,no_output,nan,0.000,0,0.000,0.000,nan,0,nan,156.690,0,0.000,18.190,2.055,0.414,0.179,nan
1787,no_output,nan,0.000,0,0.000,0.000,nan,0,nan,127.507,0,0.000,17.999,1.507,0.426,0.179,nan
1788,no_output,nan,0.000,0,0.000,0.000,nan,0,nan,105.573,0,0.000,18.933,3.459,0.403,0.171,nan
1789,no_output,nan,0.000,0,0.000,0.000,nan,0,nan,116.818,0,0.000,17.931,1.492,0.426,0.179,nan
1790,no_output,nan,0.000,0,0.000,0.000,nan,0,nan,133.036,0,0.000,17.902,1.264,0.407,0.179,nan
1791,no_output,nan,0.000,0,0.000,0.000,nan,0,nan,119.358,0,0.000,18.108,1.622,0.403,0.152,nan
1792,no_output,nan,0.000,0,0.000,0.000,nan,0,nan,142.202,0,0.000,17.874,1.524,0.399,0.179,nan
1793,no_output,nan,0.000,0,0.000,0.000,nan,0,nan,103.095,0,0.000,18.096,1.655,0.384,0.179,nan
1794,no_output,nan,0.000,0,0.000,0.000,nan,0,nan,125.774,0,0.000,18.107,1.326,0.437,0.179,nan
1795,no_output,nan,0.000,0,0.000,0.000,nan,0,nan,106.237,0,0.000,17.876,1.428,0.445,0.179,nan
1796,no_output,nan,0.000,0,0.000,0.000,nan,0,nan,99.879,0,0.000,17.844,1.455,0.456,0.175,nan
1797,no_output,nan,0.000,0,0.000,0.000,nan,0,nan,128.249,0,0.000,17.998,1.377,0.411,0.179,nan
1798,no_output,nan,0.000,0,0.000,0.000,nan,0,nan,111.890,0,0.000,17.932,1.440,0.418,0.179,nan
1799,no_output,nan,0.000,0,0.000,0.000,nan,0,nan,130.578,0,0.000,17.824,1.546,0.433,0.179,nan
1800,no_output,nan,0.000,0,0.000,0.000,nan,0,nan,142.176,0,0.000,18.116,1.590,0.430,0.171,nan
1801,no_output,nan,0.000,0,0.000,0.000,nan,0,nan,150.983,0,0.000,18.236,1.718,0.380,0.179,nan
1802,no_output,nan,0.000,0,0.000,0.000,nan,0,nan,120.999,0,0.000,17.734,1.614,0.445,0.175,nan
1803,no_output,nan,0.000,0,0.000,0.000,nan,0,nan,133.214,0,0.000,18.056,1.770,0.441,0.186,nan
1804,no_output,nan,0.000,0,0.000,0.000,nan,0,nan,118.938,0,0.000,18.142,1.949,0.411,0.171,nan
1805,no_output,nan,0.000,0,0.000,0.000,nan,0,nan,99.506,0,0.000,18.395,1.470,0.418,0.171,nan
1806,no_output,nan,0.000,0,0.000,0.000,nan,0,nan,108.322,0,0.000,18.020,1.431,0.426,0.171,nan
1807,no_output,nan,0.000,0,0.000,0.000,nan,0,nan,101.713,0,0.000,18.143,2.080,0.365,0.156,nan
1808,no_output,nan,0.000,0,0.000,0.000,nan,0,nan,152.265,0,0.000,18.028,1.724,0.441,0.171,nan
1809,no_output,nan,0.000,0,0.000,0.000,nan,0,nan,98.759,0,0.000,17.918,1.475,0.433,0.179,nan
1810,no_output,nan,0.000,0,0.000,0.000,nan,0,nan,126.103,0,0.000,17.734,1.666,0.437,0.175,nan
1811,no_output,nan,0.000,0,0.000,0.000,nan,0,nan,123.151,0,0.000,18.480,1.807,0.399,0.183,nan
1812,no_output,nan,0.000,0,0.000,0.000,nan,0,nan,110.494,0,0.000,17.962,1.513,0.452,0.179,nan
1813,no_output,nan,0.000,0,0.000,0.000,nan,0,nan,113.351,0,0.000,18.833,3.356,0.407,0.163,nan
1814,no_output,nan,0.000,0,0.000,0.000,nan,0,nan,101.549,0,0.000,17.884,1.595,0.414,0.183,nan
1815,no_output,nan,0.000,0,0.000,0.000,nan,0,nan,124.183,0,0.000,17.899,1.510,0.426,0.171,nan
1816,no_output,nan,0.000,0,0.000,0.000,nan,0,nan,130.756,0,0.000,18.147,1.859,0.411,0.171,nan
1817,no_output,nan,0.000,0,0.000,0.000,nan,0,nan,111.133,0,0.000,18.239,1.420,0.452,0.179,nan
1818,no_output,nan,0.000,0,0.000,0.000,nan,0,nan,132.343,0,0.000,18.352,1.727,0.449,0.175,nan
1819,no_output,nan,0.000,0,0.000,0.000,nan,0,nan,121.231,0,0.000,18.133,1.714,0.395,0.179,nan
1820,no_output,nan,0.000,0,0.000,0.000,nan,0,nan,153.541,0,0.000,18.059,1.206,0.437,0.171,nan
1821,no_output,nan,0.000,0,0.000,0.000,nan,0,nan,116.538,0,0.000,18.103,1.530,0.441,0.163,nan
1822,no_output,nan,0.000,0,0.000,0.000,nan,0,nan,100.241,0,0.000,17.928,1.647,0.422,0.163,nan
1823,no_output,nan,0.000,0,0.000,0.000,nan,0,nan,134.508,0,0.000,18.182,1.654,0.418,0.186,nan
1824,no_output,nan,0.000,0,0.000,0.000,nan,0,nan,143.474,0,0.000,17.974,1.650,0.384,0.179,nan
1825,no_output,nan,0.000,0,0.000,0.000,nan,0,nan,131.732,0,0.000,17.868,1.487,0.452,0.171,nan
1826,no_output,nan,0.000,0,0.000,0.000,nan,0,nan,109.132,0,0.000,18.002,2.061,0.452,0.137,nan
1827,no_output,nan,0.000,0,0.000,0.000,nan,0,nan,117.024,0,0.000,18.030,1.409,0.422,0.179,nan
1828,no_output,nan,0.000,0,0.000,0.000,nan,0,nan,138.127,0,0.000,17.939,2.175,0.399,0.163,nan
1829,no_output,nan,0.000,0,0.000,0.000,nan,0,nan,139.085,0,0.000,18.001,2.207,0.430,0.171,nan
1830,no_output,nan,0.000,0,0.000,0.000,nan,0,nan,96.666,0,0.000,17.935,1.319,0.430,0.179,nan
1831,no_output,nan,0.000,0,0.000,0.000,nan,0,nan,126.000,0,0.000,17.864,1.452,0.426,0.171,nan
1832,no_output,nan,0.000,0,0.000,0.000,nan,0,nan,108.042,0,0.000,17.950,1.594,0.422,0.183,nan
1833,no_output,nan,0.000,0,0.000,0.000,nan,0,nan,103.453,0,0.000,17.823,1.461,0.418,0.179,nan
1834,no_output,nan,0.000,0,0.000,0.000,nan,0,nan,125.326,0,0.000,18.007,1.423,0.407,0.179,nan
1835,no_output,nan,0.000,0,0.000,0.000,nan,0,nan,75.128,0,0.000,18.152,1.410,0.395,0.179,nan
1836,no_output,nan,0.000,0,0.000,0.000,nan,0,nan,121.050,0,0.000,17.961,1.845,0.411,0.186,nan
1837,no_output,nan,0.000,0,0.000,0.000,nan,0,nan,114.433,0,0.000,17.887,1.416,0.449,0.171,nan
1838,no_output,nan,0.000,0,0.000,0.000,nan,0,nan,91.932,0,0.000,17.835,1.931,0.426,0.183,nan
1839,no_output,nan,0.000,0,0.000,0.000,nan,0,nan,111.710,0,0.000,17.918,1.615,0.433,0.171,nan
1840,no_output,nan,0.000,0,0.000,0.000,nan,0,nan,134.712,0,0.000,17.874,1.487,0.422,0.183,nan
1841,no_output,nan,0.000,0,0.000,0.000,nan,0,nan,121.481,0,0.000,17.937,1.378,0.407,0.183,nan
1842,no_output,nan,0.000,0,0.000,0.000,nan,0,nan,131.097,0,0.000,17.882,1.601,0.430,0.171,nan
1843,no_output,nan,0.000,0,0.000,0.000,nan,0,nan,103.856,0,0.000,17.964,1.519,0.399,0.179,nan
1844,no_output,nan,0.000,0,0.000,0.000,nan,0,nan,96.918,0,0.000,17.886,1.568,0.452,0.152,nan
1845,no_output,nan,0.000,0,0.000,0.000,nan,0,nan,131.905,0,0.000,17.791,1.651,0.441,0.179,nan
1846,no_output,nan,0.000,0,0.000,0.000,nan,0,nan,129.181,0,0.000,18.135,1.656,0.399,0.186,nan
1847,no_output,nan,0.000,0,0.000,0.000,nan,0,nan,111.488,0,0.000,18.737,3.830,0.430,0.171,nan
1848,no_output,nan,0.000,0,0.000,0.000,nan,0,nan,140.156,0,0.000,17.927,1.685,0.418,0.171,nan
1849,no_output,nan,0.000,0,0.000,0.000,nan,0,nan,142.083,0,0.000,17.912,1.513,0.430,0.179,nan
1850,no_output,nan,0.000,0,0.000,0.000,nan,0,nan,111.253,0,0.000,18.010,1.544,0.433,0.175,nan
1851,no_output,nan,0.000,0,0.000,0.000,nan,0,nan,134.805,0,0.000,18.125,1.564,0.437,0.171,nan
1852,no_output,nan,0.000,0,0.000,0.000,nan,0,nan,110.846,0,0.000,18.551,2.143,0.403,0.171,nan
1853,no_output,nan,0.000,0,0.000,0.000,nan,0,nan,127.549,0,0.000,18.038,1.633,0.426,0.163,nan
1854,no_output,nan,0.000,0,0.000,0.000,nan,0,nan,145.223,0,0.000,18.094,2.715,0.460,0.171,nan
1855,no_output,nan,0.000,0,0.000,0.000,nan,0,nan,121.214,0,0.000,17.886,1.578,0.411,0.179,nan
1856,no_output,nan,0.000,0,0.000,0.000,nan,0,nan,122.214,0,0.000,17.909,1.524,0.411,0.171,nan
1857,no_output,nan,0.000,0,0.000,0.000,nan,0,nan,117.266,0,0.000,17.898,1.632,0.384,0.171,nan
1858,no_output,nan,0.000,0,0.000,0.000,nan,0,nan,115.015,0,0.000,17.909,1.491,0.361,0.186,nan
1859,no_output,nan,0.000,0,0.000,0.000,nan,0,nan,138.264,0,0.000,17.937,1.962,0.426,0.171,nan
1860,no_output,nan,0.000,0,0.000,0.000,nan,0,nan,127.137,0,0.000,17.857,1.595,0.407,0.179,nan
1861,no_output,nan,0.000,0,0.000,0.000,nan,0,nan,166.998,0,0.000,18.008,1.697,0.445,0.179,nan
1862,no_output,nan,0.000,0,0.000,0.000,nan,0,nan,106.631,0,0.000,17.843,1.241,0.414,0.171,nan
1863,no_output,nan,0.000,0,0.000,0.000,nan,0,nan,119.621,0,0.000,18.126,1.773,0.452,0.171,nan
1864,no_output,nan,0.000,0,0.000,0.000,nan,0,nan,97.546,0,0.000,18.125,2.140,0.414,0.163,nan
1865,no_output,nan,0.000,0,0.000,0.000,nan,0,nan,112.730,0,0.000,18.047,1.211,0.407,0.175,nan
1866,no_output,nan,0.000,0,0.000,0.000,nan,0,nan,127.524,0,0.000,18.135,1.927,0.430,0.171,nan
1867,no_output,nan,0.000,0,0.000,0.000,nan,0,nan,115.059,0,0.000,17.903,1.445,0.456,0.179,nan
1868,no_output,nan,0.000,0,0.000,0.000,nan,0,nan,139.235,0,0.000,18.052,1.376,0.426,0.179,nan
1869,no_output,nan,0.000,0,0.000,0.000,nan,0,nan,106.941,0,0.000,17.962,1.248,0.441,0.179,nan
1870,no_output,nan,0.000,0,0.000,0.000,nan,0,nan,119.631,0,0.000,17.857,1.603,0.422,0.179,nan
1871,no_output,nan,0.000,0,0.000,0.000,nan,0,nan,159.970,0,0.000,18.133,2.096,0.399,0.175,nan
1872,no_output,nan,0.000,0,0.000,0.000,nan,0,nan,105.699,0,0.000,17.882,1.533,0.418,0.190,nan
1873,no_output,nan,0.000,0,0.000,0.000,nan,0,nan,110.891,0,0.000,17.996,1.656,0.456,0.171,nan
1874,no_output,nan,0.000,0,0.000,0.000,nan,0,nan,128.818,0,0.000,18.001,1.508,0.418,0.171,nan
1875,no_output,nan,0.000,0,0.000,0.000,nan,0,nan,109.241,0,0.000,17.839,1.730,0.422,0.179,nan
1876,no_output,nan,0.000,0,0.000,0.000,nan,0,nan,117.154,0,0.000,17.995,1.522,0.430,0.167,nan
1877,no_output,nan,0.000,0,0.000,0.000,nan,0,nan,105.515,0,0.000,17.854,1.564,0.449,0.179,nan
1878,no_output,nan,0.000,0,0.000,0.000,nan,0,nan,134.748,0,0.000,18.125,2.036,0.430,0.179,nan
1879,no_output,nan,0.000,0,0.000,0.000,nan,0,nan,119.655,0,0.000,17.813,1.601,0.426,0.160,nan
1880,no_output,nan,0.000,0,0.000,0.000,nan,0,nan,109.205,0,0.000,18.180,1.677,0.433,0.179,nan
1881,no_output,nan,0.000,0,0.000,0.000,nan,0,nan,111.767,0,0.000,17.927,1.585,0.452,0.163,nan
1882,no_output,nan,0.000,0,0.000,0.000,nan,0,nan,136.539,0,0.000,17.885,1.542,0.452,0.179,nan
1883,no_output,nan,0.000,0,0.000,0.000,nan,0,nan,108.884,0,0.000,18.242,2.136,0.399,0.160,nan
1884,no_output,nan,0.000,0,0.000,0.000,nan,0,nan,131.447,0,0.000,18.099,1.833,0.388,0.179,nan
1885,no_output,nan,0.000,0,0.000,0.000,nan,0,nan,103.475,0,0.000,17.665,1.760,0.433,0.171,nan
1886,no_output,nan,0.000,0,0.000,0.000,nan,0,nan,112.232,0,0.000,17.837,1.501,0.411,0.179,nan
1887,no_output,nan,0.000,0,0.000,0.000,nan,0,nan,120.888,0,0.000,18.110,1.203,0.441,0.183,nan
1888,no_output,nan,0.000,0,0.000,0.000,nan,0,nan,132.804,0,0.000,18.023,1.287,0.464,0.179,nan
1889,no_output,nan,0.000,0,0.000,0.000,nan,0,nan,91.776,0,0.000,18.016,1.188,0.433,0.160,nan
1890,no_output,nan,0.000,0,0.000,0.000,nan,0,nan,137.447,0,0.000,17.863,1.915,0.441,0.179,nan
1891,no_output,nan,0.000,0,0.000,0.000,nan,0,nan,133.319,0,0.000,17.825,1.452,0.422,0.171,nan
1892,no_output,nan,0.000,0,0.000,0.000,nan,0,nan,120.201,0,0.000,18.120,2.038,0.430,0.163,nan
1893,no_output,nan,0.000,0,0.000,0.000,nan,0,nan,117.552,0,0.000,18.025,1.737,0.430,0.171,nan
1894,no_output,nan,0.000,0,0.000,0.000,nan,0,nan,112.710,0,0.000,17.994,1.442,0.441,0.160,nan
1895,no_output,nan,0.000,0,0.000,0.000,nan,0,nan,119.192,0,0.000,17.948,1.343,0.430,0.175,nan
1896,no_output,nan,0.000,0,0.000,0.000,nan,0,nan,116.090,0,0.000,17.974,1.236,0.433,0.179,nan
1897,no_output,nan,0.000,0,0.000,0.000,nan,0,nan,161.597,0,0.000,18.179,1.657,0.411,0.167,nan
1898,no_output,nan,0.000,0,0.000,0.000,nan,0,nan,97.893,0,0.000,17.765,1.540,0.437,0.186,nan
1899,no_output,nan,0.000,0,0.000,0.000,nan,0,nan,118.309,0,0.000,18.037,2.071,0.433,0.156,nan
1900,no_output,nan,0.000,0,0.000,0.000,nan,0,nan,127.083,0,0.000,18.087,2.975,0.422,0.171,nan
1901,no_output,nan,0.000,0,0.000,0.000,nan,0,nan,115.181,0,0.000,18.151,1.394,0.441,0.163,nan
1902,no_output,nan,0.000,0,0.000,0.000,nan,0,nan,139.362,0,0.000,17.989,2.009,0.418,0.160,nan
1903,no_output,nan,0.000,0,0.000,0.000,nan,0,nan,119.184,0,0.000,17.993,1.444,0.441,0.175,nan
1904,no_output,nan,0.000,0,0.000,0.000,nan,0,nan,132.778,0,0.000,18.144,1.358,0.433,0.186,nan
1905,no_output,nan,0.000,0,0.000,0.000,nan,0,nan,109.186,0,0.000,17.800,1.630,0.418,0.175,nan
1906,no_output,nan,0.000,0,0.000,0.000,nan,0,nan,189.805,0,0.000,18.100,1.360,0.414,0.179,nan
1907,no_output,nan,0.000,0,0.000,0.000,nan,0,nan,129.468,0,0.000,17.983,1.404,0.414,0.183,nan
1908,no_output,nan,0.000,0,0.000,0.000,nan,0,nan,96.897,0,0.000,17.917,1.408,0.418,0.163,nan
1909,no_output,nan,0.000,0,0.000,0.000,nan,0,nan,142.696,0,0.000,18.232,1.530,0.433,0.175,nan
1910,no_output,nan,0.000,0,0.000,0.000,nan,0,nan,111.964,0,0.000,18.162,1.173,0.468,0.179,nan
1911,no_output,nan,0.000,0,0.000,0.000,nan,0,nan,127.187,0,0.000,18.192,1.551,0.403,0.179,nan
1912,no_output,nan,0.000,0,0.000,0.000,nan,0,nan,154.502,0,0.000,18.038,1.296,0.437,0.179,nan
1913,no_output,nan,0.000,0,0.000,0.000,nan,0,nan,130.873,0,0.000,18.061,1.451,0.407,0.175,nan
1914,no_output,nan,0.000,0,0.000,0.000,nan,0,nan,137.024,0,0.000,18.055,1.553,0.422,0.163,nan
1915,no_output,nan,0.000,0,0.000,0.000,nan,0,nan,125.251,0,0.000,17.865,1.595,0.452,0.175,nan
1916,no_output,nan,0.000,0,0.000,0.000,nan,0,nan,131.345,0,0.000,17.812,1.733,0.418,0.167,nan
1917,no_output,nan,0.000,0,0.000,0.000,nan,0,nan,120.739,0,0.000,18.041,1.403,0.426,0.167,nan
1918,no_output,nan,0.000,0,0.000,0.000,nan,0,nan,111.834,0,0.000,18.230,1.498,0.395,0.179,nan
1919,no_output,nan,0.000,0,0.000,0.000,nan,0,nan,128.567,0,0.000,18.055,1.411,0.449,0.186,nan
1920,no_output,nan,0.000,0,0.000,0.000,nan,0,nan,139.583,0,0.000,18.025,1.396,0.433,0.171,nan
1921,no_output,nan,0.000,0,0.000,0.000,nan,0,nan,114.510,0,0.000,18.058,1.611,0.426,0.171,nan
1922,no_output,nan,0.000,0,0.000,0.000,nan,0,nan,120.252,0,0.000,17.942,1.583,0.426,0.171,nan
1923,no_output,nan,0.000,0,0.000,0.000,nan,0,nan,113.723,0,0.000,18.166,2.035,0.411,0.171,nan
1924,no_output,nan,0.000,0,0.000,0.000,nan,0,nan,109.969,0,0.000,17.972,1.377,0.433,0.171,nan
1925,no_output,nan,0.000,0,0.000,0.000,nan,0,nan,130.031,0,0.000,18.355,1.883,0.407,0.179,nan
1926,no_output,nan,0.000,0,0.000,0.000,nan,0,nan,148.624,0,0.000,18.204,2.049,0.407,0.163,nan
1927,no_output,nan,0.000,0,0.000,0.000,nan,0,nan,109.333,0,0.000,17.904,1.938,0.418,0.175,nan
1928,no_output,nan,0.000,0,0.000,0.000,nan,0,nan,123.910,0,0.000,17.967,1.334,0.433,0.163,nan
1929,no_output,nan,0.000,0,0.000,0.000,nan,0,nan,152.109,0,0.000,17.957,1.807,0.407,0.183,nan
1930,no_output,nan,0.000,0,0.000,0.000,nan,0,nan,151.263,0,0.000,17.896,1.529,0.384,0.179,nan
1931,no_output,nan,0.000,0,0.000,0.000,nan,0,nan,156.915,0,0.000,18.204,1.695,0.418,0.163,nan
1932,no_output,nan,0.000,0,0.000,0.000,nan,0,nan,119.541,0,0.000,17.858,1.562,0.418,0.171,nan
1933,no_output,nan,0.000,0,0.000,0.000,nan,0,nan,81.438,0,0.000,17.977,1.511,0.403,0.179,nan
1934,no_output,nan,0.000,0,0.000,0.000,nan,0,nan,73.878,0,0.000,17.851,1.341,0.418,0.179,nan
1935,no_output,nan,0.000,0,0.000,0.000,nan,0,nan,86.074,0,0.000,17.949,1.562,0.418,0.167,nan
1936,no_output,nan,0.000,0,0.000,0.000,nan,0,nan,162.062,0,0.000,18.028,1.397,0.403,0.171,nan
1937,no_output,nan,0.000,0,0.000,0.000,nan,0,nan,133.866,0,0.000,18.184,1.434,0.395,0.171,nan
1938,no_output,nan,0.000,0,0.000,0.000,nan,0,nan,129.941,0,0.000,17.962,1.791,0.452,0.175,nan
1939,no_output,nan,0.000,0,0.000,0.000,nan,0,nan,184.910,0,0.000,18.545,2.273,0.418,0.148,nan
1940,no_output,nan,0.000,0,0.000,0.000,nan,0,nan,130.651,0,0.000,17.941,1.678,0.437,0.171,nan
1941,no_output,nan,0.000,0,0.000,0.000,nan,0,nan,149.778,0,0.000,18.216,1.509,0.430,0.171,nan
1942,no_output,nan,0.000,0,0.000,0.000,nan,0,nan,127.057,0,0.000,17.936,1.825,0.430,0.167,nan
1943,no_output,nan,0.000,0,0.000,0.000,nan,0,nan,128.872,0,0.000,18.065,1.580,0.437,0.171,nan
1944,no_output,nan,0.000,0,0.000,0.000,nan,0,nan,121.381,0,0.000,18.599,1.874,0.395,0.179,nan
1945,no_output,nan,0.000,0,0.000,0.000,nan,0,nan,125.025,0,0.000,18.075,1.583,0.422,0.183,nan
1946,no_output,nan,0.000,0,0.000,0.000,nan,0,nan,138.276,0,0.000,18.035,1.333,0.437,0.183,nan
1947,no_output,nan,0.000,0,0.000,0.000,nan,0,nan,131.987,0,0.000,18.041,1.265,0.426,0.179,nan
1948,no_output,nan,0.000,0,0.000,0.000,nan,0,nan,124.275,0,0.000,18.318,1.817,0.433,0.190,nan
1949,no_output,nan,0.000,0,0.000,0.000,nan,0,nan,142.628,0,0.000,17.977,1.763,0.399,0.183,nan
1950,no_output,nan,0.000,0,0.000,0.000,nan,0,nan,125.781,0,0.000,17.760,1.509,0.471,0.179,nan
1951,no_output,nan,0.000,0,0.000,0.000,nan,0,nan,144.818,0,0.000,19.132,3.885,0.414,0.186,nan
1952,no_output,nan,0.000,0,0.000,0.000,nan,0,nan,110.343,0,0.000,18.194,1.415,0.418,0.179,nan
1953,no_output,nan,0.000,0,0.000,0.000,nan,0,nan,126.830,0,0.000,17.919,1.832,0.433,0.163,nan
1954,no_output,nan,0.000,0,0.000,0.000,nan,0,nan,151.567,0,0.000,18.175,1.651,0.414,0.179,nan
1955,no_output,nan,0.000,0,0.000,0.000,nan,0,nan,104.924,0,0.000,17.868,1.465,0.456,0.156,nan
1956,no_output,nan,0.000,0,0.000,0.000,nan,0,nan,119.257,0,0.000,17.853,1.609,0.411,0.171,nan
1957,no_output,nan,0.000,0,0.000,0.000,nan,0,nan,142.847,0,0.000,18.136,1.684,0.426,0.186,nan
1958,no_output,nan,0.000,0,0.000,0.000,nan,0,nan,128.146,0,0.000,18.177,1.634,0.411,0.167,nan
1959,no_output,nan,0.000,0,0.000,0.000,nan,0,nan,119.802,0,0.000,17.866,1.365,0.456,0.171,nan
1960,no_output,nan,0.000,0,0.000,0.000,nan,0,nan,124.683,0,0.000,18.171,1.602,0.414,0.167,nan
1961,no_output,nan,0.000,0,0.000,0.000,nan,0,nan,122.791,0,0.000,18.250,1.738,0.388,0.183,nan
1962,no_output,nan,0.000,0,0.000,0.000,nan,0,nan,135.658,0,0.000,18.064,1.493,0.426,0.171,nan
1963,no_output,nan,0.000,0,0.000,0.000,nan,0,nan,126.550,0,0.000,18.082,1.687,0.407,0.179,nan
1964,no_output,nan,0.000,0,0.000,0.000,nan,0,nan,119.126,0,0.000,18.066,1.628,0.426,0.183,nan
1965,no_output,nan,0.000,0,0.000,0.000,nan,0,nan,119.433,0,0.000,18.204,1.755,0.361,0.175,nan
1966,no_output,nan,0.000,0,0.000,0.000,nan,0,nan,125.995,0,0.000,17.954,1.567,0.422,0.179,nan
1967,no_output,nan,0.000,0,0.000,0.000,nan,0,nan,92.953,0,0.000,18.150,1.729,0.422,0.175,nan
1968,no_output,nan,0.000,0,0.000,0.000,nan,0,nan,176.364,0,0.000,18.324,2.218,0.403,0.163,nan
1969,no_output,nan,0.000,0,0.000,0.000,nan,0,nan,141.366,0,0.000,18.440,1.696,0.376,0.171,nan
1970,no_output,nan,0.000,0,0.000,0.000,nan,0,nan,132.453,0,0.000,18.042,1.665,0.395,0.183,nan
1971,no_output,nan,0.000,0,0.000,0.000,nan,0,nan,144.428,0,0.000,18.089,1.742,0.422,0.183,nan
1972,no_output,nan,0.000,0,0.000,0.000,nan,0,nan,104.573,0,0.000,17.862,1.647,0.445,0.167,nan
1973,no_output,nan,0.000,0,0.000,0.000,nan,0,nan,123.589,0,0.000,17.869,1.633,0.460,0.179,nan
1974,no_output,nan,0.000,0,0.000,0.000,nan,0,nan,118.206,0,0.000,18.284,1.919,0.430,0.175,nan
1975,no_output,nan,0.000,0,0.000,0.000,nan,0,nan,96.801,0,0.000,18.310,1.819,0.403,0.171,nan
1976,no_output,nan,0.000,0,0.000,0.000,nan,0,nan,146.310,0,0.000,18.145,1.524,0.384,0.171,nan
1977,no_output,nan,0.000,0,0.000,0.000,nan,0,nan,154.094,0,0.000,18.158,1.529,0.395,0.179,nan
1978,no_output,nan,0.000,0,0.000,0.000,nan,0,nan,111.249,0,0.000,17.896,1.579,0.418,0.179,nan
1979,no_output,nan,0.000,0,0.000,0.000,nan,0,nan,100.987,0,0.000,17.919,1.354,0.422,0.179,nan
1980,no_output,nan,0.000,0,0.000,0.000,nan,0,nan,85.585,0,0.000,17.835,1.486,0.452,0.183,nan
1981,no_output,nan,0.000,0,0.000,0.000,nan,0,nan,112.175,0,0.000,18.512,1.757,0.418,0.163,nan
1982,no_output,nan,0.000,0,0.000,0.000,nan,0,nan,124.578,0,0.000,17.881,1.506,0.418,0.163,nan
1983,no_output,nan,0.000,0,0.000,0.000,nan,0,nan,89.835,0,0.000,18.257,1.495,0.407,0.175,nan
1984,no_output,nan,0.000,0,0.000,0.000,nan,0,nan,134.656,0,0.000,17.779,1.495,0.452,0.183,nan
1985,no_output,nan,0.000,0,0.000,0.000,nan,0,nan,116.613,0,0.000,17.909,1.434,0.430,0.179,nan
1986,no_output,nan,0.000,0,0.000,0.000,nan,0,nan,143.001,0,0.000,18.192,1.545,0.373,0.171,nan
1987,no_output,nan,0.000,0,0.000,0.000,nan,0,nan,99.212,0,0.000,18.066,1.837,0.426,0.171,nan
1988,no_output,nan,0.000,0,0.000,0.000,nan,0,nan,105.840,0,0.000,18.023,1.550,0.414,0.171,nan
1989,no_output,nan,0.000,0,0.000,0.000,nan,0,nan,167.354,0,0.000,17.861,1.494,0.414,0.179,nan
1990,no_output,nan,0.000,0,0.000,0.000,nan,0,nan,121.303,0,0.000,17.884,1.315,0.441,0.179,nan
1991,no_output,nan,0.000,0,0.000,0.000,nan,0,nan,115.457,0,0.000,17.994,1.482,0.445,0.179,nan
1992,no_output,nan,0.000,0,0.000,0.000,nan,0,nan,97.332,0,0.000,18.008,1.730,0.449,0.171,nan
1993,no_output,nan,0.000,0,0.000,0.000,nan,0,nan,126.367,0,0.000,18.027,1.340,0.445,0.175,nan
1994,no_output,nan,0.000,0,0.000,0.000,nan,0,nan,123.266,0,0.000,17.984,1.329,0.445,0.171,nan
1995,no_output,nan,0.000,0,0.000,0.000,nan,0,nan,124.250,0,0.000,17.927,1.563,0.445,0.171,nan
1996,no_output,nan,0.000,0,0.000,0.000,nan,0,nan,123.838,0,0.000,18.140,2.025,0.399,0.171,nan
1997,no_output,nan,0.000,0,0.000,0.000,nan,0,nan,129.865,0,0.000,17.951,1.456,0.407,0.171,nan
1998,no_output,nan,0.000,0,0.000,0.000,nan,0,nan,138.693,0,0.000,17.992,1.525,0.437,0.175,nan
1999,no_output,nan,0.000,0,0.000,0.000,nan,0,nan,150.374,0,0.000,18.166,1.983,0.449,0.171,nan
