frame,status,volume_A3,drug_score,n_alpha_spheres,pocket_total_sasa,pocket_apolar_sasa,hydrophobicity,lining_overlap,centroid_dist_A,cryptic_sasa_A2,n_pockets_total,noncryptic_volume_A3,rg_A,rmsd_A,frac_helix,frac_sheet,cv_A
0,no_output,nan,0.000,0,0.000,0.000,nan,0,nan,75.052,0,0.000,17.914,0.000,0.441,0.171,nan
1,no_output,nan,0.000,0,0.000,0.000,nan,0,nan,83.116,0,0.000,18.120,1.583,0.392,0.171,nan
2,no_output,nan,0.000,0,0.000,0.000,nan,0,nan,80.522,0,0.000,18.113,1.477,0.395,0.186,nan
3,no_output,nan,0.000,0,0.000,0.000,nan,0,nan,92.697,0,0.000,18.338,2.410,0.422,0.163,nan
4,no_output,nan,0.000,0,0.000,0.000,nan,0,nan,125.995,0,0.000,17.998,1.350,0.426,0.179,nan
5,no_output,nan,0.000,0,0.000,0.000,nan,0,nan,95.672,0,0.000,18.854,3.375,0.418,0.179,nan
6,no_output,nan,0.000,0,0.000,0.000,nan,0,nan,100.272,0,0.000,17.961,1.283,0.437,0.171,nan
7,no_output,nan,0.000,0,0.000,0.000,nan,0,nan,96.278,0,0.000,18.023,1.242,0.426,0.183,nan
8,no_output,nan,0.000,0,0.000,0.000,nan,0,nan,108.629,0,0.000,18.268,1.464,0.422,0.183,nan
9,no_output,nan,0.000,0,0.000,0.000,nan,0,nan,106.481,0,0.000,17.887,1.209,0.437,0.171,nan
10,no_output,nan,0.000,0,0.000,0.000,nan,0,nan,90.636,0,0.000,18.534,2.744,0.437,0.163,nan
11,no_output,nan,0.000,0,0.000,0.000,nan,0,nan,80.499,0,0.000,17.868,1.405,0.414,0.186,nan
12,no_output,nan,0.000,0,0.000,0.000,nan,0,nan,152.096,0,0.000,17.868,1.248,0.430,0.179,nan
13,no_output,nan,0.000,0,0.000,0.000,nan,0,nan,81.233,0,0.000,18.031,1.628,0.433,0.179,nan
14,no_output,nan,0.000,0,0.000,0.000,nan,0,nan,103.032,0,0.000,18.058,1.140,0.407,0.171,nan
15,no_output,nan,0.000,0,0.000,0.000,nan,0,nan,106.324,0,0.000,18.122,1.265,0.449,0.171,nan
16,no_output,nan,0.000,0,0.000,0.000,nan,0,nan,108.131,0,0.000,18.150,1.433,0.441,0.179,nan
17,no_output,nan,0.000,0,0.000,0.000,nan,0,nan,108.129,0,0.000,17.962,1.569,0.445,0.171,nan
18,no_output,nan,0.000,0,0.000,0.000,nan,0,nan,102.346,0,0.000,18.022,1.616,0.384,0.171,nan
19,no_output,nan,0.000,0,0.000,0.000,nan,0,nan,96.078,0,0.000,18.190,1.512,0.426,0.160,nan
20,no_output,nan,0.000,0,0.000,0.000,nan,0,nan,84.198,0,0.000,18.394,1.970,0.430,0.179,nan
21,no_output,nan,0.000,0,0.000,0.000,nan,0,nan,118.696,0,0.000,17.899,1.333,0.403,0.179,nan
22,no_output,nan,0.000,0,0.000,0.000,nan,0,nan,99.353,0,0.000,17.801,1.416,0.430,0.171,nan
23,no_output,nan,0.000,0,0.000,0.000,nan,0,nan,103.769,0,0.000,18.025,1.529,0.422,0.171,nan
24,no_output,nan,0.000,0,0.000,0.000,nan,0,nan,132.942,0,0.000,17.945,1.528,0.414,0.163,nan
25,no_output,nan,0.000,0,0.000,0.000,nan,0,nan,81.114,0,0.000,18.206,1.289,0.411,0.183,nan
26,no_output,nan,0.000,0,0.000,0.000,nan,0,nan,75.611,0,0.000,18.280,2.674,0.399,0.171,nan
27,no_output,nan,0.000,0,0.000,0.000,nan,0,nan,80.149,0,0.000,17.936,1.214,0.414,0.179,nan
28,no_output,nan,0.000,0,0.000,0.000,nan,0,nan,90.056,0,0.000,18.185,1.533,0.403,0.171,nan
29,no_output,nan,0.000,0,0.000,0.000,nan,0,nan,95.970,0,0.000,18.016,1.210,0.418,0.179,nan
30,no_output,nan,0.000,0,0.000,0.000,nan,0,nan,86.039,0,0.000,18.088,2.443,0.414,0.163,nan
31,no_output,nan,0.000,0,0.000,0.000,nan,0,nan,61.218,0,0.000,18.040,1.359,0.411,0.171,nan
32,no_output,nan,0.000,0,0.000,0.000,nan,0,nan,113.416,0,0.000,17.915,1.348,0.445,0.171,nan
33,no_output,nan,0.000,0,0.000,0.000,nan,0,nan,119.655,0,0.000,18.170,1.436,0.411,0.179,nan
34,no_output,nan,0.000,0,0.000,0.000,nan,0,nan,97.113,0,0.000,18.291,1.300,0.433,0.171,nan
35,no_output,nan,0.000,0,0.000,0.000,nan,0,nan,95.114,0,0.000,17.981,1.309,0.433,0.179,nan
36,no_output,nan,0.000,0,0.000,0.000,nan,0,nan,120.488,0,0.000,18.141,1.587,0.403,0.163,nan
37,no_output,nan,0.000,0,0.000,0.000,nan,0,nan,124.190,0,0.000,17.985,1.428,0.456,0.183,nan
38,no_output,nan,0.000,0,0.000,0.000,nan,0,nan,101.380,0,0.000,17.989,1.404,0.380,0.167,nan
39,no_output,nan,0.000,0,0.000,0.000,nan,0,nan,76.442,0,0.000,17.902,1.204,0.426,0.171,nan
40,no_output,nan,0.000,0,0.000,0.000,nan,0,nan,81.382,0,0.000,17.884,1.146,0.449,0.160,nan
41,no_output,nan,0.000,0,0.000,0.000,nan,0,nan,113.085,0,0.000,18.526,2.091,0.422,0.179,nan
42,no_output,nan,0.000,0,0.000,0.000,nan,0,nan,84.192,0,0.000,17.988,1.442,0.418,0.167,nan
43,no_output,nan,0.000,0,0.000,0.000,nan,0,nan,123.147,0,0.000,17.877,1.310,0.426,0.171,nan
44,no_output,nan,0.000,0,0.000,0.000,nan,0,nan,93.830,0,0.000,17.962,1.198,0.392,0.163,nan
45,no_output,nan,0.000,0,0.000,0.000,nan,0,nan,129.980,0,0.000,18.157,1.480,0.407,0.179,nan
46,no_output,nan,0.000,0,0.000,0.000,nan,0,nan,100.249,0,0.000,17.743,1.411,0.475,0.167,nan
47,no_output,nan,0.000,0,0.000,0.000,nan,0,nan,79.707,0,0.000,18.095,1.521,0.422,0.171,nan
48,no_output,nan,0.000,0,0.000,0.000,nan,0,nan,100.190,0,0.000,17.990,1.091,0.433,0.163,nan
49,no_output,nan,0.000,0,0.000,0.000,nan,0,nan,108.309,0,0.000,17.823,1.162,0.449,0.175,nan
50,no_output,nan,0.000,0,0.000,0.000,nan,0,nan,63.384,0,0.000,17.886,1.751,0.441,0.171,nan
51,no_output,nan,0.000,0,0.000,0.000,nan,0,nan,102.877,0,0.000,17.987,1.382,0.395,0.175,nan
52,no_output,nan,0.000,0,0.000,0.000,nan,0,nan,112.834,0,0.000,18.007,1.356,0.392,0.175,nan
53,no_output,nan,0.000,0,0.000,0.000,nan,0,nan,106.762,0,0.000,17.922,1.336,0.433,0.179,nan
54,no_output,nan,0.000,0,0.000,0.000,nan,0,nan,90.072,0,0.000,17.796,1.235,0.418,0.171,nan
55,no_output,nan,0.000,0,0.000,0.000,nan,0,nan,95.158,0,0.000,18.075,1.414,0.422,0.179,nan
56,no_output,nan,0.000,0,0.000,0.000,nan,0,nan,92.715,0,0.000,18.189,1.329,0.395,0.171,nan
57,no_output,nan,0.000,0,0.000,0.000,nan,0,nan,117.553,0,0.000,17.873,1.448,0.414,0.171,nan
58,no_output,nan,0.000,0,0.000,0.000,nan,0,nan,106.273,0,0.000,17.990,1.345,0.403,0.171,nan
59,no_output,nan,0.000,0,0.000,0.000,nan,0,nan,131.852,0,0.000,18.038,1.334,0.395,0.163,nan
60,no_output,nan,0.000,0,0.000,0.000,nan,0,nan,135.428,0,0.000,17.902,1.239,0.445,0.183,nan
61,no_output,nan,0.000,0,0.000,0.000,nan,0,nan,84.206,0,0.000,17.879,1.404,0.430,0.160,nan
62,no_output,nan,0.000,0,0.000,0.000,nan,0,nan,82.887,0,0.000,18.033,1.549,0.426,0.167,nan
63,no_output,nan,0.000,0,0.000,0.000,nan,0,nan,101.186,0,0.000,18.216,1.632,0.407,0.160,nan
64,no_output,nan,0.000,0,0.000,0.000,nan,0,nan,92.886,0,0.000,17.874,1.130,0.452,0.156,nan
65,no_output,nan,0.000,0,0.000,0.000,nan,0,nan,91.799,0,0.000,17.918,1.082,0.411,0.171,nan
66,no_output,nan,0.000,0,0.000,0.000,nan,0,nan,125.455,0,0.000,18.188,1.706,0.399,0.179,nan
67,no_output,nan,0.000,0,0.000,0.000,nan,0,nan,120.491,0,0.000,17.927,1.353,0.430,0.179,nan
68,no_output,nan,0.000,0,0.000,0.000,nan,0,nan,94.669,0,0.000,17.977,1.443,0.411,0.179,nan
69,no_output,nan,0.000,0,0.000,0.000,nan,0,nan,82.244,0,0.000,18.187,1.518,0.392,0.171,nan
70,no_output,nan,0.000,0,0.000,0.000,nan,0,nan,80.300,0,0.000,17.952,1.244,0.426,0.175,nan
71,no_output,nan,0.000,0,0.000,0.000,nan,0,nan,92.405,0,0.000,18.145,1.589,0.433,0.167,nan
72,no_output,nan,0.000,0,0.000,0.000,nan,0,nan,110.751,0,0.000,17.971,1.270,0.403,0.156,nan
73,no_output,nan,0.000,0,0.000,0.000,nan,0,nan,95.652,0,0.000,18.174,1.484,0.471,0.175,nan
74,no_output,nan,0.000,0,0.000,0.000,nan,0,nan,130.526,0,0.000,17.857,1.194,0.437,0.179,nan
75,no_output,nan,0.000,0,0.000,0.000,nan,0,nan,99.434,0,0.000,17.838,1.259,0.441,0.179,nan
76,no_output,nan,0.000,0,0.000,0.000,nan,0,nan,123.132,0,0.000,18.022,1.311,0.445,0.171,nan
77,no_output,nan,0.000,0,0.000,0.000,nan,0,nan,123.345,0,0.000,17.875,1.470,0.411,0.175,nan
78,no_output,nan,0.000,0,0.000,0.000,nan,0,nan,95.616,0,0.000,18.174,1.709,0.388,0.186,nan
79,no_output,nan,0.000,0,0.000,0.000,nan,0,nan,81.439,0,0.000,17.900,1.505,0.430,0.179,nan
80,no_output,nan,0.000,0,0.000,0.000,nan,0,nan,79.534,0,0.000,18.139,1.436,0.452,0.171,nan
81,no_output,nan,0.000,0,0.000,0.000,nan,0,nan,84.937,0,0.000,18.074,1.285,0.414,0.179,nan
82,no_output,nan,0.000,0,0.000,0.000,nan,0,nan,117.707,0,0.000,18.126,1.473,0.414,0.175,nan
83,no_output,nan,0.000,0,0.000,0.000,nan,0,nan,106.658,0,0.000,17.993,1.231,0.414,0.175,nan
84,no_output,nan,0.000,0,0.000,0.000,nan,0,nan,65.496,0,0.000,17.810,1.398,0.464,0.179,nan
85,no_output,nan,0.000,0,0.000,0.000,nan,0,nan,115.378,0,0.000,17.955,1.247,0.418,0.171,nan
86,no_output,nan,0.000,0,0.000,0.000,nan,0,nan,89.214,0,0.000,18.231,1.817,0.437,0.183,nan
87,no_output,nan,0.000,0,0.000,0.000,nan,0,nan,85.952,0,0.000,17.846,1.219,0.445,0.171,nan
88,no_output,nan,0.000,0,0.000,0.000,nan,0,nan,108.605,0,0.000,18.259,1.959,0.414,0.175,nan
89,no_output,nan,0.000,0,0.000,0.000,nan,0,nan,111.435,0,0.000,18.141,1.504,0.411,0.171,nan
90,no_output,nan,0.000,0,0.000,0.000,nan,0,nan,63.452,0,0.000,17.936,1.471,0.464,0.160,nan
91,no_output,nan,0.000,0,0.000,0.000,nan,0,nan,106.179,0,0.000,17.970,1.196,0.437,0.183,nan
92,no_output,nan,0.000,0,0.000,0.000,nan,0,nan,81.987,0,0.000,18.116,1.600,0.422,0.171,nan
93,no_output,nan,0.000,0,0.000,0.000,nan,0,nan,79.389,0,0.000,18.016,1.453,0.403,0.179,nan
94,no_output,nan,0.000,0,0.000,0.000,nan,0,nan,100.376,0,0.000,18.005,1.468,0.418,0.171,nan
95,no_output,nan,0.000,0,0.000,0.000,nan,0,nan,95.756,0,0.000,17.895,1.343,0.441,0.190,nan
96,no_output,nan,0.000,0,0.000,0.000,nan,0,nan,127.516,0,0.000,17.936,1.305,0.418,0.175,nan
97,no_output,nan,0.000,0,0.000,0.000,nan,0,nan,90.092,0,0.000,18.133,1.556,0.399,0.171,nan
98,no_output,nan,0.000,0,0.000,0.000,nan,0,nan,90.495,0,0.000,17.694,1.756,0.403,0.186,nan
99,no_output,nan,0.000,0,0.000,0.000,nan,0,nan,109.403,0,0.000,17.852,1.453,0.407,0.175,nan
100,no_output,nan,0.000,0,0.000,0.000,nan,0,nan,91.199,0,0.000,17.830,1.207,0.449,0.171,nan
101,no_output,nan,0.000,0,0.000,0.000,nan,0,nan,116.759,0,0.000,17.820,1.137,0.452,0.179,nan
102,no_output,nan,0.000,0,0.000,0.000,nan,0,nan,143.029,0,0.000,18.022,1.425,0.445,0.171,nan
103,no_output,nan,0.000,0,0.000,0.000,nan,0,nan,86.817,0,0.000,17.865,1.267,0.487,0.156,nan
104,no_output,nan,0.000,0,0.000,0.000,nan,0,nan,153.639,0,0.000,17.990,1.377,0.433,0.171,nan
105,no_output,nan,0.000,0,0.000,0.000,nan,0,nan,94.582,0,0.000,18.010,1.455,0.433,0.179,nan
106,no_output,nan,0.000,0,0.000,0.000,nan,0,nan,123.201,0,0.000,18.697,3.175,0.426,0.171,nan
107,no_output,nan,0.000,0,0.000,0.000,nan,0,nan,110.354,0,0.000,17.939,1.244,0.395,0.171,nan
108,no_output,nan,0.000,0,0.000,0.000,nan,0,nan,97.458,0,0.000,17.883,1.217,0.418,0.179,nan
109,no_output,nan,0.000,0,0.000,0.000,nan,0,nan,102.266,0,0.000,18.158,1.515,0.403,0.163,nan
110,no_output,nan,0.000,0,0.000,0.000,nan,0,nan,90.460,0,0.000,17.710,1.491,0.407,0.175,nan
111,no_output,nan,0.000,0,0.000,0.000,nan,0,nan,86.765,0,0.000,17.968,1.146,0.471,0.179,nan
112,no_output,nan,0.000,0,0.000,0.000,nan,0,nan,89.559,0,0.000,17.733,1.379,0.418,0.175,nan
113,no_output,nan,0.000,0,0.000,0.000,nan,0,nan,97.389,0,0.000,18.244,2.082,0.418,0.163,nan
114,no_output,nan,0.000,0,0.000,0.000,nan,0,nan,77.349,0,0.000,18.134,1.559,0.426,0.167,nan
115,no_output,nan,0.000,0,0.000,0.000,nan,0,nan,110.840,0,0.000,17.773,1.233,0.441,0.167,nan
116,no_output,nan,0.000,0,0.000,0.000,nan,0,nan,109.207,0,0.000,17.931,1.440,0.426,0.167,nan
117,no_output,nan,0.000,0,0.000,0.000,nan,0,nan,76.273,0,0.000,17.991,1.332,0.407,0.152,nan
118,no_output,nan,0.000,0,0.000,0.000,nan,0,nan,102.341,0,0.000,18.164,1.420,0.430,0.171,nan
119,no_output,nan,0.000,0,0.000,0.000,nan,0,nan,80.193,0,0.000,18.250,1.492,0.426,0.179,nan
120,no_output,nan,0.000,0,0.000,0.000,nan,0,nan,118.022,0,0.000,17.912,1.386,0.411,0.171,nan
121,no_output,nan,0.000,0,0.000,0.000,nan,0,nan,115.889,0,0.000,17.788,1.324,0.411,0.179,nan
122,no_output,nan,0.000,0,0.000,0.000,nan,0,nan,80.255,0,0.000,18.004,1.651,0.437,0.171,nan
123,no_output,nan,0.000,0,0.000,0.000,nan,0,nan,95.190,0,0.000,18.533,2.691,0.475,0.163,nan
124,no_output,nan,0.000,0,0.000,0.000,nan,0,nan,80.089,0,0.000,18.402,1.969,0.392,0.179,nan
125,no_output,nan,0.000,0,0.000,0.000,nan,0,nan,91.110,0,0.000,18.139,1.621,0.426,0.175,nan
126,no_output,nan,0.000,0,0.000,0.000,nan,0,nan,100.699,0,0.000,18.050,1.337,0.445,0.179,nan
127,no_output,nan,0.000,0,0.000,0.000,nan,0,nan,90.238,0,0.000,17.730,1.301,0.437,0.167,nan
128,no_output,nan,0.000,0,0.000,0.000,nan,0,nan,100.845,0,0.000,18.003,1.418,0.433,0.163,nan
129,no_output,nan,0.000,0,0.000,0.000,nan,0,nan,123.477,0,0.000,18.044,1.562,0.433,0.160,nan
130,no_output,nan,0.000,0,0.000,0.000,nan,0,nan,119.943,0,0.000,18.071,1.419,0.422,0.175,nan
131,no_output,nan,0.000,0,0.000,0.000,nan,0,nan,126.852,0,0.000,18.169,1.272,0.437,0.171,nan
132,no_output,nan,0.000,0,0.000,0.000,nan,0,nan,109.919,0,0.000,18.023,1.411,0.430,0.179,nan
133,no_output,nan,0.000,0,0.000,0.000,nan,0,nan,118.803,0,0.000,18.373,1.992,0.388,0.148,nan
134,no_output,nan,0.000,0,0.000,0.000,nan,0,nan,99.405,0,0.000,17.951,1.186,0.445,0.183,nan
135,no_output,nan,0.000,0,0.000,0.000,nan,0,nan,98.956,0,0.000,17.831,1.454,0.422,0.179,nan
136,no_output,nan,0.000,0,0.000,0.000,nan,0,nan,105.414,0,0.000,17.984,1.371,0.411,0.171,nan
137,no_output,nan,0.000,0,0.000,0.000,nan,0,nan,63.005,0,0.000,17.906,1.429,0.418,0.148,nan
138,no_output,nan,0.000,0,0.000,0.000,nan,0,nan,102.583,0,0.000,17.835,1.197,0.407,0.171,nan
139,no_output,nan,0.000,0,0.000,0.000,nan,0,nan,106.633,0,0.000,18.484,2.226,0.437,0.160,nan
140,no_output,nan,0.000,0,0.000,0.000,nan,0,nan,135.135,0,0.000,18.011,1.416,0.433,0.175,nan
141,no_output,nan,0.000,0,0.000,0.000,nan,0,nan,102.606,0,0.000,18.325,2.079,0.399,0.171,nan
142,no_output,nan,0.000,0,0.000,0.000,nan,0,nan,104.707,0,0.000,18.155,2.032,0.430,0.167,nan
143,no_output,nan,0.000,0,0.000,0.000,nan,0,nan,108.223,0,0.000,18.285,1.712,0.407,0.167,nan
144,no_output,nan,0.000,0,0.000,0.000,nan,0,nan,110.449,0,0.000,17.959,1.547,0.411,0.171,nan
145,no_output,nan,0.000,0,0.000,0.000,nan,0,nan,112.600,0,0.000,17.902,1.576,0.395,0.186,nan
146,no_output,nan,0.000,0,0.000,0.000,nan,0,nan,110.041,0,0.000,18.115,1.767,0.426,0.179,nan
147,no_output,nan,0.000,0,0.000,0.000,nan,0,nan,75.363,0,0.000,17.903,1.442,0.418,0.163,nan
148,no_output,nan,0.000,0,0.000,0.000,nan,0,nan,95.328,0,0.000,17.823,1.291,0.433,0.171,nan
149,no_output,nan,0.000,0,0.000,0.000,nan,0,nan,117.608,0,0.000,17.855,1.331,0.441,0.186,nan
150,no_output,nan,0.000,0,0.000,0.000,nan,0,nan,114.933,0,0.000,17.875,1.187,0.464,0.167,nan
151,no_output,nan,0.000,0,0.000,0.000,nan,0,nan,75.123,0,0.000,17.993,1.306,0.430,0.171,nan
152,no_output,nan,0.000,0,0.000,0.000,nan,0,nan,116.725,0,0.000,18.156,1.280,0.441,0.160,nan
153,no_output,nan,0.000,0,0.000,0.000,nan,0,nan,95.888,0,0.000,18.319,1.633,0.376,0.171,nan
154,no_output,nan,0.000,0,0.000,0.000,nan,0,nan,115.688,0,0.000,18.275,1.668,0.433,0.179,nan
155,no_output,nan,0.000,0,0.000,0.000,nan,0,nan,100.032,0,0.000,17.760,1.291,0.460,0.163,nan
156,no_output,nan,0.000,0,0.000,0.000,nan,0,nan,80.986,0,0.000,17.995,1.342,0.403,0.171,nan
157,no_output,nan,0.000,0,0.000,0.000,nan,0,nan,95.325,0,0.000,18.126,1.438,0.422,0.183,nan
158,no_output,nan,0.000,0,0.000,0.000,nan,0,nan,91.949,0,0.000,17.801,1.337,0.437,0.175,nan
159,no_output,nan,0.000,0,0.000,0.000,nan,0,nan,102.284,0,0.000,18.031,1.130,0.403,0.171,nan
160,no_output,nan,0.000,0,0.000,0.000,nan,0,nan,110.725,0,0.000,17.921,1.285,0.392,0.163,nan
161,no_output,nan,0.000,0,0.000,0.000,nan,0,nan,97.158,0,0.000,18.264,1.802,0.430,0.163,nan
162,no_output,nan,0.000,0,0.000,0.000,nan,0,nan,90.928,0,0.000,18.002,1.290,0.433,0.167,nan
163,no_output,nan,0.000,0,0.000,0.000,nan,0,nan,84.680,0,0.000,18.010,1.147,0.460,0.179,nan
164,no_output,nan,0.000,0,0.000,0.000,nan,0,nan,123.441,0,0.000,17.869,1.076,0.437,0.171,nan
165,no_output,nan,0.000,0,0.000,0.000,nan,0,nan,68.357,0,0.000,18.010,1.460,0.411,0.179,nan
166,no_output,nan,0.000,0,0.000,0.000,nan,0,nan,139.310,0,0.000,17.989,1.529,0.449,0.175,nan
167,no_output,nan,0.000,0,0.000,0.000,nan,0,nan,70.509,0,0.000,18.004,1.592,0.430,0.175,nan
168,no_output,nan,0.000,0,0.000,0.000,nan,0,nan,105.815,0,0.000,18.393,2.275,0.392,0.179,nan
169,no_output,nan,0.000,0,0.000,0.000,nan,0,nan,114.549,0,0.000,17.885,1.302,0.422,0.171,nan
170,no_output,nan,0.000,0,0.000,0.000,nan,0,nan,66.603,0,0.000,18.406,1.781,0.437,0.179,nan
171,no_output,nan,0.000,0,0.000,0.000,nan,0,nan,102.294,0,0.000,18.165,1.518,0.445,0.171,nan
172,no_output,nan,0.000,0,0.000,0.000,nan,0,nan,114.861,0,0.000,18.077,1.288,0.422,0.171,nan
173,no_output,nan,0.000,0,0.000,0.000,nan,0,nan,89.711,0,0.000,17.988,1.614,0.407,0.171,nan
174,no_output,nan,0.000,0,0.000,0.000,nan,0,nan,118.809,0,0.000,17.935,1.256,0.468,0.171,nan
175,no_output,nan,0.000,0,0.000,0.000,nan,0,nan,108.038,0,0.000,17.973,1.125,0.407,0.179,nan
176,no_output,nan,0.000,0,0.000,0.000,nan,0,nan,90.702,0,0.000,17.924,1.398,0.422,0.171,nan
177,no_output,nan,0.000,0,0.000,0.000,nan,0,nan,99.245,0,0.000,17.874,1.236,0.407,0.175,nan
178,no_output,nan,0.000,0,0.000,0.000,nan,0,nan,116.031,0,0.000,18.001,1.199,0.441,0.171,nan
179,no_output,nan,0.000,0,0.000,0.000,nan,0,nan,106.848,0,0.000,18.064,1.560,0.452,0.183,nan
180,no_output,nan,0.000,0,0.000,0.000,nan,0,nan,98.578,0,0.000,17.894,1.452,0.403,0.171,nan
181,no_output,nan,0.000,0,0.000,0.000,nan,0,nan,113.227,0,0.000,18.007,1.317,0.418,0.171,nan
182,no_output,nan,0.000,0,0.000,0.000,nan,0,nan,115.191,0,0.000,18.100,1.340,0.430,0.179,nan
183,no_output,nan,0.000,0,0.000,0.000,nan,0,nan,81.492,0,0.000,17.866,1.344,0.433,0.171,nan
184,no_output,nan,0.000,0,0.000,0.000,nan,0,nan,67.478,0,0.000,18.025,1.581,0.471,0.171,nan
185,no_output,nan,0.000,0,0.000,0.000,nan,0,nan,99.987,0,0.000,18.124,1.515,0.437,0.179,nan
186,no_output,nan,0.000,0,0.000,0.000,nan,0,nan,117.578,0,0.000,18.131,1.735,0.411,0.179,nan
187,no_output,nan,0.000,0,0.000,0.000,nan,0,nan,100.051,0,0.000,17.964,1.359,0.422,0.160,nan
188,no_output,nan,0.000,0,0.000,0.000,nan,0,nan,71.818,0,0.000,17.975,1.441,0.445,0.171,nan
189,no_output,nan,0.000,0,0.000,0.000,nan,0,nan,88.298,0,0.000,18.111,1.468,0.426,0.179,nan
190,no_output,nan,0.000,0,0.000,0.000,nan,0,nan,88.426,0,0.000,17.931,1.370,0.445,0.160,nan
191,no_output,nan,0.000,0,0.000,0.000,nan,0,nan,127.493,0,0.000,17.736,1.335,0.441,0.183,nan
192,no_output,nan,0.000,0,0.000,0.000,nan,0,nan,124.465,0,0.000,18.127,1.250,0.388,0.171,nan
193,no_output,nan,0.000,0,0.000,0.000,nan,0,nan,104.440,0,0.000,18.122,1.590,0.418,0.179,nan
194,no_output,nan,0.000,0,0.000,0.000,nan,0,nan,86.249,0,0.000,17.785,1.247,0.441,0.160,nan
195,no_output,nan,0.000,0,0.000,0.000,nan,0,nan,114.216,0,0.000,18.343,1.906,0.403,0.186,nan
196,no_output,nan,0.000,0,0.000,0.000,nan,0,nan,90.410,0,0.000,18.146,1.534,0.460,0.171,nan
197,no_output,nan,0.000,0,0.000,0.000,nan,0,nan,79.916,0,0.000,17.745,1.339,0.433,0.175,nan
198,no_output,nan,0.000,0,0.000,0.000,nan,0,nan,102.147,0,0.000,17.933,1.380,0.426,0.183,nan
199,no_output,nan,0.000,0,0.000,0.000,nan,0,nan,85.166,0,0.000,18.031,1.384,0.418,0.163,nan
200,no_output,nan,0.000,0,0.000,0.000,nan,0,nan,87.562,0,0.000,18.333,1.640,0.430,0.175,nan
201,no_output,nan,0.000,0,0.000,0.000,nan,0,nan,96.887,0,0.000,18.344,1.716,0.411,0.179,nan
202,no_output,nan,0.000,0,0.000,0.000,nan,0,nan,92.281,0,0.000,18.001,1.265,0.433,0.171,nan
203,no_output,nan,0.000,0,0.000,0.000,nan,0,nan,87.950,0,0.000,17.979,1.273,0.433,0.171,nan
204,no_output,nan,0.000,0,0.000,0.000,nan,0,nan,115.436,0,0.000,18.636,2.194,0.418,0.163,nan
205,no_output,nan,0.000,0,0.000,0.000,nan,0,nan,157.481,0,0.000,17.969,1.270,0.445,0.171,nan
206,no_output,nan,0.000,0,0.000,0.000,nan,0,nan,86.410,0,0.000,18.147,1.967,0.422,0.175,nan
207,no_output,nan,0.000,0,0.000,0.000,nan,0,nan,112.714,0,0.000,18.056,1.537,0.407,0.167,nan
208,no_output,nan,0.000,0,0.000,0.000,nan,0,nan,93.033,0,0.000,18.011,1.356,0.449,0.171,nan
209,no_output,nan,0.000,0,0.000,0.000,nan,0,nan,90.983,0,0.000,17.974,1.237,0.418,0.160,nan
210,no_output,nan,0.000,0,0.000,0.000,nan,0,nan,114.627,0,0.000,18.231,1.296,0.414,0.171,nan
211,no_output,nan,0.000,0,0.000,0.000,nan,0,nan,118.151,0,0.000,18.349,1.775,0.414,0.179,nan
212,no_output,nan,0.000,0,0.000,0.000,nan,0,nan,127.157,0,0.000,17.820,1.318,0.449,0.163,nan
213,no_output,nan,0.000,0,0.000,0.000,nan,0,nan,96.357,0,0.000,17.843,1.401,0.437,0.171,nan
214,no_output,nan,0.000,0,0.000,0.000,nan,0,nan,106.673,0,0.000,18.060,1.253,0.441,0.175,nan
215,no_output,nan,0.000,0,0.000,0.000,nan,0,nan,88.995,0,0.000,17.916,1.208,0.433,0.171,nan
216,no_output,nan,0.000,0,0.000,0.000,nan,0,nan,96.316,0,0.000,18.093,1.297,0.430,0.171,nan
217,no_output,nan,0.000,0,0.000,0.000,nan,0,nan,110.846,0,0.000,18.243,1.489,0.418,0.179,nan
218,no_output,nan,0.000,0,0.000,0.000,nan,0,nan,135.978,0,0.000,18.114,1.505,0.411,0.171,nan
219,no_output,nan,0.000,0,0.000,0.000,nan,0,nan,86.554,0,0.000,17.915,1.251,0.411,0.183,nan
220,no_output,nan,0.000,0,0.000,0.000,nan,0,nan,104.031,0,0.000,18.262,1.496,0.433,0.160,nan
221,no_output,nan,0.000,0,0.000,0.000,nan,0,nan,92.985,0,0.000,17.878,1.061,0.452,0.171,nan
222,no_output,nan,0.000,0,0.000,0.000,nan,0,nan,127.313,0,0.000,18.007,1.290,0.433,0.163,nan
223,no_output,nan,0.000,0,0.000,0.000,nan,0,nan,96.979,0,0.000,18.204,1.715,0.414,0.163,nan
224,no_output,nan,0.000,0,0.000,0.000,nan,0,nan,75.357,0,0.000,18.289,1.604,0.407,0.171,nan
225,no_output,nan,0.000,0,0.000,0.000,nan,0,nan,117.956,0,0.000,18.108,1.423,0.468,0.171,nan
226,no_output,nan,0.000,0,0.000,0.000,nan,0,nan,84.115,0,0.000,18.309,1.939,0.403,0.171,nan
227,no_output,nan,0.000,0,0.000,0.000,nan,0,nan,103.987,0,0.000,17.991,2.530,0.418,0.171,nan
228,no_output,nan,0.000,0,0.000,0.000,nan,0,nan,92.251,0,0.000,17.994,1.397,0.411,0.160,nan
229,no_output,nan,0.000,0,0.000,0.000,nan,0,nan,115.567,0,0.000,18.194,1.299,0.426,0.179,nan
230,no_output,nan,0.000,0,0.000,0.000,nan,0,nan,101.897,0,0.000,18.219,1.589,0.418,0.179,nan
231,no_output,nan,0.000,0,0.000,0.000,nan,0,nan,84.768,0,0.000,17.802,1.481,0.430,0.171,nan
232,no_output,nan,0.000,0,0.000,0.000,nan,0,nan,89.250,0,0.000,18.085,1.461,0.392,0.171,nan
233,no_output,nan,0.000,0,0.000,0.000,nan,0,nan,91.481,0,0.000,18.295,1.979,0.426,0.160,nan
234,no_output,nan,0.000,0,0.000,0.000,nan,0,nan,100.487,0,0.000,17.962,1.392,0.418,0.179,nan
235,no_output,nan,0.000,0,0.000,0.000,nan,0,nan,113.982,0,0.000,18.093,1.307,0.445,0.171,nan
236,no_output,nan,0.000,0,0.000,0.000,nan,0,nan,78.558,0,0.000,17.956,1.463,0.433,0.186,nan
237,no_output,nan,0.000,0,0.000,0.000,nan,0,nan,76.963,0,0.000,17.893,1.357,0.403,0.171,nan
238,no_output,nan,0.000,0,0.000,0.000,nan,0,nan,112.379,0,0.000,17.956,1.463,0.437,0.179,nan
239,no_output,nan,0.000,0,0.000,0.000,nan,0,nan,110.681,0,0.000,18.138,1.496,0.411,0.171,nan
240,no_output,nan,0.000,0,0.000,0.000,nan,0,nan,94.887,0,0.000,18.219,1.816,0.369,0.190,nan
241,no_output,nan,0.000,0,0.000,0.000,nan,0,nan,150.280,0,0.000,18.174,1.752,0.433,0.171,nan
242,no_output,nan,0.000,0,0.000,0.000,nan,0,nan,128.458,0,0.000,18.251,1.616,0.403,0.179,nan
243,no_output,nan,0.000,0,0.000,0.000,nan,0,nan,101.229,0,0.000,17.940,1.321,0.414,0.171,nan
244,no_output,nan,0.000,0,0.000,0.000,nan,0,nan,78.382,0,0.000,17.922,1.294,0.418,0.171,nan
245,no_output,nan,0.000,0,0.000,0.000,nan,0,nan,121.336,0,0.000,18.006,1.369,0.399,0.190,nan
246,no_output,nan,0.000,0,0.000,0.000,nan,0,nan,76.211,0,0.000,18.522,2.065,0.433,0.163,nan
247,no_output,nan,0.000,0,0.000,0.000,nan,0,nan,63.842,0,0.000,18.053,1.432,0.441,0.179,nan
248,no_output,nan,0.000,0,0.000,0.000,nan,0,nan,96.101,0,0.000,17.870,1.275,0.399,0.175,nan
249,no_output,nan,0.000,0,0.000,0.000,nan,0,nan,85.024,0,0.000,17.962,1.457,0.437,0.171,nan
250,no_output,nan,0.000,0,0.000,0.000,nan,0,nan,77.323,0,0.000,17.903,1.303,0.407,0.179,nan
251,no_output,nan,0.000,0,0.000,0.000,nan,0,nan,87.344,0,0.000,17.958,1.482,0.452,0.179,nan
252,no_output,nan,0.000,0,0.000,0.000,nan,0,nan,100.311,0,0.000,18.041,1.473,0.392,0.179,nan
253,no_output,nan,0.000,0,0.000,0.000,nan,0,nan,82.054,0,0.000,18.001,1.742,0.407,0.179,nan
254,no_output,nan,0.000,0,0.000,0.000,nan,0,nan,84.782,0,0.000,17.819,1.572,0.414,0.179,nan
255,no_output,nan,0.000,0,0.000,0.000,nan,0,nan,118.521,0,0.000,18.171,1.920,0.460,0.179,nan
256,no_output,nan,0.000,0,0.000,0.000,nan,0,nan,95.965,0,0.000,18.088,1.531,0.449,0.179,nan
257,no_output,nan,0.000,0,0.000,0.000,nan,0,nan,107.971,0,0.000,17.898,1.264,0.426,0.171,nan
258,no_output,nan,0.000,0,0.000,0.000,nan,0,nan,123.950,0,0.000,17.854,1.196,0.437,0.179,nan
259,no_output,nan,0.000,0,0.000,0.000,nan,0,nan,109.362,0,0.000,18.047,1.274,0.414,0.163,nan
260,no_output,nan,0.000,0,0.000,0.000,nan,0,nan,87.344,0,0.000,17.926,1.418,0.418,0.171,nan
261,no_output,nan,0.000,0,0.000,0.000,nan,0,nan,76.441,0,0.000,18.007,1.217,0.433,0.171,nan
262,no_output,nan,0.000,0,0.000,0.000,nan,0,nan,91.821,0,0.000,17.894,1.117,0.395,0.186,nan
263,no_output,nan,0.000,0,0.000,0.000,nan,0,nan,123.113,0,0.000,18.013,1.448,0.395,0.171,nan
264,no_output,nan,0.000,0,0.000,0.000,nan,0,nan,118.040,0,0.000,18.070,1.554,0.445,0.179,nan
265,no_output,nan,0.000,0,0.000,0.000,nan,0,nan,104.199,0,0.000,17.863,1.365,0.445,0.179,nan
266,no_output,nan,0.000,0,0.000,0.000,nan,0,nan,95.450,0,0.000,18.611,2.800,0.437,0.163,nan
267,no_output,nan,0.000,0,0.000,0.000,nan,0,nan,99.251,0,0.000,18.132,1.277,0.407,0.171,nan
268,no_output,nan,0.000,0,0.000,0.000,nan,0,nan,86.999,0,0.000,17.817,1.208,0.426,0.171,nan
269,no_output,nan,0.000,0,0.000,0.000,nan,0,nan,102.861,0,0.000,18.192,1.468,0.422,0.171,nan
270,no_output,nan,0.000,0,0.000,0.000,nan,0,nan,96.121,0,0.000,18.409,1.762,0.445,0.183,nan
271,no_output,nan,0.000,0,0.000,0.000,nan,0,nan,87.677,0,0.000,18.167,1.876,0.403,0.171,nan
272,no_output,nan,0.000,0,0.000,0.000,nan,0,nan,80.830,0,0.000,18.272,2.072,0.445,0.179,nan
273,no_output,nan,0.000,0,0.000,0.000,nan,0,nan,71.902,0,0.000,18.294,1.607,0.388,0.175,nan
274,no_output,nan,0.000,0,0.000,0.000,nan,0,nan,103.875,0,0.000,17.908,1.371,0.430,0.179,nan
275,no_output,nan,0.000,0,0.000,0.000,nan,0,nan,140.747,0,0.000,17.948,1.271,0.426,0.179,nan
276,no_output,nan,0.000,0,0.000,0.000,nan,0,nan,104.843,0,0.000,17.987,1.306,0.430,0.171,nan
277,no_output,nan,0.000,0,0.000,0.000,nan,0,nan,123.148,0,0.000,18.093,1.604,0.380,0.175,nan
278,no_output,nan,0.000,0,0.000,0.000,nan,0,nan,114.048,0,0.000,18.016,1.163,0.437,0.171,nan
279,no_output,nan,0.000,0,0.000,0.000,nan,0,nan,98.490,0,0.000,18.031,1.203,0.403,0.171,nan
280,no_output,nan,0.000,0,0.000,0.000,nan,0,nan,90.521,0,0.000,18.354,2.416,0.407,0.171,nan
281,no_output,nan,0.000,0,0.000,0.000,nan,0,nan,74.374,0,0.000,18.120,1.641,0.395,0.167,nan
282,no_output,nan,0.000,0,0.000,0.000,nan,0,nan,125.366,0,0.000,18.273,1.846,0.441,0.171,nan
283,no_output,nan,0.000,0,0.000,0.000,nan,0,nan,120.320,0,0.000,17.876,1.136,0.449,0.171,nan
284,no_output,nan,0.000,0,0.000,0.000,nan,0,nan,96.659,0,0.000,18.400,1.747,0.395,0.171,nan
285,no_output,nan,0.000,0,0.000,0.000,nan,0,nan,104.631,0,0.000,18.234,1.561,0.392,0.171,nan
286,no_output,nan,0.000,0,0.000,0.000,nan,0,nan,113.439,0,0.000,17.900,1.473,0.414,0.171,nan
287,no_output,nan,0.000,0,0.000,0.000,nan,0,nan,87.016,0,0.000,17.849,1.266,0.441,0.171,nan
288,no_output,nan,0.000,0,0.000,0.000,nan,0,nan,74.376,0,0.000,18.097,1.380,0.426,0.183,nan
289,no_output,nan,0.000,0,0.000,0.000,nan,0,nan,84.395,0,0.000,17.887,1.249,0.445,0.186,nan
290,no_output,nan,0.000,0,0.000,0.000,nan,0,nan,119.887,0,0.000,18.033,1.282,0.411,0.179,nan
291,no_output,nan,0.000,0,0.000,0.000,nan,0,nan,84.323,0,0.000,17.900,1.258,0.449,0.171,nan
292,no_output,nan,0.000,0,0.000,0.000,nan,0,nan,104.571,0,0.000,17.865,1.483,0.422,0.179,nan
293,no_output,nan,0.000,0,0.000,0.000,nan,0,nan,109.637,0,0.000,18.521,1.843,0.392,0.148,nan
294,no_output,nan,0.000,0,0.000,0.000,nan,0,nan,97.572,0,0.000,17.945,1.815,0.384,0.175,nan
295,no_output,nan,0.000,0,0.000,0.000,nan,0,nan,119.775,0,0.000,17.967,1.264,0.426,0.171,nan
296,no_output,nan,0.000,0,0.000,0.000,nan,0,nan,93.381,0,0.000,17.968,1.470,0.399,0.179,nan
297,no_output,nan,0.000,0,0.000,0.000,nan,0,nan,104.517,0,0.000,17.914,1.353,0.422,0.183,nan
298,no_output,nan,0.000,0,0.000,0.000,nan,0,nan,115.672,0,0.000,17.966,1.258,0.414,0.179,nan
299,no_output,nan,0.000,0,0.000,0.000,nan,0,nan,102.196,0,0.000,18.372,1.817,0.388,0.186,nan
300,no_output,nan,0.000,0,0.000,0.000,nan,0,nan,73.736,0,0.000,17.981,1.639,0.369,0.179,nan
301,no_output,nan,0.000,0,0.000,0.000,nan,0,nan,82.058,0,0.000,17.942,1.273,0.388,0.183,nan
302,no_output,nan,0.000,0,0.000,0.000,nan,0,nan,107.442,0,0.000,17.968,1.460,0.407,0.160,nan
303,no_output,nan,0.000,0,0.000,0.000,nan,0,nan,84.873,0,0.000,18.084,1.503,0.437,0.167,nan
304,no_output,nan,0.000,0,0.000,0.000,nan,0,nan,86.763,0,0.000,17.952,1.249,0.403,0.190,nan
305,no_output,nan,0.000,0,0.000,0.000,nan,0,nan,97.204,0,0.000,17.868,1.247,0.437,0.163,nan
306,no_output,nan,0.000,0,0.000,0.000,nan,0,nan,103.232,0,0.000,18.029,1.434,0.414,0.179,nan
307,no_output,nan,0.000,0,0.000,0.000,nan,0,nan,83.063,0,0.000,18.120,1.321,0.426,0.167,nan
308,no_output,nan,0.000,0,0.000,0.000,nan,0,nan,99.334,0,0.000,17.958,1.431,0.380,0.171,nan
309,no_output,nan,0.000,0,0.000,0.000,nan,0,nan,105.675,0,0.000,17.908,1.243,0.433,0.179,nan
310,no_output,nan,0.000,0,0.000,0.000,nan,0,nan,91.338,0,0.000,17.896,1.244,0.437,0.179,nan
311,no_output,nan,0.000,0,0.000,0.000,nan,0,nan,86.781,0,0.000,18.191,1.459,0.418,0.175,nan
312,no_output,nan,0.000,0,0.000,0.000,nan,0,nan,92.898,0,0.000,17.963,1.621,0.452,0.163,nan
313,no_output,nan,0.000,0,0.000,0.000,nan,0,nan,86.023,0,0.000,18.134,1.849,0.399,0.171,nan
314,no_output,nan,0.000,0,0.000,0.000,nan,0,nan,91.711,0,0.000,18.000,1.289,0.441,0.179,nan
315,no_output,nan,0.000,0,0.000,0.000,nan,0,nan,108.538,0,0.000,18.060,1.389,0.414,0.171,nan
316,no_output,nan,0.000,0,0.000,0.000,nan,0,nan,99.006,0,0.000,18.398,1.798,0.445,0.179,nan
317,no_output,nan,0.000,0,0.000,0.000,nan,0,nan,121.238,0,0.000,18.221,1.389,0.414,0.171,nan
318,no_output,nan,0.000,0,0.000,0.000,nan,0,nan,121.062,0,0.000,18.026,1.414,0.426,0.186,nan
319,no_output,nan,0.000,0,0.000,0.000,nan,0,nan,123.494,0,0.000,18.015,1.597,0.376,0.179,nan
320,no_output,nan,0.000,0,0.000,0.000,nan,0,nan,95.116,0,0.000,18.444,2.065,0.430,0.152,nan
321,no_output,nan,0.000,0,0.000,0.000,nan,0,nan,112.494,0,0.000,18.119,1.629,0.433,0.179,nan
322,no_output,nan,0.000,0,0.000,0.000,nan,0,nan,108.870,0,0.000,17.983,1.197,0.445,0.175,nan
323,no_output,nan,0.000,0,0.000,0.000,nan,0,nan,96.041,0,0.000,17.928,1.468,0.449,0.171,nan
324,no_output,nan,0.000,0,0.000,0.000,nan,0,nan,105.801,0,0.000,17.970,1.229,0.422,0.171,nan
325,no_output,nan,0.000,0,0.000,0.000,nan,0,nan,66.478,0,0.000,18.059,1.203,0.422,0.160,nan
326,no_output,nan,0.000,0,0.000,0.000,nan,0,nan,99.986,0,0.000,18.429,2.450,0.399,0.171,nan
327,no_output,nan,0.000,0,0.000,0.000,nan,0,nan,85.356,0,0.000,17.938,1.659,0.441,0.171,nan
328,no_output,nan,0.000,0,0.000,0.000,nan,0,nan,95.780,0,0.000,17.877,1.207,0.441,0.171,nan
329,no_output,nan,0.000,0,0.000,0.000,nan,0,nan,104.763,0,0.000,18.443,2.017,0.418,0.175,nan
330,no_output,nan,0.000,0,0.000,0.000,nan,0,nan,102.614,0,0.000,17.934,1.274,0.422,0.179,nan
331,no_output,nan,0.000,0,0.000,0.000,nan,0,nan,109.275,0,0.000,17.859,1.375,0.411,0.179,nan
332,no_output,nan,0.000,0,0.000,0.000,nan,0,nan,118.710,0,0.000,18.283,1.818,0.433,0.171,nan
333,no_output,nan,0.000,0,0.000,0.000,nan,0,nan,125.230,0,0.000,17.868,1.419,0.426,0.171,nan
334,no_output,nan,0.000,0,0.000,0.000,nan,0,nan,85.779,0,0.000,18.205,1.330,0.411,0.179,nan
335,no_output,nan,0.000,0,0.000,0.000,nan,0,nan,90.749,0,0.000,17.838,1.222,0.430,0.179,nan
336,no_output,nan,0.000,0,0.000,0.000,nan,0,nan,90.899,0,0.000,18.154,1.568,0.430,0.171,nan
337,no_output,nan,0.000,0,0.000,0.000,nan,0,nan,101.460,0,0.000,17.885,1.416,0.399,0.183,nan
338,no_output,nan,0.000,0,0.000,0.000,nan,0,nan,100.930,0,0.000,18.164,1.347,0.433,0.183,nan
339,no_output,nan,0.000,0,0.000,0.000,nan,0,nan,76.029,0,0.000,17.942,1.181,0.441,0.179,nan
340,no_output,nan,0.000,0,0.000,0.000,nan,0,nan,91.810,0,0.000,18.276,1.602,0.445,0.179,nan
341,no_output,nan,0.000,0,0.000,0.000,nan,0,nan,135.800,0,0.000,18.167,1.700,0.433,0.171,nan
342,no_output,nan,0.000,0,0.000,0.000,nan,0,nan,87.267,0,0.000,18.060,1.160,0.430,0.179,nan
343,no_output,nan,0.000,0,0.000,0.000,nan,0,nan,95.768,0,0.000,18.489,2.355,0.441,0.160,nan
344,no_output,nan,0.000,0,0.000,0.000,nan,0,nan,103.472,0,0.000,17.858,1.257,0.422,0.179,nan
345,no_output,nan,0.000,0,0.000,0.000,nan,0,nan,116.217,0,0.000,18.001,1.330,0.452,0.183,nan
346,no_output,nan,0.000,0,0.000,0.000,nan,0,nan,67.796,0,0.000,18.059,1.708,0.403,0.179,nan
347,no_output,nan,0.000,0,0.000,0.000,nan,0,nan,83.965,0,0.000,18.457,2.168,0.430,0.171,nan
348,no_output,nan,0.000,0,0.000,0.000,nan,0,nan,123.585,0,0.000,18.084,1.578,0.422,0.183,nan
349,no_output,nan,0.000,0,0.000,0.000,nan,0,nan,90.122,0,0.000,18.401,1.770,0.411,0.167,nan
350,no_output,nan,0.000,0,0.000,0.000,nan,0,nan,71.692,0,0.000,18.129,1.468,0.422,0.183,nan
351,no_output,nan,0.000,0,0.000,0.000,nan,0,nan,78.159,0,0.000,18.463,2.174,0.430,0.160,nan
352,no_output,nan,0.000,0,0.000,0.000,nan,0,nan,91.366,0,0.000,18.317,1.575,0.445,0.175,nan
353,no_output,nan,0.000,0,0.000,0.000,nan,0,nan,113.559,0,0.000,18.026,1.608,0.430,0.179,nan
354,no_output,nan,0.000,0,0.000,0.000,nan,0,nan,107.374,0,0.000,17.963,1.450,0.433,0.163,nan
355,no_output,nan,0.000,0,0.000,0.000,nan,0,nan,82.667,0,0.000,17.773,1.197,0.456,0.186,nan
356,no_output,nan,0.000,0,0.000,0.000,nan,0,nan,62.877,0,0.000,17.942,1.233,0.418,0.171,nan
357,no_output,nan,0.000,0,0.000,0.000,nan,0,nan,144.512,0,0.000,18.117,1.352,0.445,0.171,nan
358,no_output,nan,0.000,0,0.000,0.000,nan,0,nan,103.068,0,0.000,18.058,1.330,0.422,0.179,nan
359,no_output,nan,0.000,0,0.000,0.000,nan,0,nan,74.033,0,0.000,18.049,1.271,0.430,0.179,nan
360,no_output,nan,0.000,0,0.000,0.000,nan,0,nan,98.074,0,0.000,17.903,1.234,0.441,0.167,nan
361,no_output,nan,0.000,0,0.000,0.000,nan,0,nan,123.709,0,0.000,18.041,1.351,0.384,0.179,nan
362,no_output,nan,0.000,0,0.000,0.000,nan,0,nan,92.562,0,0.000,18.357,1.951,0.430,0.171,nan
363,no_output,nan,0.000,0,0.000,0.000,nan,0,nan,104.508,0,0.000,18.194,1.807,0.376,0.171,nan
364,no_output,nan,0.000,0,0.000,0.000,nan,0,nan,97.671,0,0.000,17.839,1.268,0.414,0.179,nan
365,no_output,nan,0.000,0,0.000,0.000,nan,0,nan,92.103,0,0.000,17.885,1.312,0.445,0.171,nan
366,no_output,nan,0.000,0,0.000,0.000,nan,0,nan,102.401,0,0.000,17.843,1.260,0.449,0.175,nan
367,no_output,nan,0.000,0,0.000,0.000,nan,0,nan,112.322,0,0.000,17.993,1.392,0.441,0.186,nan
368,no_output,nan,0.000,0,0.000,0.000,nan,0,nan,81.132,0,0.000,17.872,1.555,0.460,0.179,nan
369,no_output,nan,0.000,0,0.000,0.000,nan,0,nan,121.612,0,0.000,17.927,1.392,0.452,0.179,nan
370,no_output,nan,0.000,0,0.000,0.000,nan,0,nan,83.966,0,0.000,18.035,1.329,0.411,0.179,nan
371,no_output,nan,0.000,0,0.000,0.000,nan,0,nan,127.176,0,0.000,18.258,1.724,0.414,0.183,nan
372,no_output,nan,0.000,0,0.000,0.000,nan,0,nan,94.338,0,0.000,17.963,1.393,0.411,0.179,nan
373,no_output,nan,0.000,0,0.000,0.000,nan,0,nan,118.001,0,0.000,18.032,1.343,0.411,0.171,nan
374,no_output,nan,0.000,0,0.000,0.000,nan,0,nan,109.991,0,0.000,17.949,1.214,0.430,0.179,nan
375,no_output,nan,0.000,0,0.000,0.000,nan,0,nan,95.345,0,0.000,17.934,1.372,0.430,0.186,nan
376,no_output,nan,0.000,0,0.000,0.000,nan,0,nan,90.267,0,0.000,17.936,1.256,0.449,0.179,nan
377,no_output,nan,0.000,0,0.000,0.000,nan,0,nan,90.506,0,0.000,18.471,2.116,0.452,0.171,nan
378,no_output,nan,0.000,0,0.000,0.000,nan,0,nan,93.064,0,0.000,18.039,1.481,0.414,0.186,nan
379,no_output,nan,0.000,0,0.000,0.000,nan,0,nan,116.702,0,0.000,17.962,1.357,0.399,0.171,nan
380,no_output,nan,0.000,0,0.000,0.000,nan,0,nan,117.097,0,0.000,18.245,1.448,0.411,0.163,nan
381,no_output,nan,0.000,0,0.000,0.000,nan,0,nan,89.140,0,0.000,17.930,1.196,0.456,0.163,nan
382,no_output,nan,0.000,0,0.000,0.000,nan,0,nan,98.044,0,0.000,18.109,1.542,0.437,0.167,nan
383,no_output,nan,0.000,0,0.000,0.000,nan,0,nan,92.005,0,0.000,18.415,2.310,0.460,0.156,nan
384,no_output,nan,0.000,0,0.000,0.000,nan,0,nan,88.669,0,0.000,18.215,1.652,0.433,0.179,nan
385,no_output,nan,0.000,0,0.000,0.000,nan,0,nan,89.574,0,0.000,17.938,1.326,0.411,0.179,nan
386,no_output,nan,0.000,0,0.000,0.000,nan,0,nan,80.278,0,0.000,18.029,1.225,0.418,0.171,nan
387,no_output,nan,0.000,0,0.000,0.000,nan,0,nan,87.397,0,0.000,18.036,1.545,0.464,0.175,nan
388,no_output,nan,0.000,0,0.000,0.000,nan,0,nan,127.089,0,0.000,17.997,1.359,0.445,0.163,nan
389,no_output,nan,0.000,0,0.000,0.000,nan,0,nan,70.110,0,0.000,17.830,1.453,0.449,0.175,nan
390,no_output,nan,0.000,0,0.000,0.000,nan,0,nan,125.695,0,0.000,18.039,1.470,0.422,0.175,nan
391,no_output,nan,0.000,0,0.000,0.000,nan,0,nan,106.217,0,0.000,17.934,1.169,0.422,0.163,nan
392,no_output,nan,0.000,0,0.000,0.000,nan,0,nan,108.491,0,0.000,17.917,1.473,0.411,0.179,nan
393,no_output,nan,0.000,0,0.000,0.000,nan,0,nan,86.372,0,0.000,17.905,1.422,0.426,0.163,nan
394,no_output,nan,0.000,0,0.000,0.000,nan,0,nan,79.820,0,0.000,17.823,1.278,0.418,0.179,nan
395,no_output,nan,0.000,0,0.000,0.000,nan,0,nan,105.598,0,0.000,17.853,1.340,0.418,0.179,nan
396,no_output,nan,0.000,0,0.000,0.000,nan,0,nan,68.065,0,0.000,17.895,1.454,0.441,0.171,nan
397,no_output,nan,0.000,0,0.000,0.000,nan,0,nan,89.465,0,0.000,18.141,1.596,0.418,0.179,nan
398,no_output,nan,0.000,0,0.000,0.000,nan,0,nan,88.134,0,0.000,17.911,1.462,0.418,0.167,nan
399,no_output,nan,0.000,0,0.000,0.000,nan,0,nan,82.584,0,0.000,18.095,1.435,0.403,0.175,nan
400,no_output,nan,0.000,0,0.000,0.000,nan,0,nan,116.757,0,0.000,18.063,1.448,0.452,0.183,nan
401,no_output,nan,0.000,0,0.000,0.000,nan,0,nan,104.037,0,0.000,18.119,1.561,0.441,0.179,nan
402,no_output,nan,0.000,0,0.000,0.000,nan,0,nan,80.677,0,0.000,18.013,1.396,0.430,0.167,nan
403,no_output,nan,0.000,0,0.000,0.000,nan,0,nan,74.519,0,0.000,18.115,1.346,0.411,0.171,nan
404,no_output,nan,0.000,0,0.000,0.000,nan,0,nan,122.827,0,0.000,17.948,1.392,0.399,0.190,nan
405,no_output,nan,0.000,0,0.000,0.000,nan,0,nan,129.206,0,0.000,18.033,1.618,0.399,0.175,nan
406,no_output,nan,0.000,0,0.000,0.000,nan,0,nan,88.903,0,0.000,17.902,1.386,0.403,0.179,nan
407,no_output,nan,0.000,0,0.000,0.000,nan,0,nan,119.212,0,0.000,17.904,1.560,0.418,0.183,nan
408,no_output,nan,0.000,0,0.000,0.000,nan,0,nan,92.837,0,0.000,17.908,1.381,0.422,0.175,nan
409,no_output,nan,0.000,0,0.000,0.000,nan,0,nan,53.042,0,0.000,17.915,1.330,0.449,0.163,nan
410,no_output,nan,0.000,0,0.000,0.000,nan,0,nan,93.139,0,0.000,17.871,1.225,0.437,0.171,nan
411,no_output,nan,0.000,0,0.000,0.000,nan,0,nan,115.131,0,0.000,17.982,1.215,0.430,0.167,nan
412,no_output,nan,0.000,0,0.000,0.000,nan,0,nan,92.437,0,0.000,17.810,1.405,0.437,0.171,nan
413,no_output,nan,0.000,0,0.000,0.000,nan,0,nan,91.304,0,0.000,17.958,1.350,0.384,0.183,nan
414,no_output,nan,0.000,0,0.000,0.000,nan,0,nan,121.606,0,0.000,18.168,1.452,0.403,0.175,nan
415,no_output,nan,0.000,0,0.000,0.000,nan,0,nan,92.170,0,0.000,18.055,1.317,0.433,0.171,nan
416,no_output,nan,0.000,0,0.000,0.000,nan,0,nan,67.181,0,0.000,18.136,1.421,0.430,0.179,nan
417,no_output,nan,0.000,0,0.000,0.000,nan,0,nan,108.250,0,0.000,17.862,1.352,0.437,0.163,nan
418,no_output,nan,0.000,0,0.000,0.000,nan,0,nan,89.273,0,0.000,18.111,1.439,0.433,0.171,nan
419,no_output,nan,0.000,0,0.000,0.000,nan,0,nan,102.842,0,0.000,17.896,1.193,0.445,0.175,nan
420,no_output,nan,0.000,0,0.000,0.000,nan,0,nan,86.863,0,0.000,17.951,1.433,0.430,0.179,nan
421,no_output,nan,0.000,0,0.000,0.000,nan,0,nan,87.723,0,0.000,17.993,1.631,0.414,0.175,nan
422,no_output,nan,0.000,0,0.000,0.000,nan,0,nan,102.494,0,0.000,18.373,1.837,0.426,0.167,nan
423,no_output,nan,0.000,0,0.000,0.000,nan,0,nan,122.240,0,0.000,18.407,2.293,0.433,0.167,nan
424,no_output,nan,0.000,0,0.000,0.000,nan,0,nan,116.343,0,0.000,17.880,1.295,0.399,0.179,nan
425,no_output,nan,0.000,0,0.000,0.000,nan,0,nan,118.759,0,0.000,18.025,1.434,0.452,0.156,nan
426,no_output,nan,0.000,0,0.000,0.000,nan,0,nan,95.784,0,0.000,17.935,1.230,0.433,0.167,nan
427,no_output,nan,0.000,0,0.000,0.000,nan,0,nan,89.225,0,0.000,18.135,1.668,0.422,0.175,nan
428,no_output,nan,0.000,0,0.000,0.000,nan,0,nan,84.235,0,0.000,17.772,1.263,0.414,0.175,nan
429,no_output,nan,0.000,0,0.000,0.000,nan,0,nan,79.991,0,0.000,18.195,1.550,0.426,0.179,nan
430,no_output,nan,0.000,0,0.000,0.000,nan,0,nan,92.316,0,0.000,17.734,1.318,0.456,0.183,nan
431,no_output,nan,0.000,0,0.000,0.000,nan,0,nan,84.619,0,0.000,18.921,3.412,0.411,0.160,nan
432,no_output,nan,0.000,0,0.000,0.000,nan,0,nan,113.293,0,0.000,17.986,1.480,0.422,0.186,nan
433,no_output,nan,0.000,0,0.000,0.000,nan,0,nan,101.009,0,0.000,17.876,1.197,0.445,0.171,nan
434,no_output,nan,0.000,0,0.000,0.000,nan,0,nan,108.022,0,0.000,17.983,1.238,0.479,0.175,nan
435,no_output,nan,0.000,0,0.000,0.000,nan,0,nan,80.558,0,0.000,18.315,1.830,0.437,0.179,nan
436,no_output,nan,0.000,0,0.000,0.000,nan,0,nan,93.927,0,0.000,18.937,3.474,0.452,0.179,nan
437,no_output,nan,0.000,0,0.000,0.000,nan,0,nan,107.958,0,0.000,18.149,1.468,0.411,0.183,nan
438,no_output,nan,0.000,0,0.000,0.000,nan,0,nan,79.339,0,0.000,17.730,1.544,0.414,0.167,nan
439,no_output,nan,0.000,0,0.000,0.000,nan,0,nan,83.864,0,0.000,17.986,1.358,0.414,0.171,nan
440,no_output,nan,0.000,0,0.000,0.000,nan,0,nan,60.605,0,0.000,17.812,1.159,0.445,0.183,nan
441,no_output,nan,0.000,0,0.000,0.000,nan,0,nan,111.463,0,0.000,18.081,1.538,0.433,0.175,nan
442,no_output,nan,0.000,0,0.000,0.000,nan,0,nan,77.525,0,0.000,17.895,1.321,0.407,0.167,nan
443,no_output,nan,0.000,0,0.000,0.000,nan,0,nan,111.035,0,0.000,18.189,1.514,0.407,0.175,nan
444,no_output,nan,0.000,0,0.000,0.000,nan,0,nan,100.381,0,0.000,18.575,3.922,0.418,0.156,nan
445,no_output,nan,0.000,0,0.000,0.000,nan,0,nan,102.751,0,0.000,18.086,1.390,0.418,0.171,nan
446,no_output,nan,0.000,0,0.000,0.000,nan,0,nan,102.464,0,0.000,17.966,1.380,0.456,0.179,nan
447,no_output,nan,0.000,0,0.000,0.000,nan,0,nan,82.239,0,0.000,17.946,1.217,0.430,0.179,nan
448,no_output,nan,0.000,0,0.000,0.000,nan,0,nan,104.473,0,0.000,18.140,1.473,0.403,0.175,nan
449,no_output,nan,0.000,0,0.000,0.000,nan,0,nan,119.360,0,0.000,17.997,1.554,0.430,0.175,nan
450,no_output,nan,0.000,0,0.000,0.000,nan,0,nan,84.122,0,0.000,18.104,1.424,0.437,0.175,nan
451,no_output,nan,0.000,0,0.000,0.000,nan,0,nan,82.694,0,0.000,17.890,1.328,0.437,0.156,nan
452,no_output,nan,0.000,0,0.000,0.000,nan,0,nan,87.155,0,0.000,17.926,1.300,0.433,0.179,nan
453,no_output,nan,0.000,0,0.000,0.000,nan,0,nan,131.456,0,0.000,17.975,1.507,0.395,0.179,nan
454,no_output,nan,0.000,0,0.000,0.000,nan,0,nan,101.062,0,0.000,18.031,1.346,0.418,0.179,nan
455,no_output,nan,0.000,0,0.000,0.000,nan,0,nan,89.861,0,0.000,18.251,1.895,0.395,0.175,nan
456,no_output,nan,0.000,0,0.000,0.000,nan,0,nan,116.440,0,0.000,18.133,1.513,0.452,0.175,nan
457,no_output,nan,0.000,0,0.000,0.000,nan,0,nan,77.188,0,0.000,18.774,3.389,0.388,0.179,nan
458,no_output,nan,0.000,0,0.000,0.000,nan,0,nan,71.104,0,0.000,18.224,2.068,0.395,0.156,nan
459,no_output,nan,0.000,0,0.000,0.000,nan,0,nan,108.649,0,0.000,17.889,1.298,0.452,0.156,nan
460,no_output,nan,0.000,0,0.000,0.000,nan,0,nan,101.877,0,0.000,18.020,1.142,0.395,0.190,nan
461,no_output,nan,0.000,0,0.000,0.000,nan,0,nan,97.888,0,0.000,18.030,1.764,0.414,0.175,nan
462,no_output,nan,0.000,0,0.000,0.000,nan,0,nan,98.252,0,0.000,18.019,1.248,0.437,0.171,nan
463,no_output,nan,0.000,0,0.000,0.000,nan,0,nan,84.588,0,0.000,18.256,1.597,0.399,0.167,nan
464,no_output,nan,0.000,0,0.000,0.000,nan,0,nan,106.200,0,0.000,17.965,1.274,0.426,0.179,nan
465,no_output,nan,0.000,0,0.000,0.000,nan,0,nan,113.877,0,0.000,18.059,1.429,0.441,0.183,nan
466,no_output,nan,0.000,0,0.000,0.000,nan,0,nan,115.158,0,0.000,18.023,1.611,0.407,0.171,nan
467,no_output,nan,0.000,0,0.000,0.000,nan,0,nan,75.397,0,0.000,18.021,1.436,0.475,0.171,nan
468,no_output,nan,0.000,0,0.000,0.000,nan,0,nan,96.216,0,0.000,17.899,1.455,0.430,0.183,nan
469,no_output,nan,0.000,0,0.000,0.000,nan,0,nan,110.772,0,0.000,17.971,1.870,0.460,0.160,nan
470,no_output,nan,0.000,0,0.000,0.000,nan,0,nan,80.145,0,0.000,17.866,1.116,0.430,0.186,nan
471,no_output,nan,0.000,0,0.000,0.000,nan,0,nan,105.788,0,0.000,18.001,1.426,0.464,0.179,nan
472,no_output,nan,0.000,0,0.000,0.000,nan,0,nan,92.417,0,0.000,18.033,1.343,0.426,0.163,nan
473,no_output,nan,0.000,0,0.000,0.000,nan,0,nan,136.097,0,0.000,18.322,1.663,0.411,0.167,nan
474,no_output,nan,0.000,0,0.000,0.000,nan,0,nan,94.288,0,0.000,18.314,1.714,0.395,0.163,nan
475,no_output,nan,0.000,0,0.000,0.000,nan,0,nan,90.813,0,0.000,18.141,1.777,0.464,0.171,nan
476,no_output,nan,0.000,0,0.000,0.000,nan,0,nan,119.191,0,0.000,18.129,1.824,0.388,0.175,nan
477,no_output,nan,0.000,0,0.000,0.000,nan,0,nan,73.200,0,0.000,17.967,2.006,0.403,0.171,nan
478,no_output,nan,0.000,0,0.000,0.000,nan,0,nan,118.698,0,0.000,18.144,1.435,0.418,0.171,nan
479,no_output,nan,0.000,0,0.000,0.000,nan,0,nan,138.689,0,0.000,17.965,1.357,0.475,0.171,nan
480,no_output,nan,0.000,0,0.000,0.000,nan,0,nan,80.216,0,0.000,18.247,1.348,0.464,0.171,nan
481,no_output,nan,0.000,0,0.000,0.000,nan,0,nan,86.221,0,0.000,18.094,1.525,0.388,0.163,nan
482,no_output,nan,0.000,0,0.000,0.000,nan,0,nan,100.934,0,0.000,18.188,1.544,0.414,0.175,nan
483,no_output,nan,0.000,0,0.000,0.000,nan,0,nan,106.953,0,0.000,18.018,1.241,0.433,0.171,nan
484,no_output,nan,0.000,0,0.000,0.000,nan,0,nan,90.341,0,0.000,17.890,1.389,0.437,0.183,nan
485,no_output,nan,0.000,0,0.000,0.000,nan,0,nan,101.574,0,0.000,18.129,1.636,0.430,0.175,nan
486,no_output,nan,0.000,0,0.000,0.000,nan,0,nan,111.457,0,0.000,18.017,1.312,0.403,0.175,nan
487,no_output,nan,0.000,0,0.000,0.000,nan,0,nan,88.984,0,0.000,17.690,1.301,0.388,0.171,nan
488,no_output,nan,0.000,0,0.000,0.000,nan,0,nan,100.505,0,0.000,18.500,2.965,0.373,0.160,nan
489,no_output,nan,0.000,0,0.000,0.000,nan,0,nan,84.740,0,0.000,18.000,1.228,0.445,0.179,nan
490,no_output,nan,0.000,0,0.000,0.000,nan,0,nan,95.550,0,0.000,17.960,1.462,0.460,0.156,nan
491,no_output,nan,0.000,0,0.000,0.000,nan,0,nan,73.047,0,0.000,18.315,1.565,0.433,0.171,nan
492,no_output,nan,0.000,0,0.000,0.000,nan,0,nan,107.463,0,0.000,18.002,1.258,0.399,0.171,nan
493,no_output,nan,0.000,0,0.000,0.000,nan,0,nan,104.777,0,0.000,17.932,1.243,0.403,0.179,nan
494,no_output,nan,0.000,0,0.000,0.000,nan,0,nan,82.323,0,0.000,18.126,1.340,0.426,0.186,nan
495,no_output,nan,0.000,0,0.000,0.000,nan,0,nan,41.399,0,0.000,17.859,1.937,0.411,0.186,nan
496,no_output,nan,0.000,0,0.000,0.000,nan,0,nan,107.714,0,0.000,17.983,1.160,0.437,0.171,nan
497,no_output,nan,0.000,0,0.000,0.000,nan,0,nan,86.996,0,0.000,17.971,1.463,0.422,0.179,nan
498,no_output,nan,0.000,0,0.000,0.000,nan,0,nan,91.413,0,0.000,18.092,1.665,0.430,0.163,nan
499,no_output,nan,0.000,0,0.000,0.000,nan,0,nan,108.375,0,0.000,18.063,1.596,0.414,0.183,nan
500,no_output,nan,0.000,0,0.000,0.000,nan,0,nan,83.883,0,0.000,18.140,1.870,0.433,0.156,nan
501,no_output,nan,0.000,0,0.000,0.000,nan,0,nan,87.355,0,0.000,18.038,1.529,0.460,0.171,nan
502,no_output,nan,0.000,0,0.000,0.000,nan,0,nan,100.675,0,0.000,18.165,1.488,0.426,0.171,nan
503,no_output,nan,0.000,0,0.000,0.000,nan,0,nan,110.165,0,0.000,18.019,1.397,0.430,0.190,nan
504,no_output,nan,0.000,0,0.000,0.000,nan,0,nan,66.998,0,0.000,17.968,1.562,0.430,0.198,nan
505,no_output,nan,0.000,0,0.000,0.000,nan,0,nan,104.236,0,0.000,17.953,1.278,0.441,0.179,nan
506,no_output,nan,0.000,0,0.000,0.000,nan,0,nan,66.547,0,0.000,17.760,1.415,0.430,0.175,nan
507,no_output,nan,0.000,0,0.000,0.000,nan,0,nan,90.366,0,0.000,17.887,1.175,0.418,0.171,nan
508,no_output,nan,0.000,0,0.000,0.000,nan,0,nan,129.769,0,0.000,18.323,1.759,0.456,0.179,nan
509,no_output,nan,0.000,0,0.000,0.000,nan,0,nan,116.213,0,0.000,17.982,1.380,0.418,0.179,nan
510,no_output,nan,0.000,0,0.000,0.000,nan,0,nan,92.873,0,0.000,17.717,1.149,0.430,0.171,nan
511,no_output,nan,0.000,0,0.000,0.000,nan,0,nan,108.377,0,0.000,17.945,1.125,0.433,0.171,nan
512,no_output,nan,0.000,0,0.000,0.000,nan,0,nan,95.879,0,0.000,17.931,1.362,0.441,0.171,nan
513,no_output,nan,0.000,0,0.000,0.000,nan,0,nan,100.250,0,0.000,18.020,1.078,0.437,0.179,nan
514,no_output,nan,0.000,0,0.000,0.000,nan,0,nan,85.579,0,0.000,17.860,1.227,0.441,0.167,nan
515,no_output,nan,0.000,0,0.000,0.000,nan,0,nan,99.263,0,0.000,18.288,1.516,0.422,0.179,nan
516,no_output,nan,0.000,0,0.000,0.000,nan,0,nan,68.176,0,0.000,18.050,1.790,0.403,0.163,nan
517,no_output,nan,0.000,0,0.000,0.000,nan,0,nan,70.979,0,0.000,18.169,1.689,0.422,0.179,nan
518,no_output,nan,0.000,0,0.000,0.000,nan,0,nan,107.153,0,0.000,17.935,1.683,0.441,0.179,nan
519,no_output,nan,0.000,0,0.000,0.000,nan,0,nan,89.080,0,0.000,18.279,1.512,0.437,0.171,nan
520,no_output,nan,0.000,0,0.000,0.000,nan,0,nan,104.768,0,0.000,18.328,1.664,0.449,0.175,nan
521,no_output,nan,0.000,0,0.000,0.000,nan,0,nan,74.209,0,0.000,18.443,2.493,0.426,0.179,nan
522,no_output,nan,0.000,0,0.000,0.000,nan,0,nan,85.770,0,0.000,17.747,1.266,0.441,0.175,nan
523,no_output,nan,0.000,0,0.000,0.000,nan,0,nan,92.744,0,0.000,18.086,1.202,0.445,0.171,nan
524,no_output,nan,0.000,0,0.000,0.000,nan,0,nan,106.156,0,0.000,17.871,1.260,0.445,0.163,nan
525,no_output,nan,0.000,0,0.000,0.000,nan,0,nan,80.713,0,0.000,18.006,1.417,0.411,0.183,nan
526,no_output,nan,0.000,0,0.000,0.000,nan,0,nan,106.213,0,0.000,18.093,1.576,0.441,0.160,nan
527,no_output,nan,0.000,0,0.000,0.000,nan,0,nan,100.777,0,0.000,17.996,1.352,0.426,0.175,nan
528,no_output,nan,0.000,0,0.000,0.000,nan,0,nan,91.244,0,0.000,18.133,1.521,0.403,0.183,nan
529,no_output,nan,0.000,0,0.000,0.000,nan,0,nan,149.945,0,0.000,18.120,1.243,0.433,0.171,nan
530,no_output,nan,0.000,0,0.000,0.000,nan,0,nan,80.443,0,0.000,18.030,1.313,0.418,0.183,nan
531,no_output,nan,0.000,0,0.000,0.000,nan,0,nan,80.123,0,0.000,18.515,1.975,0.380,0.179,nan
532,no_output,nan,0.000,0,0.000,0.000,nan,0,nan,85.328,0,0.000,17.942,1.356,0.460,0.179,nan
533,no_output,nan,0.000,0,0.000,0.000,nan,0,nan,90.028,0,0.000,17.978,1.380,0.418,0.186,nan
534,no_output,nan,0.000,0,0.000,0.000,nan,0,nan,75.766,0,0.000,18.287,2.453,0.452,0.163,nan
535,no_output,nan,0.000,0,0.000,0.000,nan,0,nan,92.505,0,0.000,17.982,1.273,0.403,0.183,nan
536,no_output,nan,0.000,0,0.000,0.000,nan,0,nan,90.090,0,0.000,18.083,1.854,0.399,0.179,nan
537,no_output,nan,0.000,0,0.000,0.000,nan,0,nan,107.175,0,0.000,17.913,1.283,0.445,0.179,nan
538,no_output,nan,0.000,0,0.000,0.000,nan,0,nan,105.808,0,0.000,18.136,1.818,0.418,0.171,nan
539,no_output,nan,0.000,0,0.000,0.000,nan,0,nan,124.880,0,0.000,18.137,1.282,0.456,0.171,nan
540,no_output,nan,0.000,0,0.000,0.000,nan,0,nan,123.484,0,0.000,17.909,1.291,0.426,0.175,nan
541,no_output,nan,0.000,0,0.000,0.000,nan,0,nan,79.842,0,0.000,18.198,2.164,0.411,0.175,nan
542,no_output,nan,0.000,0,0.000,0.000,nan,0,nan,89.927,0,0.000,18.229,1.400,0.449,0.179,nan
543,no_output,nan,0.000,0,0.000,0.000,nan,0,nan,95.956,0,0.000,17.894,1.508,0.456,0.171,nan
544,no_output,nan,0.000,0,0.000,0.000,nan,0,nan,68.557,0,0.000,17.942,1.234,0.437,0.179,nan
545,no_output,nan,0.000,0,0.000,0.000,nan,0,nan,85.004,0,0.000,18.705,2.267,0.418,0.171,nan
546,no_output,nan,0.000,0,0.000,0.000,nan,0,nan,84.418,0,0.000,18.111,1.384,0.460,0.171,nan
547,no_output,nan,0.000,0,0.000,0.000,nan,0,nan,135.101,0,0.000,17.934,1.135,0.437,0.186,nan
548,no_output,nan,0.000,0,0.000,0.000,nan,0,nan,88.782,0,0.000,17.718,1.360,0.411,0.179,nan
549,no_output,nan,0.000,0,0.000,0.000,nan,0,nan,100.554,0,0.000,17.860,1.503,0.414,0.179,nan
550,no_output,nan,0.000,0,0.000,0.000,nan,0,nan,96.288,0,0.000,17.949,1.608,0.411,0.152,nan
551,no_output,nan,0.000,0,0.000,0.000,nan,0,nan,115.279,0,0.000,18.097,1.593,0.422,0.167,nan
552,no_output,nan,0.000,0,0.000,0.000,nan,0,nan,106.613,0,0.000,17.988,1.378,0.407,0.179,nan
553,no_output,nan,0.000,0,0.000,0.000,nan,0,nan,79.443,0,0.000,18.087,1.383,0.441,0.171,nan
554,no_output,nan,0.000,0,0.000,0.000,nan,0,nan,138.264,0,0.000,18.389,2.158,0.445,0.171,nan
555,no_output,nan,0.000,0,0.000,0.000,nan,0,nan,96.748,0,0.000,18.040,1.425,0.441,0.175,nan
556,no_output,nan,0.000,0,0.000,0.000,nan,0,nan,72.562,0,0.000,17.753,1.236,0.445,0.171,nan
557,no_output,nan,0.000,0,0.000,0.000,nan,0,nan,123.486,0,0.000,17.896,1.593,0.395,0.175,nan
558,no_output,nan,0.000,0,0.000,0.000,nan,0,nan,82.419,0,0.000,17.972,1.518,0.456,0.175,nan
559,no_output,nan,0.000,0,0.000,0.000,nan,0,nan,102.784,0,0.000,17.978,1.330,0.445,0.160,nan
560,no_output,nan,0.000,0,0.000,0.000,nan,0,nan,84.920,0,0.000,17.960,1.702,0.407,0.175,nan
561,no_output,nan,0.000,0,0.000,0.000,nan,0,nan,91.990,0,0.000,17.908,1.311,0.449,0.179,nan
562,no_output,nan,0.000,0,0.000,0.000,nan,0,nan,72.316,0,0.000,18.189,1.354,0.426,0.171,nan
563,no_output,nan,0.000,0,0.000,0.000,nan,0,nan,83.639,0,0.000,18.239,1.613,0.456,0.171,nan
564,no_output,nan,0.000,0,0.000,0.000,nan,0,nan,108.362,0,0.000,18.128,1.271,0.430,0.179,nan
565,no_output,nan,0.000,0,0.000,0.000,nan,0,nan,88.773,0,0.000,18.069,1.624,0.479,0.160,nan
566,no_output,nan,0.000,0,0.000,0.000,nan,0,nan,70.706,0,0.000,17.727,1.238,0.422,0.179,nan
567,no_output,nan,0.000,0,0.000,0.000,nan,0,nan,81.446,0,0.000,17.854,1.039,0.441,0.171,nan
568,no_output,nan,0.000,0,0.000,0.000,nan,0,nan,91.050,0,0.000,17.861,1.451,0.422,0.183,nan
569,no_output,nan,0.000,0,0.000,0.000,nan,0,nan,71.413,0,0.000,17.873,1.397,0.418,0.179,nan
570,no_output,nan,0.000,0,0.000,0.000,nan,0,nan,102.869,0,0.000,18.477,2.269,0.384,0.171,nan
571,no_output,nan,0.000,0,0.000,0.000,nan,0,nan,75.132,0,0.000,18.180,1.781,0.422,0.175,nan
572,no_output,nan,0.000,0,0.000,0.000,nan,0,nan,95.517,0,0.000,18.028,1.575,0.449,0.171,nan
573,no_output,nan,0.000,0,0.000,0.000,nan,0,nan,109.840,0,0.000,17.773,1.499,0.452,0.171,nan
574,no_output,nan,0.000,0,0.000,0.000,nan,0,nan,88.110,0,0.000,18.229,1.502,0.395,0.171,nan
575,no_output,nan,0.000,0,0.000,0.000,nan,0,nan,148.041,0,0.000,18.159,1.555,0.414,0.179,nan
576,no_output,nan,0.000,0,0.000,0.000,nan,0,nan,80.058,0,0.000,18.302,1.453,0.380,0.179,nan
577,no_output,nan,0.000,0,0.000,0.000,nan,0,nan,154.105,0,0.000,17.962,1.398,0.411,0.179,nan
578,no_output,nan,0.000,0,0.000,0.000,nan,0,nan,96.272,0,0.000,18.099,1.291,0.433,0.163,nan
579,no_output,nan,0.000,0,0.000,0.000,nan,0,nan,62.711,0,0.000,17.950,1.375,0.452,0.175,nan
580,no_output,nan,0.000,0,0.000,0.000,nan,0,nan,102.430,0,0.000,18.505,2.309,0.426,0.167,nan
581,no_output,nan,0.000,0,0.000,0.000,nan,0,nan,94.271,0,0.000,17.818,1.092,0.414,0.171,nan
582,no_output,nan,0.000,0,0.000,0.000,nan,0,nan,92.986,0,0.000,18.238,1.566,0.411,0.179,nan
583,no_output,nan,0.000,0,0.000,0.000,nan,0,nan,120.251,0,0.000,18.106,1.443,0.456,0.171,nan
584,no_output,nan,0.000,0,0.000,0.000,nan,0,nan,93.100,0,0.000,18.068,1.819,0.395,0.186,nan
585,no_output,nan,0.000,0,0.000,0.000,nan,0,nan,94.084,0,0.000,18.038,1.211,0.433,0.179,nan
586,no_output,nan,0.000,0,0.000,0.000,nan,0,nan,94.700,0,0.000,17.899,1.293,0.388,0.171,nan
587,no_output,nan,0.000,0,0.000,0.000,nan,0,nan,88.501,0,0.000,17.950,1.422,0.441,0.179,nan
588,no_output,nan,0.000,0,0.000,0.000,nan,0,nan,80.986,0,0.000,18.002,1.310,0.449,0.167,nan
589,no_output,nan,0.000,0,0.000,0.000,nan,0,nan,64.747,0,0.000,17.907,1.230,0.430,0.190,nan
590,no_output,nan,0.000,0,0.000,0.000,nan,0,nan,98.380,0,0.000,17.908,1.387,0.433,0.183,nan
591,no_output,nan,0.000,0,0.000,0.000,nan,0,nan,93.233,0,0.000,17.842,1.353,0.437,0.163,nan
592,no_output,nan,0.000,0,0.000,0.000,nan,0,nan,89.641,0,0.000,18.026,1.125,0.441,0.179,nan
593,no_output,nan,0.000,0,0.000,0.000,nan,0,nan,72.330,0,0.000,18.256,1.817,0.464,0.186,nan
594,no_output,nan,0.000,0,0.000,0.000,nan,0,nan,125.882,0,0.000,17.938,1.397,0.449,0.179,nan
595,no_output,nan,0.000,0,0.000,0.000,nan,0,nan,81.537,0,0.000,18.118,1.209,0.449,0.163,nan
596,no_output,nan,0.000,0,0.000,0.000,nan,0,nan,89.683,0,0.000,18.039,1.735,0.407,0.163,nan
597,no_output,nan,0.000,0,0.000,0.000,nan,0,nan,97.750,0,0.000,18.086,1.363,0.433,0.171,nan
598,no_output,nan,0.000,0,0.000,0.000,nan,0,nan,93.589,0,0.000,17.969,1.269,0.426,0.175,nan
599,no_output,nan,0.000,0,0.000,0.000,nan,0,nan,92.951,0,0.000,18.273,1.702,0.380,0.163,nan
600,no_output,nan,0.000,0,0.000,0.000,nan,0,nan,96.504,0,0.000,17.816,1.450,0.411,0.171,nan
601,no_output,nan,0.000,0,0.000,0.000,nan,0,nan,102.362,0,0.000,17.928,1.352,0.456,0.171,nan
602,no_output,nan,0.000,0,0.000,0.000,nan,0,nan,100.783,0,0.000,18.293,1.632,0.433,0.163,nan
603,no_output,nan,0.000,0,0.000,0.000,nan,0,nan,104.661,0,0.000,18.033,1.257,0.418,0.179,nan
604,no_output,nan,0.000,0,0.000,0.000,nan,0,nan,91.106,0,0.000,18.080,1.749,0.399,0.190,nan
605,no_output,nan,0.000,0,0.000,0.000,nan,0,nan,94.490,0,0.000,18.517,2.025,0.414,0.175,nan
606,no_output,nan,0.000,0,0.000,0.000,nan,0,nan,105.554,0,0.000,17.866,1.356,0.433,0.160,nan
607,no_output,nan,0.000,0,0.000,0.000,nan,0,nan,90.497,0,0.000,17.833,1.222,0.452,0.171,nan
608,no_output,nan,0.000,0,0.000,0.000,nan,0,nan,128.553,0,0.000,17.995,1.279,0.392,0.179,nan
609,no_output,nan,0.000,0,0.000,0.000,nan,0,nan,103.195,0,0.000,17.847,1.536,0.399,0.179,nan
610,no_output,nan,0.000,0,0.000,0.000,nan,0,nan,94.407,0,0.000,17.853,1.410,0.437,0.179,nan
611,no_output,nan,0.000,0,0.000,0.000,nan,0,nan,86.883,0,0.000,18.261,1.520,0.418,0.171,nan
612,no_output,nan,0.000,0,0.000,0.000,nan,0,nan,111.959,0,0.000,18.110,1.466,0.403,0.171,nan
613,no_output,nan,0.000,0,0.000,0.000,nan,0,nan,85.971,0,0.000,17.866,1.402,0.452,0.160,nan
614,no_output,nan,0.000,0,0.000,0.000,nan,0,nan,114.851,0,0.000,17.895,1.213,0.414,0.171,nan
615,no_output,nan,0.000,0,0.000,0.000,nan,0,nan,76.169,0,0.000,17.793,1.212,0.437,0.163,nan
616,no_output,nan,0.000,0,0.000,0.000,nan,0,nan,110.379,0,0.000,17.929,1.286,0.445,0.175,nan
617,no_output,nan,0.000,0,0.000,0.000,nan,0,nan,54.671,0,0.000,17.822,1.358,0.449,0.175,nan
618,no_output,nan,0.000,0,0.000,0.000,nan,0,nan,119.214,0,0.000,18.165,1.437,0.456,0.163,nan
619,no_output,nan,0.000,0,0.000,0.000,nan,0,nan,110.217,0,0.000,17.984,1.493,0.426,0.171,nan
620,no_output,nan,0.000,0,0.000,0.000,nan,0,nan,97.675,0,0.000,17.927,1.195,0.433,0.179,nan
621,no_output,nan,0.000,0,0.000,0.000,nan,0,nan,92.675,0,0.000,17.998,1.370,0.452,0.179,nan
622,no_output,nan,0.000,0,0.000,0.000,nan,0,nan,66.790,0,0.000,18.321,1.485,0.433,0.167,nan
623,no_output,nan,0.000,0,0.000,0.000,nan,0,nan,120.532,0,0.000,18.054,1.598,0.414,0.167,nan
624,no_output,nan,0.000,0,0.000,0.000,nan,0,nan,115.132,0,0.000,17.906,1.318,0.452,0.167,nan
625,no_output,nan,0.000,0,0.000,0.000,nan,0,nan,81.825,0,0.000,17.982,1.345,0.464,0.167,nan
626,no_output,nan,0.000,0,0.000,0.000,nan,0,nan,100.669,0,0.000,17.940,1.423,0.452,0.171,nan
627,no_output,nan,0.000,0,0.000,0.000,nan,0,nan,108.202,0,0.000,17.965,1.329,0.399,0.179,nan
628,no_output,nan,0.000,0,0.000,0.000,nan,0,nan,85.617,0,0.000,18.285,1.690,0.449,0.163,nan
629,no_output,nan,0.000,0,0.000,0.000,nan,0,nan,118.632,0,0.000,18.525,3.592,0.433,0.186,nan
630,no_output,nan,0.000,0,0.000,0.000,nan,0,nan,95.731,0,0.000,17.660,1.273,0.433,0.179,nan
631,no_output,nan,0.000,0,0.000,0.000,nan,0,nan,104.666,0,0.000,18.063,1.473,0.426,0.183,nan
632,no_output,nan,0.000,0,0.000,0.000,nan,0,nan,90.552,0,0.000,17.878,1.319,0.460,0.179,nan
633,no_output,nan,0.000,0,0.000,0.000,nan,0,nan,74.758,0,0.000,17.919,1.304,0.433,0.171,nan
634,no_output,nan,0.000,0,0.000,0.000,nan,0,nan,95.315,0,0.000,18.211,1.451,0.426,0.186,nan
635,no_output,nan,0.000,0,0.000,0.000,nan,0,nan,99.050,0,0.000,18.241,1.265,0.445,0.171,nan
636,no_output,nan,0.000,0,0.000,0.000,nan,0,nan,96.752,0,0.000,18.242,1.578,0.384,0.163,nan
637,no_output,nan,0.000,0,0.000,0.000,nan,0,nan,94.110,0,0.000,18.022,1.282,0.441,0.179,nan
638,no_output,nan,0.000,0,0.000,0.000,nan,0,nan,111.121,0,0.000,18.157,1.451,0.430,0.171,nan
639,no_output,nan,0.000,0,0.000,0.000,nan,0,nan,96.241,0,0.000,17.868,1.253,0.422,0.179,nan
640,no_output,nan,0.000,0,0.000,0.000,nan,0,nan,111.444,0,0.000,17.996,1.472,0.426,0.163,nan
641,no_output,nan,0.000,0,0.000,0.000,nan,0,nan,103.282,0,0.000,18.044,1.551,0.384,0.179,nan
642,no_output,nan,0.000,0,0.000,0.000,nan,0,nan,77.605,0,0.000,17.944,1.343,0.403,0.163,nan
643,no_output,nan,0.000,0,0.000,0.000,nan,0,nan,123.668,0,0.000,18.123,1.555,0.414,0.171,nan
644,no_output,nan,0.000,0,0.000,0.000,nan,0,nan,98.841,0,0.000,17.955,1.625,0.414,0.163,nan
645,no_output,nan,0.000,0,0.000,0.000,nan,0,nan,98.367,0,0.000,17.933,1.336,0.426,0.163,nan
646,no_output,nan,0.000,0,0.000,0.000,nan,0,nan,115.102,0,0.000,18.096,1.502,0.414,0.179,nan
647,no_output,nan,0.000,0,0.000,0.000,nan,0,nan,110.487,0,0.000,18.195,1.480,0.384,0.179,nan
648,no_output,nan,0.000,0,0.000,0.000,nan,0,nan,81.561,0,0.000,17.825,1.428,0.441,0.179,nan
649,no_output,nan,0.000,0,0.000,0.000,nan,0,nan,65.775,0,0.000,18.130,1.573,0.452,0.171,nan
650,no_output,nan,0.000,0,0.000,0.000,nan,0,nan,94.016,0,0.000,18.287,1.643,0.388,0.175,nan
651,no_output,nan,0.000,0,0.000,0.000,nan,0,nan,108.063,0,0.000,18.044,1.530,0.418,0.171,nan
652,no_output,nan,0.000,0,0.000,0.000,nan,0,nan,89.385,0,0.000,18.019,1.511,0.449,0.163,nan
653,no_output,nan,0.000,0,0.000,0.000,nan,0,nan,123.808,0,0.000,18.020,1.367,0.430,0.167,nan
654,no_output,nan,0.000,0,0.000,0.000,nan,0,nan,83.363,0,0.000,17.840,1.233,0.411,0.171,nan
655,no_output,nan,0.000,0,0.000,0.000,nan,0,nan,117.443,0,0.000,17.902,1.335,0.392,0.179,nan
656,no_output,nan,0.000,0,0.000,0.000,nan,0,nan,115.259,0,0.000,18.095,1.566,0.395,0.171,nan
657,no_output,nan,0.000,0,0.000,0.000,nan,0,nan,94.119,0,0.000,18.046,1.766,0.430,0.171,nan
658,no_output,nan,0.000,0,0.000,0.000,nan,0,nan,107.414,0,0.000,18.002,1.297,0.441,0.171,nan
659,no_output,nan,0.000,0,0.000,0.000,nan,0,nan,115.378,0,0.000,17.958,1.366,0.426,0.179,nan
660,no_output,nan,0.000,0,0.000,0.000,nan,0,nan,106.566,0,0.000,18.452,2.151,0.407,0.179,nan
661,no_output,nan,0.000,0,0.000,0.000,nan,0,nan,127.277,0,0.000,17.734,1.232,0.418,0.171,nan
662,no_output,nan,0.000,0,0.000,0.000,nan,0,nan,95.849,0,0.000,17.715,1.306,0.441,0.163,nan
663,no_output,nan,0.000,0,0.000,0.000,nan,0,nan,98.157,0,0.000,18.300,1.832,0.430,0.163,nan
664,no_output,nan,0.000,0,0.000,0.000,nan,0,nan,87.975,0,0.000,18.107,1.472,0.437,0.171,nan
665,no_output,nan,0.000,0,0.000,0.000,nan,0,nan,99.098,0,0.000,17.734,1.198,0.422,0.163,nan
666,no_output,nan,0.000,0,0.000,0.000,nan,0,nan,79.165,0,0.000,18.111,1.393,0.407,0.183,nan
667,no_output,nan,0.000,0,0.000,0.000,nan,0,nan,90.446,0,0.000,18.466,3.099,0.445,0.163,nan
668,no_output,nan,0.000,0,0.000,0.000,nan,0,nan,94.378,0,0.000,18.061,1.490,0.422,0.171,nan
669,no_output,nan,0.000,0,0.000,0.000,nan,0,nan,111.133,0,0.000,18.406,1.674,0.399,0.179,nan
670,no_output,nan,0.000,0,0.000,0.000,nan,0,nan,123.128,0,0.000,17.931,1.357,0.441,0.171,nan
671,no_output,nan,0.000,0,0.000,0.000,nan,0,nan,96.845,0,0.000,17.857,1.289,0.411,0.179,nan
672,no_output,nan,0.000,0,0.000,0.000,nan,0,nan,101.090,0,0.000,18.439,4.659,0.433,0.156,nan
673,no_output,nan,0.000,0,0.000,0.000,nan,0,nan,116.959,0,0.000,17.984,1.241,0.433,0.175,nan
674,no_output,nan,0.000,0,0.000,0.000,nan,0,nan,99.627,0,0.000,17.865,1.362,0.437,0.186,nan
675,no_output,nan,0.000,0,0.000,0.000,nan,0,nan,105.926,0,0.000,18.169,1.576,0.407,0.179,nan
676,no_output,nan,0.000,0,0.000,0.000,nan,0,nan,93.393,0,0.000,17.852,1.176,0.388,0.171,nan
677,no_output,nan,0.000,0,0.000,0.000,nan,0,nan,73.379,0,0.000,17.903,1.302,0.426,0.179,nan
678,no_output,nan,0.000,0,0.000,0.000,nan,0,nan,95.304,0,0.000,17.941,1.406,0.422,0.175,nan
679,no_output,nan,0.000,0,0.000,0.000,nan,0,nan,100.513,0,0.000,17.855,1.346,0.456,0.171,nan
680,no_output,nan,0.000,0,0.000,0.000,nan,0,nan,90.017,0,0.000,18.504,2.754,0.418,0.179,nan
681,no_output,nan,0.000,0,0.000,0.000,nan,0,nan,105.385,0,0.000,18.075,1.340,0.411,0.179,nan
682,no_output,nan,0.000,0,0.000,0.000,nan,0,nan,54.242,0,0.000,17.957,1.603,0.433,0.167,nan
683,no_output,nan,0.000,0,0.000,0.000,nan,0,nan,93.578,0,0.000,18.251,1.947,0.441,0.163,nan
684,no_output,nan,0.000,0,0.000,0.000,nan,0,nan,81.434,0,0.000,17.897,1.126,0.437,0.167,nan
685,no_output,nan,0.000,0,0.000,0.000,nan,0,nan,91.495,0,0.000,17.891,1.166,0.449,0.183,nan
686,no_output,nan,0.000,0,0.000,0.000,nan,0,nan,92.769,0,0.000,18.221,1.682,0.433,0.179,nan
687,no_output,nan,0.000,0,0.000,0.000,nan,0,nan,107.709,0,0.000,17.955,1.232,0.433,0.175,nan
688,no_output,nan,0.000,0,0.000,0.000,nan,0,nan,110.415,0,0.000,18.011,1.594,0.418,0.171,nan
689,no_output,nan,0.000,0,0.000,0.000,nan,0,nan,107.096,0,0.000,18.072,1.543,0.399,0.175,nan
690,no_output,nan,0.000,0,0.000,0.000,nan,0,nan,98.766,0,0.000,18.222,1.633,0.433,0.186,nan
691,no_output,nan,0.000,0,0.000,0.000,nan,0,nan,109.260,0,0.000,17.874,1.177,0.376,0.183,nan
692,no_output,nan,0.000,0,0.000,0.000,nan,0,nan,92.953,0,0.000,18.073,1.236,0.414,0.183,nan
693,no_output,nan,0.000,0,0.000,0.000,nan,0,nan,110.447,0,0.000,18.052,1.480,0.441,0.179,nan
694,no_output,nan,0.000,0,0.000,0.000,nan,0,nan,78.524,0,0.000,18.139,1.624,0.414,0.183,nan
695,no_output,nan,0.000,0,0.000,0.000,nan,0,nan,75.754,0,0.000,17.898,1.189,0.407,0.163,nan
696,no_output,nan,0.000,0,0.000,0.000,nan,0,nan,105.245,0,0.000,17.937,1.181,0.445,0.179,nan
697,no_output,nan,0.000,0,0.000,0.000,nan,0,nan,104.146,0,0.000,18.177,1.572,0.414,0.179,nan
698,no_output,nan,0.000,0,0.000,0.000,nan,0,nan,78.803,0,0.000,17.967,1.177,0.388,0.179,nan
699,no_output,nan,0.000,0,0.000,0.000,nan,0,nan,118.756,0,0.000,17.978,1.289,0.430,0.171,nan
700,no_output,nan,0.000,0,0.000,0.000,nan,0,nan,119.292,0,0.000,18.157,1.744,0.411,0.179,nan
701,no_output,nan,0.000,0,0.000,0.000,nan,0,nan,91.865,0,0.000,18.223,1.533,0.433,0.167,nan
702,no_output,nan,0.000,0,0.000,0.000,nan,0,nan,101.045,0,0.000,18.125,1.376,0.411,0.179,nan
703,no_output,nan,0.000,0,0.000,0.000,nan,0,nan,115.292,0,0.000,18.126,1.380,0.407,0.156,nan
704,no_output,nan,0.000,0,0.000,0.000,nan,0,nan,70.980,0,0.000,17.826,1.330,0.433,0.171,nan
705,no_output,nan,0.000,0,0.000,0.000,nan,0,nan,78.728,0,0.000,17.974,1.401,0.433,0.175,nan
706,no_output,nan,0.000,0,0.000,0.000,nan,0,nan,72.484,0,0.000,18.120,1.440,0.437,0.171,nan
707,no_output,nan,0.000,0,0.000,0.000,nan,0,nan,95.371,0,0.000,18.111,1.529,0.437,0.163,nan
708,no_output,nan,0.000,0,0.000,0.000,nan,0,nan,119.550,0,0.000,18.206,1.778,0.433,0.186,nan
709,no_output,nan,0.000,0,0.000,0.000,nan,0,nan,92.367,0,0.000,17.788,1.372,0.403,0.179,nan
710,no_output,nan,0.000,0,0.000,0.000,nan,0,nan,96.295,0,0.000,18.106,1.398,0.445,0.179,nan
711,no_output,nan,0.000,0,0.000,0.000,nan,0,nan,84.401,0,0.000,17.901,1.235,0.422,0.179,nan
712,no_output,nan,0.000,0,0.000,0.000,nan,0,nan,104.823,0,0.000,18.115,1.744,0.414,0.171,nan
713,no_output,nan,0.000,0,0.000,0.000,nan,0,nan,84.154,0,0.000,18.126,1.764,0.430,0.160,nan
714,no_output,nan,0.000,0,0.000,0.000,nan,0,nan,95.263,0,0.000,17.923,1.908,0.441,0.171,nan
715,no_output,nan,0.000,0,0.000,0.000,nan,0,nan,104.015,0,0.000,18.337,1.784,0.380,0.183,nan
716,no_output,nan,0.000,0,0.000,0.000,nan,0,nan,156.339,0,0.000,19.596,5.917,0.365,0.163,nan
717,no_output,nan,0.000,0,0.000,0.000,nan,0,nan,98.900,0,0.000,17.997,1.373,0.433,0.183,nan
718,no_output,nan,0.000,0,0.000,0.000,nan,0,nan,97.168,0,0.000,18.052,1.565,0.433,0.171,nan
719,no_output,nan,0.000,0,0.000,0.000,nan,0,nan,111.099,0,0.000,17.986,1.390,0.437,0.171,nan
720,no_output,nan,0.000,0,0.000,0.000,nan,0,nan,73.857,0,0.000,17.881,1.182,0.456,0.171,nan
721,no_output,nan,0.000,0,0.000,0.000,nan,0,nan,107.982,0,0.000,18.034,1.301,0.430,0.179,nan
722,no_output,nan,0.000,0,0.000,0.000,nan,0,nan,103.511,0,0.000,18.236,1.631,0.388,0.179,nan
723,no_output,nan,0.000,0,0.000,0.000,nan,0,nan,102.727,0,0.000,17.817,1.433,0.460,0.179,nan
724,no_output,nan,0.000,0,0.000,0.000,nan,0,nan,74.963,0,0.000,17.790,1.543,0.411,0.171,nan
725,no_output,nan,0.000,0,0.000,0.000,nan,0,nan,87.498,0,0.000,18.088,1.376,0.430,0.163,nan
726,no_output,nan,0.000,0,0.000,0.000,nan,0,nan,93.939,0,0.000,18.269,1.686,0.407,0.171,nan
727,no_output,nan,0.000,0,0.000,0.000,nan,0,nan,80.656,0,0.000,17.972,1.278,0.411,0.183,nan
728,no_output,nan,0.000,0,0.000,0.000,nan,0,nan,122.004,0,0.000,18.701,3.338,0.395,0.175,nan
729,no_output,nan,0.000,0,0.000,0.000,nan,0,nan,103.372,0,0.000,17.929,1.432,0.414,0.167,nan
730,no_output,nan,0.000,0,0.000,0.000,nan,0,nan,124.197,0,0.000,18.130,1.567,0.426,0.179,nan
731,no_output,nan,0.000,0,0.000,0.000,nan,0,nan,82.146,0,0.000,17.832,1.303,0.449,0.179,nan
732,no_output,nan,0.000,0,0.000,0.000,nan,0,nan,110.424,0,0.000,18.255,1.414,0.445,0.179,nan
733,no_output,nan,0.000,0,0.000,0.000,nan,0,nan,113.600,0,0.000,18.142,1.410,0.418,0.171,nan
734,no_output,nan,0.000,0,0.000,0.000,nan,0,nan,99.360,0,0.000,17.889,1.264,0.430,0.175,nan
735,no_output,nan,0.000,0,0.000,0.000,nan,0,nan,112.170,0,0.000,17.917,1.503,0.403,0.186,nan
736,no_output,nan,0.000,0,0.000,0.000,nan,0,nan,133.667,0,0.000,18.089,1.226,0.422,0.171,nan
737,no_output,nan,0.000,0,0.000,0.000,nan,0,nan,95.063,0,0.000,18.101,1.513,0.445,0.171,nan
738,no_output,nan,0.000,0,0.000,0.000,nan,0,nan,119.078,0,0.000,18.052,1.704,0.456,0.171,nan
739,no_output,nan,0.000,0,0.000,0.000,nan,0,nan,104.258,0,0.000,17.805,1.397,0.407,0.179,nan
740,no_output,nan,0.000,0,0.000,0.000,nan,0,nan,105.346,0,0.000,17.937,1.345,0.441,0.156,nan
741,no_output,nan,0.000,0,0.000,0.000,nan,0,nan,99.872,0,0.000,18.049,1.530,0.422,0.175,nan
742,no_output,nan,0.000,0,0.000,0.000,nan,0,nan,97.135,0,0.000,17.983,1.302,0.471,0.183,nan
743,no_output,nan,0.000,0,0.000,0.000,nan,0,nan,104.241,0,0.000,18.140,1.725,0.452,0.183,nan
744,no_output,nan,0.000,0,0.000,0.000,nan,0,nan,100.088,0,0.000,17.831,1.415,0.392,0.171,nan
745,no_output,nan,0.000,0,0.000,0.000,nan,0,nan,85.456,0,0.000,18.104,1.283,0.411,0.167,nan
746,no_output,nan,0.000,0,0.000,0.000,nan,0,nan,89.948,0,0.000,18.077,1.409,0.422,0.186,nan
747,no_output,nan,0.000,0,0.000,0.000,nan,0,nan,131.575,0,0.000,17.977,1.256,0.437,0.179,nan
748,no_output,nan,0.000,0,0.000,0.000,nan,0,nan,63.017,0,0.000,18.015,1.555,0.430,0.163,nan
749,no_output,nan,0.000,0,0.000,0.000,nan,0,nan,108.795,0,0.000,17.979,1.358,0.414,0.171,nan
750,no_output,nan,0.000,0,0.000,0.000,nan,0,nan,92.545,0,0.000,18.051,1.707,0.441,0.152,nan
751,no_output,nan,0.000,0,0.000,0.000,nan,0,nan,116.400,0,0.000,17.991,1.385,0.430,0.163,nan
752,no_output,nan,0.000,0,0.000,0.000,nan,0,nan,109.825,0,0.000,17.985,1.222,0.422,0.179,nan
753,no_output,nan,0.000,0,0.000,0.000,nan,0,nan,77.975,0,0.000,18.118,1.915,0.395,0.175,nan
754,no_output,nan,0.000,0,0.000,0.000,nan,0,nan,107.215,0,0.000,18.082,1.451,0.418,0.179,nan
755,no_output,nan,0.000,0,0.000,0.000,nan,0,nan,110.212,0,0.000,17.999,1.509,0.445,0.179,nan
756,no_output,nan,0.000,0,0.000,0.000,nan,0,nan,91.760,0,0.000,17.979,1.281,0.433,0.179,nan
757,no_output,nan,0.000,0,0.000,0.000,nan,0,nan,96.225,0,0.000,18.218,1.718,0.433,0.171,nan
758,no_output,nan,0.000,0,0.000,0.000,nan,0,nan,144.325,0,0.000,17.890,1.134,0.403,0.186,nan
759,no_output,nan,0.000,0,0.000,0.000,nan,0,nan,95.429,0,0.000,18.253,1.443,0.422,0.183,nan
760,no_output,nan,0.000,0,0.000,0.000,nan,0,nan,106.422,0,0.000,18.164,1.380,0.395,0.179,nan
761,no_output,nan,0.000,0,0.000,0.000,nan,0,nan,62.939,0,0.000,17.818,1.731,0.399,0.163,nan
762,no_output,nan,0.000,0,0.000,0.000,nan,0,nan,112.282,0,0.000,17.976,1.473,0.395,0.186,nan
763,no_output,nan,0.000,0,0.000,0.000,nan,0,nan,97.983,0,0.000,18.396,2.027,0.411,0.160,nan
764,no_output,nan,0.000,0,0.000,0.000,nan,0,nan,92.495,0,0.000,18.099,1.490,0.403,0.175,nan
765,no_output,nan,0.000,0,0.000,0.000,nan,0,nan,85.369,0,0.000,17.892,1.212,0.426,0.171,nan
766,no_output,nan,0.000,0,0.000,0.000,nan,0,nan,94.539,0,0.000,18.457,1.806,0.414,0.171,nan
767,no_output,nan,0.000,0,0.000,0.000,nan,0,nan,95.259,0,0.000,18.002,1.328,0.426,0.183,nan
768,no_output,nan,0.000,0,0.000,0.000,nan,0,nan,90.238,0,0.000,17.968,1.425,0.407,0.171,nan
769,no_output,nan,0.000,0,0.000,0.000,nan,0,nan,102.863,0,0.000,18.314,2.075,0.445,0.167,nan
770,no_output,nan,0.000,0,0.000,0.000,nan,0,nan,87.074,0,0.000,17.927,1.232,0.456,0.183,nan
771,no_output,nan,0.000,0,0.000,0.000,nan,0,nan,97.188,0,0.000,17.839,1.378,0.407,0.179,nan
772,no_output,nan,0.000,0,0.000,0.000,nan,0,nan,64.312,0,0.000,17.870,1.329,0.422,0.179,nan
773,no_output,nan,0.000,0,0.000,0.000,nan,0,nan,88.553,0,0.000,18.172,1.400,0.399,0.179,nan
774,no_output,nan,0.000,0,0.000,0.000,nan,0,nan,109.495,0,0.000,17.933,1.494,0.414,0.163,nan
775,no_output,nan,0.000,0,0.000,0.000,nan,0,nan,87.704,0,0.000,18.103,1.235,0.426,0.179,nan
776,no_output,nan,0.000,0,0.000,0.000,nan,0,nan,82.677,0,0.000,17.861,1.581,0.414,0.171,nan
777,no_output,nan,0.000,0,0.000,0.000,nan,0,nan,58.323,0,0.000,17.897,1.297,0.407,0.179,nan
778,no_output,nan,0.000,0,0.000,0.000,nan,0,nan,84.092,0,0.000,18.141,1.253,0.445,0.179,nan
779,no_output,nan,0.000,0,0.000,0.000,nan,0,nan,70.253,0,0.000,18.260,1.644,0.403,0.179,nan
780,no_output,nan,0.000,0,0.000,0.000,nan,0,nan,101.121,0,0.000,17.981,1.791,0.388,0.175,nan
781,no_output,nan,0.000,0,0.000,0.000,nan,0,nan,72.642,0,0.000,18.618,2.114,0.411,0.179,nan
782,no_output,nan,0.000,0,0.000,0.000,nan,0,nan,85.379,0,0.000,18.015,1.228,0.430,0.171,nan
783,no_output,nan,0.000,0,0.000,0.000,nan,0,nan,76.519,0,0.000,17.956,1.278,0.449,0.171,nan
784,no_output,nan,0.000,0,0.000,0.000,nan,0,nan,93.224,0,0.000,17.989,1.349,0.426,0.163,nan
785,no_output,nan,0.000,0,0.000,0.000,nan,0,nan,89.892,0,0.000,17.931,1.282,0.411,0.183,nan
786,no_output,nan,0.000,0,0.000,0.000,nan,0,nan,116.677,0,0.000,17.831,1.071,0.471,0.183,nan
787,no_output,nan,0.000,0,0.000,0.000,nan,0,nan,96.510,0,0.000,18.286,1.881,0.407,0.175,nan
788,no_output,nan,0.000,0,0.000,0.000,nan,0,nan,103.021,0,0.000,18.086,1.454,0.437,0.167,nan
789,no_output,nan,0.000,0,0.000,0.000,nan,0,nan,83.509,0,0.000,17.847,1.377,0.441,0.179,nan
790,no_output,nan,0.000,0,0.000,0.000,nan,0,nan,94.311,0,0.000,18.001,1.152,0.418,0.160,nan
791,no_output,nan,0.000,0,0.000,0.000,nan,0,nan,105.611,0,0.000,18.656,3.246,0.395,0.171,nan
792,no_output,nan,0.000,0,0.000,0.000,nan,0,nan,112.858,0,0.000,18.099,1.461,0.399,0.179,nan
793,no_output,nan,0.000,0,0.000,0.000,nan,0,nan,101.752,0,0.000,18.004,1.282,0.445,0.171,nan
794,no_output,nan,0.000,0,0.000,0.000,nan,0,nan,88.241,0,0.000,18.024,1.259,0.414,0.171,nan
795,no_output,nan,0.000,0,0.000,0.000,nan,0,nan,98.734,0,0.000,17.787,1.332,0.399,0.183,nan
796,no_output,nan,0.000,0,0.000,0.000,nan,0,nan,88.354,0,0.000,18.008,1.290,0.449,0.167,nan
797,no_output,nan,0.000,0,0.000,0.000,nan,0,nan,119.439,0,0.000,18.005,1.437,0.437,0.167,nan
798,no_output,nan,0.000,0,0.000,0.000,nan,0,nan,82.078,0,0.000,17.865,1.298,0.445,0.167,nan
799,no_output,nan,0.000,0,0.000,0.000,nan,0,nan,91.825,0,0.000,18.096,1.318,0.411,0.171,nan
800,no_output,nan,0.000,0,0.000,0.000,nan,0,nan,112.054,0,0.000,18.125,1.658,0.456,0.179,nan
801,no_output,nan,0.000,0,0.000,0.000,nan,0,nan,113.606,0,0.000,18.115,1.510,0.437,0.160,nan
802,no_output,nan,0.000,0,0.000,0.000,nan,0,nan,107.110,0,0.000,18.307,1.531,0.426,0.171,nan
803,no_output,nan,0.000,0,0.000,0.000,nan,0,nan,84.229,0,0.000,17.958,1.314,0.388,0.179,nan
804,no_output,nan,0.000,0,0.000,0.000,nan,0,nan,92.096,0,0.000,18.171,1.375,0.414,0.171,nan
805,no_output,nan,0.000,0,0.000,0.000,nan,0,nan,56.180,0,0.000,17.782,1.393,0.433,0.171,nan
806,no_output,nan,0.000,0,0.000,0.000,nan,0,nan,89.908,0,0.000,18.067,1.545,0.392,0.163,nan
807,no_output,nan,0.000,0,0.000,0.000,nan,0,nan,110.471,0,0.000,18.368,2.074,0.437,0.163,nan
808,no_output,nan,0.000,0,0.000,0.000,nan,0,nan,59.519,0,0.000,17.903,1.410,0.445,0.171,nan
809,no_output,nan,0.000,0,0.000,0.000,nan,0,nan,113.398,0,0.000,18.654,2.853,0.418,0.148,nan
810,no_output,nan,0.000,0,0.000,0.000,nan,0,nan,106.507,0,0.000,18.272,1.467,0.422,0.160,nan
811,no_output,nan,0.000,0,0.000,0.000,nan,0,nan,81.002,0,0.000,18.269,1.296,0.441,0.171,nan
812,no_output,nan,0.000,0,0.000,0.000,nan,0,nan,76.596,0,0.000,17.908,1.274,0.426,0.171,nan
813,no_output,nan,0.000,0,0.000,0.000,nan,0,nan,91.479,0,0.000,18.303,2.079,0.399,0.179,nan
814,no_output,nan,0.000,0,0.000,0.000,nan,0,nan,91.448,0,0.000,18.524,1.932,0.422,0.160,nan
815,no_output,nan,0.000,0,0.000,0.000,nan,0,nan,90.264,0,0.000,18.161,1.609,0.426,0.167,nan
816,no_output,nan,0.000,0,0.000,0.000,nan,0,nan,99.374,0,0.000,18.034,1.411,0.452,0.163,nan
817,no_output,nan,0.000,0,0.000,0.000,nan,0,nan,86.168,0,0.000,17.839,1.351,0.456,0.175,nan
818,no_output,nan,0.000,0,0.000,0.000,nan,0,nan,93.317,0,0.000,17.948,1.603,0.388,0.171,nan
819,no_output,nan,0.000,0,0.000,0.000,nan,0,nan,123.131,0,0.000,17.923,1.340,0.449,0.148,nan
820,no_output,nan,0.000,0,0.000,0.000,nan,0,nan,97.585,0,0.000,18.041,1.309,0.411,0.171,nan
821,no_output,nan,0.000,0,0.000,0.000,nan,0,nan,102.257,0,0.000,17.916,1.300,0.437,0.171,nan
822,no_output,nan,0.000,0,0.000,0.000,nan,0,nan,127.064,0,0.000,17.808,1.287,0.414,0.171,nan
823,no_output,nan,0.000,0,0.000,0.000,nan,0,nan,79.700,0,0.000,17.987,1.722,0.414,0.179,nan
824,no_output,nan,0.000,0,0.000,0.000,nan,0,nan,77.966,0,0.000,18.091,1.463,0.426,0.171,nan
825,no_output,nan,0.000,0,0.000,0.000,nan,0,nan,91.390,0,0.000,17.875,1.239,0.456,0.171,nan
826,no_output,nan,0.000,0,0.000,0.000,nan,0,nan,107.579,0,0.000,18.149,1.542,0.414,0.179,nan
827,no_output,nan,0.000,0,0.000,0.000,nan,0,nan,106.528,0,0.000,18.022,1.409,0.422,0.171,nan
828,no_output,nan,0.000,0,0.000,0.000,nan,0,nan,148.118,0,0.000,18.579,2.528,0.369,0.163,nan
829,no_output,nan,0.000,0,0.000,0.000,nan,0,nan,76.377,0,0.000,17.935,1.402,0.399,0.186,nan
830,no_output,nan,0.000,0,0.000,0.000,nan,0,nan,73.008,0,0.000,18.377,2.067,0.430,0.179,nan
831,no_output,nan,0.000,0,0.000,0.000,nan,0,nan,106.918,0,0.000,17.825,1.459,0.430,0.179,nan
832,no_output,nan,0.000,0,0.000,0.000,nan,0,nan,76.922,0,0.000,17.722,1.061,0.430,0.183,nan
833,no_output,nan,0.000,0,0.000,0.000,nan,0,nan,75.213,0,0.000,17.956,1.327,0.384,0.163,nan
834,no_output,nan,0.000,0,0.000,0.000,nan,0,nan,110.239,0,0.000,18.191,2.051,0.395,0.163,nan
835,no_output,nan,0.000,0,0.000,0.000,nan,0,nan,101.023,0,0.000,17.882,1.420,0.392,0.179,nan
836,no_output,nan,0.000,0,0.000,0.000,nan,0,nan,81.075,0,0.000,18.117,1.412,0.460,0.179,nan
837,no_output,nan,0.000,0,0.000,0.000,nan,0,nan,96.742,0,0.000,18.224,1.847,0.441,0.179,nan
838,no_output,nan,0.000,0,0.000,0.000,nan,0,nan,98.553,0,0.000,17.781,1.589,0.414,0.186,nan
839,no_output,nan,0.000,0,0.000,0.000,nan,0,nan,114.083,0,0.000,18.092,1.669,0.441,0.179,nan
840,no_output,nan,0.000,0,0.000,0.000,nan,0,nan,81.550,0,0.000,17.779,1.211,0.445,0.183,nan
841,no_output,nan,0.000,0,0.000,0.000,nan,0,nan,80.512,0,0.000,18.004,1.240,0.399,0.190,nan
842,no_output,nan,0.000,0,0.000,0.000,nan,0,nan,80.958,0,0.000,17.600,1.351,0.411,0.171,nan
843,no_output,nan,0.000,0,0.000,0.000,nan,0,nan,96.421,0,0.000,18.223,1.838,0.407,0.179,nan
844,no_output,nan,0.000,0,0.000,0.000,nan,0,nan,69.581,0,0.000,17.940,1.296,0.414,0.163,nan
845,no_output,nan,0.000,0,0.000,0.000,nan,0,nan,81.813,0,0.000,17.943,1.270,0.418,0.179,nan
846,no_output,nan,0.000,0,0.000,0.000,nan,0,nan,105.034,0,0.000,17.839,1.230,0.441,0.179,nan
847,no_output,nan,0.000,0,0.000,0.000,nan,0,nan,104.092,0,0.000,18.094,1.354,0.441,0.160,nan
848,no_output,nan,0.000,0,0.000,0.000,nan,0,nan,83.767,0,0.000,17.855,1.302,0.418,0.179,nan
849,no_output,nan,0.000,0,0.000,0.000,nan,0,nan,68.240,0,0.000,18.151,1.364,0.433,0.163,nan
850,no_output,nan,0.000,0,0.000,0.000,nan,0,nan,118.235,0,0.000,18.281,1.565,0.449,0.175,nan
851,no_output,nan,0.000,0,0.000,0.000,nan,0,nan,95.913,0,0.000,18.335,2.067,0.452,0.179,nan
852,no_output,nan,0.000,0,0.000,0.000,nan,0,nan,119.420,0,0.000,17.982,1.332,0.441,0.171,nan
853,no_output,nan,0.000,0,0.000,0.000,nan,0,nan,86.006,0,0.000,18.018,1.538,0.422,0.171,nan
854,no_output,nan,0.000,0,0.000,0.000,nan,0,nan,134.012,0,0.000,17.894,1.551,0.430,0.179,nan
855,no_output,nan,0.000,0,0.000,0.000,nan,0,nan,69.609,0,0.000,17.761,1.497,0.430,0.163,nan
856,no_output,nan,0.000,0,0.000,0.000,nan,0,nan,114.161,0,0.000,18.324,1.935,0.422,0.175,nan
857,no_output,nan,0.000,0,0.000,0.000,nan,0,nan,104.111,0,0.000,18.175,1.403,0.411,0.179,nan
858,no_output,nan,0.000,0,0.000,0.000,nan,0,nan,125.683,0,0.000,18.245,1.712,0.422,0.171,nan
859,no_output,nan,0.000,0,0.000,0.000,nan,0,nan,106.321,0,0.000,18.052,1.324,0.426,0.175,nan
860,no_output,nan,0.000,0,0.000,0.000,nan,0,nan,86.877,0,0.000,17.985,1.401,0.418,0.186,nan
861,no_output,nan,0.000,0,0.000,0.000,nan,0,nan,117.128,0,0.000,18.351,2.266,0.422,0.163,nan
862,no_output,nan,0.000,0,0.000,0.000,nan,0,nan,135.855,0,0.000,18.424,2.141,0.437,0.171,nan
863,no_output,nan,0.000,0,0.000,0.000,nan,0,nan,120.775,0,0.000,18.101,1.459,0.407,0.175,nan
864,no_output,nan,0.000,0,0.000,0.000,nan,0,nan,100.727,0,0.000,18.466,1.947,0.468,0.171,nan
865,no_output,nan,0.000,0,0.000,0.000,nan,0,nan,126.845,0,0.000,17.902,1.309,0.445,0.186,nan
866,no_output,nan,0.000,0,0.000,0.000,nan,0,nan,121.453,0,0.000,17.979,1.310,0.422,0.179,nan
867,no_output,nan,0.000,0,0.000,0.000,nan,0,nan,82.901,0,0.000,17.932,1.312,0.414,0.167,nan
868,no_output,nan,0.000,0,0.000,0.000,nan,0,nan,115.330,0,0.000,18.467,2.098,0.452,0.163,nan
869,no_output,nan,0.000,0,0.000,0.000,nan,0,nan,131.558,0,0.000,18.513,2.412,0.433,0.186,nan
870,no_output,nan,0.000,0,0.000,0.000,nan,0,nan,104.761,0,0.000,17.996,1.324,0.460,0.171,nan
871,no_output,nan,0.000,0,0.000,0.000,nan,0,nan,83.454,0,0.000,18.103,1.331,0.445,0.186,nan
872,no_output,nan,0.000,0,0.000,0.000,nan,0,nan,122.381,0,0.000,17.954,1.358,0.418,0.179,nan
873,no_output,nan,0.000,0,0.000,0.000,nan,0,nan,83.069,0,0.000,18.010,1.448,0.456,0.163,nan
874,no_output,nan,0.000,0,0.000,0.000,nan,0,nan,79.405,0,0.000,17.948,1.555,0.460,0.171,nan
875,no_output,nan,0.000,0,0.000,0.000,nan,0,nan,106.701,0,0.000,18.202,1.586,0.395,0.171,nan
876,no_output,nan,0.000,0,0.000,0.000,nan,0,nan,81.798,0,0.000,18.326,1.847,0.437,0.167,nan
877,no_output,nan,0.000,0,0.000,0.000,nan,0,nan,89.908,0,0.000,18.002,1.491,0.411,0.160,nan
878,no_output,nan,0.000,0,0.000,0.000,nan,0,nan,91.434,0,0.000,17.959,1.317,0.449,0.179,nan
879,no_output,nan,0.000,0,0.000,0.000,nan,0,nan,76.618,0,0.000,18.726,3.381,0.384,0.171,nan
880,no_output,nan,0.000,0,0.000,0.000,nan,0,nan,94.035,0,0.000,17.881,1.382,0.411,0.175,nan
881,no_output,nan,0.000,0,0.000,0.000,nan,0,nan,83.762,0,0.000,17.956,1.340,0.426,0.183,nan
882,no_output,nan,0.000,0,0.000,0.000,nan,0,nan,108.485,0,0.000,18.464,2.395,0.399,0.171,nan
883,no_output,nan,0.000,0,0.000,0.000,nan,0,nan,101.997,0,0.000,18.082,1.393,0.426,0.179,nan
884,no_output,nan,0.000,0,0.000,0.000,nan,0,nan,104.551,0,0.000,18.028,1.263,0.445,0.175,nan
885,no_output,nan,0.000,0,0.000,0.000,nan,0,nan,79.866,0,0.000,18.068,1.428,0.426,0.175,nan
886,no_output,nan,0.000,0,0.000,0.000,nan,0,nan,95.716,0,0.000,18.059,1.517,0.452,0.167,nan
887,no_output,nan,0.000,0,0.000,0.000,nan,0,nan,88.675,0,0.000,17.969,1.393,0.430,0.183,nan
888,no_output,nan,0.000,0,0.000,0.000,nan,0,nan,82.518,0,0.000,17.863,1.387,0.445,0.163,nan
889,no_output,nan,0.000,0,0.000,0.000,nan,0,nan,111.424,0,0.000,18.166,1.402,0.384,0.167,nan
890,no_output,nan,0.000,0,0.000,0.000,nan,0,nan,115.547,0,0.000,17.819,1.329,0.452,0.175,nan
891,no_output,nan,0.000,0,0.000,0.000,nan,0,nan,71.585,0,0.000,18.483,2.064,0.418,0.167,nan
892,no_output,nan,0.000,0,0.000,0.000,nan,0,nan,101.175,0,0.000,18.149,1.497,0.418,0.171,nan
893,no_output,nan,0.000,0,0.000,0.000,nan,0,nan,141.299,0,0.000,18.089,1.499,0.449,0.183,nan
894,no_output,nan,0.000,0,0.000,0.000,nan,0,nan,82.666,0,0.000,17.929,1.402,0.430,0.179,nan
895,no_output,nan,0.000,0,0.000,0.000,nan,0,nan,89.018,0,0.000,18.044,1.285,0.430,0.190,nan
896,no_output,nan,0.000,0,0.000,0.000,nan,0,nan,114.832,0,0.000,17.916,1.418,0.414,0.171,nan
897,no_output,nan,0.000,0,0.000,0.000,nan,0,nan,99.025,0,0.000,18.120,1.607,0.414,0.163,nan
898,no_output,nan,0.000,0,0.000,0.000,nan,0,nan,104.647,0,0.000,18.178,1.608,0.403,0.171,nan
899,no_output,nan,0.000,0,0.000,0.000,nan,0,nan,98.013,0,0.000,18.110,1.832,0.395,0.167,nan
900,no_output,nan,0.000,0,0.000,0.000,nan,0,nan,89.681,0,0.000,18.056,1.434,0.433,0.179,nan
901,no_output,nan,0.000,0,0.000,0.000,nan,0,nan,88.437,0,0.000,17.972,1.189,0.468,0.171,nan
902,no_output,nan,0.000,0,0.000,0.000,nan,0,nan,64.795,0,0.000,18.200,1.732,0.445,0.171,nan
903,no_output,nan,0.000,0,0.000,0.000,nan,0,nan,104.926,0,0.000,18.000,1.183,0.433,0.175,nan
904,no_output,nan,0.000,0,0.000,0.000,nan,0,nan,91.928,0,0.000,17.961,1.267,0.433,0.163,nan
905,no_output,nan,0.000,0,0.000,0.000,nan,0,nan,94.757,0,0.000,17.796,1.563,0.433,0.171,nan
906,no_output,nan,0.000,0,0.000,0.000,nan,0,nan,83.757,0,0.000,18.152,1.615,0.433,0.186,nan
907,no_output,nan,0.000,0,0.000,0.000,nan,0,nan,80.866,0,0.000,17.959,1.221,0.426,0.175,nan
908,no_output,nan,0.000,0,0.000,0.000,nan,0,nan,81.543,0,0.000,17.915,1.425,0.414,0.179,nan
909,no_output,nan,0.000,0,0.000,0.000,nan,0,nan,83.190,0,0.000,17.934,1.376,0.411,0.179,nan
910,no_output,nan,0.000,0,0.000,0.000,nan,0,nan,89.882,0,0.000,17.873,1.168,0.399,0.171,nan
911,no_output,nan,0.000,0,0.000,0.000,nan,0,nan,120.498,0,0.000,17.993,1.384,0.452,0.186,nan
912,no_output,nan,0.000,0,0.000,0.000,nan,0,nan,104.619,0,0.000,18.127,1.312,0.407,0.171,nan
913,no_output,nan,0.000,0,0.000,0.000,nan,0,nan,119.019,0,0.000,17.833,1.338,0.433,0.175,nan
914,no_output,nan,0.000,0,0.000,0.000,nan,0,nan,90.912,0,0.000,17.943,1.527,0.407,0.179,nan
915,no_output,nan,0.000,0,0.000,0.000,nan,0,nan,107.450,0,0.000,17.793,1.476,0.392,0.171,nan
916,no_output,nan,0.000,0,0.000,0.000,nan,0,nan,92.477,0,0.000,18.065,1.296,0.437,0.171,nan
917,no_output,nan,0.000,0,0.000,0.000,nan,0,nan,90.768,0,0.000,18.092,1.556,0.411,0.179,nan
918,no_output,nan,0.000,0,0.000,0.000,nan,0,nan,78.262,0,0.000,18.027,1.300,0.407,0.179,nan
919,no_output,nan,0.000,0,0.000,0.000,nan,0,nan,88.555,0,0.000,18.113,2.734,0.437,0.152,nan
920,no_output,nan,0.000,0,0.000,0.000,nan,0,nan,95.877,0,0.000,17.901,1.262,0.452,0.163,nan
921,no_output,nan,0.000,0,0.000,0.000,nan,0,nan,79.435,0,0.000,18.029,2.081,0.392,0.167,nan
922,no_output,nan,0.000,0,0.000,0.000,nan,0,nan,78.133,0,0.000,18.042,1.395,0.430,0.171,nan
923,no_output,nan,0.000,0,0.000,0.000,nan,0,nan,90.282,0,0.000,18.265,1.737,0.430,0.179,nan
924,no_output,nan,0.000,0,0.000,0.000,nan,0,nan,71.992,0,0.000,18.583,3.476,0.411,0.175,nan
925,no_output,nan,0.000,0,0.000,0.000,nan,0,nan,101.889,0,0.000,17.859,1.272,0.441,0.175,nan
926,no_output,nan,0.000,0,0.000,0.000,nan,0,nan,98.013,0,0.000,17.827,1.415,0.430,0.167,nan
927,no_output,nan,0.000,0,0.000,0.000,nan,0,nan,97.335,0,0.000,18.007,1.527,0.433,0.163,nan
928,no_output,nan,0.000,0,0.000,0.000,nan,0,nan,101.276,0,0.000,17.959,1.315,0.430,0.179,nan
929,no_output,nan,0.000,0,0.000,0.000,nan,0,nan,107.218,0,0.000,17.857,1.414,0.414,0.179,nan
930,no_output,nan,0.000,0,0.000,0.000,nan,0,nan,101.578,0,0.000,18.004,1.626,0.414,0.171,nan
931,no_output,nan,0.000,0,0.000,0.000,nan,0,nan,123.618,0,0.000,17.979,1.524,0.433,0.175,nan
932,no_output,nan,0.000,0,0.000,0.000,nan,0,nan,85.687,0,0.000,18.099,1.398,0.418,0.171,nan
933,no_output,nan,0.000,0,0.000,0.000,nan,0,nan,82.127,0,0.000,18.053,1.453,0.403,0.179,nan
934,no_output,nan,0.000,0,0.000,0.000,nan,0,nan,118.255,0,0.000,17.946,1.387,0.456,0.171,nan
935,no_output,nan,0.000,0,0.000,0.000,nan,0,nan,85.374,0,0.000,17.813,1.525,0.430,0.179,nan
936,no_output,nan,0.000,0,0.000,0.000,nan,0,nan,76.487,0,0.000,17.886,1.311,0.441,0.171,nan
937,no_output,nan,0.000,0,0.000,0.000,nan,0,nan,112.000,0,0.000,17.977,2.049,0.437,0.156,nan
938,no_output,nan,0.000,0,0.000,0.000,nan,0,nan,96.901,0,0.000,18.284,1.614,0.399,0.175,nan
939,no_output,nan,0.000,0,0.000,0.000,nan,0,nan,114.862,0,0.000,17.776,1.431,0.433,0.179,nan
940,no_output,nan,0.000,0,0.000,0.000,nan,0,nan,97.655,0,0.000,17.867,1.198,0.449,0.175,nan
941,no_output,nan,0.000,0,0.000,0.000,nan,0,nan,112.818,0,0.000,18.148,1.794,0.449,0.163,nan
942,no_output,nan,0.000,0,0.000,0.000,nan,0,nan,142.820,0,0.000,18.051,1.403,0.426,0.171,nan
943,no_output,nan,0.000,0,0.000,0.000,nan,0,nan,75.104,0,0.000,18.070,1.440,0.403,0.186,nan
944,no_output,nan,0.000,0,0.000,0.000,nan,0,nan,82.440,0,0.000,17.972,1.395,0.433,0.171,nan
945,no_output,nan,0.000,0,0.000,0.000,nan,0,nan,74.153,0,0.000,17.823,1.178,0.445,0.171,nan
946,no_output,nan,0.000,0,0.000,0.000,nan,0,nan,81.253,0,0.000,17.990,1.489,0.475,0.163,nan
947,no_output,nan,0.000,0,0.000,0.000,nan,0,nan,88.448,0,0.000,17.953,1.328,0.433,0.183,nan
948,no_output,nan,0.000,0,0.000,0.000,nan,0,nan,75.509,0,0.000,17.837,1.310,0.403,0.171,nan
949,no_output,nan,0.000,0,0.000,0.000,nan,0,nan,96.230,0,0.000,17.871,1.545,0.418,0.179,nan
950,no_output,nan,0.000,0,0.000,0.000,nan,0,nan,97.818,0,0.000,18.334,1.738,0.426,0.179,nan
951,no_output,nan,0.000,0,0.000,0.000,nan,0,nan,79.617,0,0.000,18.112,1.607,0.449,0.190,nan
952,no_output,nan,0.000,0,0.000,0.000,nan,0,nan,74.481,0,0.000,17.856,1.235,0.430,0.175,nan
953,no_output,nan,0.000,0,0.000,0.000,nan,0,nan,94.590,0,0.000,18.034,1.365,0.411,0.152,nan
954,no_output,nan,0.000,0,0.000,0.000,nan,0,nan,93.405,0,0.000,17.932,1.483,0.449,0.171,nan
955,no_output,nan,0.000,0,0.000,0.000,nan,0,nan,113.986,0,0.000,18.064,1.356,0.430,0.171,nan
956,no_output,nan,0.000,0,0.000,0.000,nan,0,nan,107.077,0,0.000,18.405,2.100,0.449,0.186,nan
957,no_output,nan,0.000,0,0.000,0.000,nan,0,nan,106.527,0,0.000,18.186,1.555,0.411,0.171,nan
958,no_output,nan,0.000,0,0.000,0.000,nan,0,nan,97.984,0,0.000,18.140,1.441,0.449,0.183,nan
959,no_output,nan,0.000,0,0.000,0.000,nan,0,nan,93.701,0,0.000,18.089,1.357,0.426,0.179,nan
960,no_output,nan,0.000,0,0.000,0.000,nan,0,nan,120.810,0,0.000,18.283,1.658,0.395,0.183,nan
961,no_output,nan,0.000,0,0.000,0.000,nan,0,nan,124.913,0,0.000,18.244,1.631,0.373,0.171,nan
962,no_output,nan,0.000,0,0.000,0.000,nan,0,nan,97.894,0,0.000,17.970,1.402,0.388,0.175,nan
963,no_output,nan,0.000,0,0.000,0.000,nan,0,nan,85.065,0,0.000,17.930,1.214,0.395,0.179,nan
964,no_output,nan,0.000,0,0.000,0.000,nan,0,nan,107.702,0,0.000,18.370,1.823,0.422,0.171,nan
965,no_output,nan,0.000,0,0.000,0.000,nan,0,nan,88.801,0,0.000,18.376,2.099,0.452,0.179,nan
966,no_output,nan,0.000,0,0.000,0.000,nan,0,nan,81.709,0,0.000,18.034,1.666,0.395,0.190,nan
967,no_output,nan,0.000,0,0.000,0.000,nan,0,nan,78.765,0,0.000,17.942,1.391,0.418,0.160,nan
968,no_output,nan,0.000,0,0.000,0.000,nan,0,nan,74.392,0,0.000,17.987,1.288,0.414,0.179,nan
969,no_output,nan,0.000,0,0.000,0.000,nan,0,nan,123.000,0,0.000,18.181,1.470,0.430,0.163,nan
970,no_output,nan,0.000,0,0.000,0.000,nan,0,nan,116.703,0,0.000,18.245,1.731,0.403,0.167,nan
971,no_output,nan,0.000,0,0.000,0.000,nan,0,nan,152.038,0,0.000,18.576,2.344,0.403,0.179,nan
972,no_output,nan,0.000,0,0.000,0.000,nan,0,nan,98.542,0,0.000,17.832,1.440,0.460,0.171,nan
973,no_output,nan,0.000,0,0.000,0.000,nan,0,nan,81.141,0,0.000,17.985,1.533,0.437,0.179,nan
974,no_output,nan,0.000,0,0.000,0.000,nan,0,nan,122.984,0,0.000,17.888,1.150,0.407,0.183,nan
975,no_output,nan,0.000,0,0.000,0.000,nan,0,nan,82.260,0,0.000,17.823,1.310,0.411,0.183,nan
976,no_output,nan,0.000,0,0.000,0.000,nan,0,nan,85.701,0,0.000,17.849,1.609,0.475,0.175,nan
977,no_output,nan,0.000,0,0.000,0.000,nan,0,nan,97.822,0,0.000,18.154,1.356,0.422,0.171,nan
978,no_output,nan,0.000,0,0.000,0.000,nan,0,nan,75.130,0,0.000,18.114,1.504,0.418,0.175,nan
979,no_output,nan,0.000,0,0.000,0.000,nan,0,nan,106.185,0,0.000,18.072,1.795,0.430,0.160,nan
980,no_output,nan,0.000,0,0.000,0.000,nan,0,nan,91.613,0,0.000,17.902,1.172,0.433,0.171,nan
981,no_output,nan,0.000,0,0.000,0.000,nan,0,nan,98.332,0,0.000,18.093,2.034,0.418,0.163,nan
982,no_output,nan,0.000,0,0.000,0.000,nan,0,nan,98.024,0,0.000,18.122,1.592,0.380,0.171,nan
983,no_output,nan,0.000,0,0.000,0.000,nan,0,nan,137.391,0,0.000,18.051,1.615,0.430,0.183,nan
984,no_output,nan,0.000,0,0.000,0.000,nan,0,nan,98.100,0,0.000,18.065,1.158,0.411,0.179,nan
985,no_output,nan,0.000,0,0.000,0.000,nan,0,nan,101.868,0,0.000,18.495,2.002,0.407,0.171,nan
986,no_output,nan,0.000,0,0.000,0.000,nan,0,nan,112.788,0,0.000,18.140,1.829,0.395,0.171,nan
987,no_output,nan,0.000,0,0.000,0.000,nan,0,nan,136.841,0,0.000,17.904,1.402,0.422,0.171,nan
988,no_output,nan,0.000,0,0.000,0.000,nan,0,nan,97.457,0,0.000,17.950,1.359,0.430,0.171,nan
989,no_output,nan,0.000,0,0.000,0.000,nan,0,nan,87.243,0,0.000,17.986,1.457,0.449,0.171,nan
990,no_output,nan,0.000,0,0.000,0.000,nan,0,nan,97.332,0,0.000,18.005,1.498,0.414,0.179,nan
991,no_output,nan,0.000,0,0.000,0.000,nan,0,nan,110.452,0,0.000,18.973,2.856,0.460,0.163,nan
992,no_output,nan,0.000,0,0.000,0.000,nan,0,nan,119.529,0,0.000,18.074,1.510,0.426,0.179,nan
993,no_output,nan,0.000,0,0.000,0.000,nan,0,nan,100.684,0,0.000,17.797,1.224,0.441,0.179,nan
994,no_output,nan,0.000,0,0.000,0.000,nan,0,nan,99.441,0,0.000,17.731,1.403,0.433,0.179,nan
995,no_output,nan,0.000,0,0.000,0.000,nan,0,nan,101.860,0,0.000,17.915,1.758,0.430,0.171,nan
996,no_output,nan,0.000,0,0.000,0.000,nan,0,nan,122.150,0,0.000,18.211,1.577,0.426,0.163,nan
997,no_output,nan,0.000,0,0.000,0.000,nan,0,nan,108.654,0,0.000,17.717,1.222,0.464,0.179,nan
998,no_output,nan,0.000,0,0.000,0.000,nan,0,nan,86.193,0,0.000,17.897,1.366,0.426,0.179,nan
999,no_output,nan,0.000,0,0.000,0.000,nan,0,nan,110.420,0,0.000,18.321,1.943,0.414,0.179,nan
1000,no_output,nan,0.000,0,0.000,0.000,nan,0,nan,70.680,0,0.000,18.041,1.359,0.418,0.179,nan
1001,no_output,nan,0.000,0,0.000,0.000,nan,0,nan,136.890,0,0.000,17.953,1.340,0.422,0.171,nan
1002,no_output,nan,0.000,0,0.000,0.000,nan,0,nan,120.435,0,0.000,18.036,1.617,0.411,0.163,nan
1003,no_output,nan,0.000,0,0.000,0.000,nan,0,nan,86.459,0,0.000,17.970,1.539,0.399,0.183,nan
1004,no_output,nan,0.000,0,0.000,0.000,nan,0,nan,109.581,0,0.000,18.180,1.580,0.407,0.171,nan
1005,no_output,nan,0.000,0,0.000,0.000,nan,0,nan,68.948,0,0.000,17.904,1.656,0.430,0.171,nan
1006,no_output,nan,0.000,0,0.000,0.000,nan,0,nan,84.497,0,0.000,18.046,1.301,0.407,0.179,nan
1007,no_output,nan,0.000,0,0.000,0.000,nan,0,nan,115.159,0,0.000,17.881,1.329,0.388,0.179,nan
1008,no_output,nan,0.000,0,0.000,0.000,nan,0,nan,125.681,0,0.000,17.965,1.535,0.411,0.175,nan
1009,no_output,nan,0.000,0,0.000,0.000,nan,0,nan,90.389,0,0.000,17.863,1.633,0.422,0.171,nan
1010,no_output,nan,0.000,0,0.000,0.000,nan,0,nan,88.271,0,0.000,18.169,1.467,0.437,0.171,nan
1011,no_output,nan,0.000,0,0.000,0.000,nan,0,nan,102.992,0,0.000,18.256,1.431,0.430,0.167,nan
1012,no_output,nan,0.000,0,0.000,0.000,nan,0,nan,85.221,0,0.000,18.237,1.716,0.395,0.156,nan
1013,no_output,nan,0.000,0,0.000,0.000,nan,0,nan,84.051,0,0.000,17.874,1.341,0.449,0.179,nan
1014,no_output,nan,0.000,0,0.000,0.000,nan,0,nan,71.692,0,0.000,17.852,1.425,0.433,0.183,nan
1015,no_output,nan,0.000,0,0.000,0.000,nan,0,nan,95.506,0,0.000,17.976,1.142,0.411,0.190,nan
1016,no_output,nan,0.000,0,0.000,0.000,nan,0,nan,112.757,0,0.000,18.142,1.586,0.449,0.167,nan
1017,no_output,nan,0.000,0,0.000,0.000,nan,0,nan,126.712,0,0.000,17.827,1.417,0.414,0.175,nan
1018,no_output,nan,0.000,0,0.000,0.000,nan,0,nan,64.733,0,0.000,17.958,1.198,0.388,0.171,nan
1019,no_output,nan,0.000,0,0.000,0.000,nan,0,nan,151.969,0,0.000,18.177,1.459,0.403,0.167,nan
1020,no_output,nan,0.000,0,0.000,0.000,nan,0,nan,95.590,0,0.000,18.028,1.332,0.392,0.171,nan
1021,no_output,nan,0.000,0,0.000,0.000,nan,0,nan,100.951,0,0.000,18.176,1.853,0.414,0.163,nan
1022,no_output,nan,0.000,0,0.000,0.000,nan,0,nan,107.484,0,0.000,18.151,1.630,0.430,0.175,nan
1023,no_output,nan,0.000,0,0.000,0.000,nan,0,nan,111.993,0,0.000,18.081,1.578,0.422,0.163,nan
1024,no_output,nan,0.000,0,0.000,0.000,nan,0,nan,112.009,0,0.000,17.833,1.298,0.403,0.179,nan
1025,no_output,nan,0.000,0,0.000,0.000,nan,0,nan,117.489,0,0.000,18.037,1.485,0.407,0.171,nan
1026,no_output,nan,0.000,0,0.000,0.000,nan,0,nan,102.254,0,0.000,17.992,1.296,0.411,0.179,nan
1027,no_output,nan,0.000,0,0.000,0.000,nan,0,nan,91.616,0,0.000,18.270,1.667,0.384,0.163,nan
1028,no_output,nan,0.000,0,0.000,0.000,nan,0,nan,94.010,0,0.000,18.165,1.634,0.403,0.171,nan
1029,no_output,nan,0.000,0,0.000,0.000,nan,0,nan,73.911,0,0.000,18.118,1.904,0.433,0.160,nan
1030,no_output,nan,0.000,0,0.000,0.000,nan,0,nan,91.754,0,0.000,18.258,1.704,0.411,0.179,nan
1031,no_output,nan,0.000,0,0.000,0.000,nan,0,nan,71.292,0,0.000,18.151,4.369,0.384,0.144,nan
1032,no_output,nan,0.000,0,0.000,0.000,nan,0,nan,110.083,0,0.000,18.003,1.258,0.441,0.171,nan
1033,no_output,nan,0.000,0,0.000,0.000,nan,0,nan,104.114,0,0.000,18.093,1.367,0.426,0.179,nan
1034,no_output,nan,0.000,0,0.000,0.000,nan,0,nan,141.759,0,0.000,18.387,1.784,0.433,0.171,nan
1035,no_output,nan,0.000,0,0.000,0.000,nan,0,nan,97.873,0,0.000,18.140,1.338,0.414,0.171,nan
1036,no_output,nan,0.000,0,0.000,0.000,nan,0,nan,101.972,0,0.000,18.330,1.441,0.395,0.179,nan
1037,no_output,nan,0.000,0,0.000,0.000,nan,0,nan,91.491,0,0.000,17.941,1.391,0.422,0.175,nan
1038,no_output,nan,0.000,0,0.000,0.000,nan,0,nan,95.876,0,0.000,17.943,1.256,0.414,0.179,nan
1039,no_output,nan,0.000,0,0.000,0.000,nan,0,nan,80.345,0,0.000,17.968,1.410,0.388,0.163,nan
1040,no_output,nan,0.000,0,0.000,0.000,nan,0,nan,123.676,0,0.000,18.424,2.127,0.403,0.167,nan
1041,no_output,nan,0.000,0,0.000,0.000,nan,0,nan,79.093,0,0.000,18.152,1.675,0.430,0.186,nan
1042,no_output,nan,0.000,0,0.000,0.000,nan,0,nan,85.703,0,0.000,18.184,1.750,0.414,0.156,nan
1043,no_output,nan,0.000,0,0.000,0.000,nan,0,nan,96.976,0,0.000,17.964,1.514,0.422,0.179,nan
1044,no_output,nan,0.000,0,0.000,0.000,nan,0,nan,101.153,0,0.000,18.006,1.533,0.411,0.171,nan
1045,no_output,nan,0.000,0,0.000,0.000,nan,0,nan,83.457,0,0.000,18.615,2.884,0.422,0.183,nan
1046,no_output,nan,0.000,0,0.000,0.000,nan,0,nan,80.694,0,0.000,17.765,1.169,0.418,0.171,nan
1047,no_output,nan,0.000,0,0.000,0.000,nan,0,nan,83.771,0,0.000,17.977,1.505,0.403,0.156,nan
1048,no_output,nan,0.000,0,0.000,0.000,nan,0,nan,101.631,0,0.000,18.474,1.822,0.407,0.171,nan
1049,no_output,nan,0.000,0,0.000,0.000,nan,0,nan,127.875,0,0.000,18.075,1.434,0.403,0.171,nan
1050,no_output,nan,0.000,0,0.000,0.000,nan,0,nan,108.581,0,0.000,17.951,1.650,0.392,0.160,nan
1051,no_output,nan,0.000,0,0.000,0.000,nan,0,nan,98.381,0,0.000,18.205,1.814,0.403,0.171,nan
1052,no_output,nan,0.000,0,0.000,0.000,nan,0,nan,121.144,0,0.000,18.213,1.996,0.380,0.148,nan
1053,no_output,nan,0.000,0,0.000,0.000,nan,0,nan,88.946,0,0.000,17.932,1.302,0.433,0.179,nan
1054,no_output,nan,0.000,0,0.000,0.000,nan,0,nan,76.855,0,0.000,18.091,1.313,0.464,0.186,nan
1055,no_output,nan,0.000,0,0.000,0.000,nan,0,nan,97.645,0,0.000,18.441,2.159,0.399,0.171,nan
1056,no_output,nan,0.000,0,0.000,0.000,nan,0,nan,84.095,0,0.000,17.848,1.175,0.426,0.171,nan
1057,no_output,nan,0.000,0,0.000,0.000,nan,0,nan,83.036,0,0.000,18.312,1.752,0.430,0.175,nan
1058,no_output,nan,0.000,0,0.000,0.000,nan,0,nan,94.840,0,0.000,18.162,1.625,0.430,0.171,nan
1059,no_output,nan,0.000,0,0.000,0.000,nan,0,nan,120.743,0,0.000,17.755,1.374,0.464,0.171,nan
1060,no_output,nan,0.000,0,0.000,0.000,nan,0,nan,113.241,0,0.000,18.148,1.432,0.418,0.160,nan
1061,no_output,nan,0.000,0,0.000,0.000,nan,0,nan,71.400,0,0.000,18.106,1.368,0.407,0.179,nan
1062,no_output,nan,0.000,0,0.000,0.000,nan,0,nan,103.480,0,0.000,18.049,1.639,0.388,0.175,nan
1063,no_output,nan,0.000,0,0.000,0.000,nan,0,nan,102.905,0,0.000,17.791,1.161,0.441,0.163,nan
1064,no_output,nan,0.000,0,0.000,0.000,nan,0,nan,119.043,0,0.000,18.177,1.476,0.388,0.179,nan
1065,no_output,nan,0.000,0,0.000,0.000,nan,0,nan,130.670,0,0.000,17.889,1.505,0.414,0.179,nan
1066,no_output,nan,0.000,0,0.000,0.000,nan,0,nan,104.620,0,0.000,17.913,1.237,0.422,0.171,nan
1067,no_output,nan,0.000,0,0.000,0.000,nan,0,nan,74.103,0,0.000,17.888,1.330,0.418,0.171,nan
1068,no_output,nan,0.000,0,0.000,0.000,nan,0,nan,88.299,0,0.000,17.985,1.218,0.437,0.179,nan
1069,no_output,nan,0.000,0,0.000,0.000,nan,0,nan,86.576,0,0.000,18.336,2.159,0.418,0.186,nan
1070,no_output,nan,0.000,0,0.000,0.000,nan,0,nan,125.546,0,0.000,18.040,1.297,0.426,0.167,nan
1071,no_output,nan,0.000,0,0.000,0.000,nan,0,nan,79.798,0,0.000,18.000,1.291,0.418,0.183,nan
1072,no_output,nan,0.000,0,0.000,0.000,nan,0,nan,106.994,0,0.000,18.132,1.529,0.452,0.179,nan
1073,no_output,nan,0.000,0,0.000,0.000,nan,0,nan,82.218,0,0.000,17.852,1.291,0.430,0.179,nan
1074,no_output,nan,0.000,0,0.000,0.000,nan,0,nan,101.775,0,0.000,18.166,1.181,0.441,0.175,nan
1075,no_output,nan,0.000,0,0.000,0.000,nan,0,nan,79.962,0,0.000,17.914,1.498,0.411,0.171,nan
1076,no_output,nan,0.000,0,0.000,0.000,nan,0,nan,84.761,0,0.000,17.899,1.308,0.430,0.156,nan
1077,no_output,nan,0.000,0,0.000,0.000,nan,0,nan,121.243,0,0.000,17.946,1.396,0.445,0.183,nan
1078,no_output,nan,0.000,0,0.000,0.000,nan,0,nan,110.955,0,0.000,18.397,2.057,0.392,0.179,nan
1079,no_output,nan,0.000,0,0.000,0.000,nan,0,nan,108.011,0,0.000,17.935,1.467,0.441,0.175,nan
1080,no_output,nan,0.000,0,0.000,0.000,nan,0,nan,118.208,0,0.000,18.069,1.538,0.445,0.175,nan
1081,no_output,nan,0.000,0,0.000,0.000,nan,0,nan,91.117,0,0.000,17.797,1.399,0.452,0.179,nan
1082,no_output,nan,0.000,0,0.000,0.000,nan,0,nan,92.660,0,0.000,18.158,1.534,0.437,0.179,nan
1083,no_output,nan,0.000,0,0.000,0.000,nan,0,nan,151.183,0,0.000,18.407,1.833,0.407,0.175,nan
1084,no_output,nan,0.000,0,0.000,0.000,nan,0,nan,110.435,0,0.000,18.173,1.732,0.433,0.179,nan
1085,no_output,nan,0.000,0,0.000,0.000,nan,0,nan,66.502,0,0.000,18.022,1.524,0.437,0.171,nan
1086,no_output,nan,0.000,0,0.000,0.000,nan,0,nan,99.899,0,0.000,18.004,1.317,0.418,0.179,nan
1087,no_output,nan,0.000,0,0.000,0.000,nan,0,nan,116.823,0,0.000,17.917,1.711,0.392,0.171,nan
1088,no_output,nan,0.000,0,0.000,0.000,nan,0,nan,112.642,0,0.000,17.867,1.528,0.449,0.175,nan
1089,no_output,nan,0.000,0,0.000,0.000,nan,0,nan,94.251,0,0.000,18.139,1.721,0.441,0.179,nan
1090,no_output,nan,0.000,0,0.000,0.000,nan,0,nan,103.064,0,0.000,18.065,1.503,0.414,0.163,nan
1091,no_output,nan,0.000,0,0.000,0.000,nan,0,nan,90.830,0,0.000,17.866,1.271,0.414,0.163,nan
1092,no_output,nan,0.000,0,0.000,0.000,nan,0,nan,75.013,0,0.000,17.894,1.264,0.449,0.190,nan
1093,no_output,nan,0.000,0,0.000,0.000,nan,0,nan,93.855,0,0.000,17.984,1.442,0.430,0.183,nan
1094,no_output,nan,0.000,0,0.000,0.000,nan,0,nan,118.666,0,0.000,17.905,1.273,0.433,0.179,nan
1095,no_output,nan,0.000,0,0.000,0.000,nan,0,nan,80.709,0,0.000,17.846,1.244,0.452,0.160,nan
1096,no_output,nan,0.000,0,0.000,0.000,nan,0,nan,106.633,0,0.000,17.823,1.422,0.433,0.179,nan
1097,no_output,nan,0.000,0,0.000,0.000,nan,0,nan,98.535,0,0.000,18.482,2.814,0.456,0.175,nan
1098,no_output,nan,0.000,0,0.000,0.000,nan,0,nan,114.770,0,0.000,18.340,1.815,0.456,0.163,nan
1099,no_output,nan,0.000,0,0.000,0.000,nan,0,nan,92.257,0,0.000,18.194,1.347,0.411,0.163,nan
1100,no_output,nan,0.000,0,0.000,0.000,nan,0,nan,81.207,0,0.000,18.262,1.527,0.445,0.179,nan
1101,no_output,nan,0.000,0,0.000,0.000,nan,0,nan,111.186,0,0.000,17.778,1.492,0.456,0.171,nan
1102,no_output,nan,0.000,0,0.000,0.000,nan,0,nan,100.549,0,0.000,17.895,1.410,0.426,0.179,nan
1103,no_output,nan,0.000,0,0.000,0.000,nan,0,nan,105.169,0,0.000,17.959,1.197,0.414,0.179,nan
1104,no_output,nan,0.000,0,0.000,0.000,nan,0,nan,69.045,0,0.000,17.778,1.180,0.441,0.167,nan
1105,no_output,nan,0.000,0,0.000,0.000,nan,0,nan,89.032,0,0.000,18.031,1.597,0.407,0.171,nan
1106,no_output,nan,0.000,0,0.000,0.000,nan,0,nan,105.689,0,0.000,18.082,1.428,0.441,0.163,nan
1107,no_output,nan,0.000,0,0.000,0.000,nan,0,nan,88.621,0,0.000,18.123,1.425,0.430,0.160,nan
1108,no_output,nan,0.000,0,0.000,0.000,nan,0,nan,77.201,0,0.000,17.763,1.390,0.422,0.186,nan
1109,no_output,nan,0.000,0,0.000,0.000,nan,0,nan,72.310,0,0.000,17.758,1.205,0.441,0.171,nan
1110,no_output,nan,0.000,0,0.000,0.000,nan,0,nan,88.531,0,0.000,17.910,1.523,0.418,0.175,nan
1111,no_output,nan,0.000,0,0.000,0.000,nan,0,nan,120.031,0,0.000,18.603,2.789,0.395,0.171,nan
1112,no_output,nan,0.000,0,0.000,0.000,nan,0,nan,99.841,0,0.000,17.867,1.318,0.418,0.179,nan
1113,no_output,nan,0.000,0,0.000,0.000,nan,0,nan,100.368,0,0.000,18.021,1.242,0.422,0.179,nan
1114,no_output,nan,0.000,0,0.000,0.000,nan,0,nan,108.180,0,0.000,17.927,1.415,0.414,0.171,nan
1115,no_output,nan,0.000,0,0.000,0.000,nan,0,nan,94.440,0,0.000,18.028,1.232,0.449,0.183,nan
1116,no_output,nan,0.000,0,0.000,0.000,nan,0,nan,105.152,0,0.000,18.162,2.073,0.411,0.163,nan
1117,no_output,nan,0.000,0,0.000,0.000,nan,0,nan,90.665,0,0.000,18.532,2.451,0.418,0.156,nan
1118,no_output,nan,0.000,0,0.000,0.000,nan,0,nan,104.433,0,0.000,18.109,1.357,0.407,0.167,nan
1119,no_output,nan,0.000,0,0.000,0.000,nan,0,nan,99.052,0,0.000,18.116,1.412,0.433,0.171,nan
1120,no_output,nan,0.000,0,0.000,0.000,nan,0,nan,114.455,0,0.000,18.065,1.431,0.437,0.186,nan
1121,no_output,nan,0.000,0,0.000,0.000,nan,0,nan,126.168,0,0.000,18.161,1.816,0.369,0.163,nan
1122,no_output,nan,0.000,0,0.000,0.000,nan,0,nan,94.251,0,0.000,18.396,3.007,0.460,0.156,nan
1123,no_output,nan,0.000,0,0.000,0.000,nan,0,nan,89.642,0,0.000,17.972,1.576,0.437,0.183,nan
1124,no_output,nan,0.000,0,0.000,0.000,nan,0,nan,81.927,0,0.000,18.093,1.318,0.422,0.179,nan
1125,no_output,nan,0.000,0,0.000,0.000,nan,0,nan,115.867,0,0.000,18.244,1.705,0.445,0.179,nan
1126,no_output,nan,0.000,0,0.000,0.000,nan,0,nan,109.403,0,0.000,18.202,2.197,0.426,0.183,nan
1127,no_output,nan,0.000,0,0.000,0.000,nan,0,nan,96.792,0,0.000,17.810,1.168,0.445,0.175,nan
1128,no_output,nan,0.000,0,0.000,0.000,nan,0,nan,97.612,0,0.000,18.044,1.297,0.475,0.175,nan
1129,no_output,nan,0.000,0,0.000,0.000,nan,0,nan,72.933,0,0.000,17.996,1.587,0.430,0.171,nan
1130,no_output,nan,0.000,0,0.000,0.000,nan,0,nan,86.128,0,0.000,18.157,1.408,0.430,0.175,nan
1131,no_output,nan,0.000,0,0.000,0.000,nan,0,nan,99.680,0,0.000,18.175,1.792,0.384,0.179,nan
1132,no_output,nan,0.000,0,0.000,0.000,nan,0,nan,121.726,0,0.000,18.349,2.232,0.418,0.148,nan
1133,no_output,nan,0.000,0,0.000,0.000,nan,0,nan,115.955,0,0.000,17.830,1.442,0.384,0.179,nan
1134,no_output,nan,0.000,0,0.000,0.000,nan,0,nan,81.386,0,0.000,18.013,1.780,0.403,0.190,nan
1135,no_output,nan,0.000,0,0.000,0.000,nan,0,nan,80.584,0,0.000,17.937,1.453,0.445,0.171,nan
1136,no_output,nan,0.000,0,0.000,0.000,nan,0,nan,88.284,0,0.000,18.082,1.456,0.418,0.175,nan
1137,no_output,nan,0.000,0,0.000,0.000,nan,0,nan,116.805,0,0.000,17.964,1.265,0.430,0.171,nan
1138,no_output,nan,0.000,0,0.000,0.000,nan,0,nan,96.922,0,0.000,18.022,1.264,0.452,0.175,nan
1139,no_output,nan,0.000,0,0.000,0.000,nan,0,nan,135.376,0,0.000,18.283,1.617,0.422,0.186,nan
1140,no_output,nan,0.000,0,0.000,0.000,nan,0,nan,89.983,0,0.000,17.816,1.367,0.433,0.183,nan
1141,no_output,nan,0.000,0,0.000,0.000,nan,0,nan,94.823,0,0.000,18.124,1.519,0.414,0.167,nan
1142,no_output,nan,0.000,0,0.000,0.000,nan,0,nan,82.782,0,0.000,18.019,1.614,0.414,0.179,nan
1143,no_output,nan,0.000,0,0.000,0.000,nan,0,nan,87.101,0,0.000,17.961,1.363,0.411,0.175,nan
1144,no_output,nan,0.000,0,0.000,0.000,nan,0,nan,78.503,0,0.000,18.158,1.893,0.445,0.183,nan
1145,no_output,nan,0.000,0,0.000,0.000,nan,0,nan,98.170,0,0.000,17.900,1.366,0.441,0.179,nan
1146,no_output,nan,0.000,0,0.000,0.000,nan,0,nan,87.276,0,0.000,17.960,1.385,0.422,0.179,nan
1147,no_output,nan,0.000,0,0.000,0.000,nan,0,nan,87.153,0,0.000,17.961,1.253,0.395,0.160,nan
1148,no_output,nan,0.000,0,0.000,0.000,nan,0,nan,58.483,0,0.000,17.850,1.346,0.418,0.175,nan
1149,no_output,nan,0.000,0,0.000,0.000,nan,0,nan,87.853,0,0.000,17.924,1.338,0.392,0.171,nan
1150,no_output,nan,0.000,0,0.000,0.000,nan,0,nan,103.050,0,0.000,18.110,1.393,0.437,0.179,nan
1151,no_output,nan,0.000,0,0.000,0.000,nan,0,nan,92.681,0,0.000,17.901,1.400,0.430,0.171,nan
1152,no_output,nan,0.000,0,0.000,0.000,nan,0,nan,102.796,0,0.000,17.879,1.350,0.433,0.148,nan
1153,no_output,nan,0.000,0,0.000,0.000,nan,0,nan,93.609,0,0.000,17.950,1.445,0.437,0.171,nan
1154,no_output,nan,0.000,0,0.000,0.000,nan,0,nan,111.151,0,0.000,18.034,1.475,0.422,0.179,nan
1155,no_output,nan,0.000,0,0.000,0.000,nan,0,nan,107.206,0,0.000,17.998,1.337,0.464,0.171,nan
1156,no_output,nan,0.000,0,0.000,0.000,nan,0,nan,97.398,0,0.000,18.214,1.777,0.422,0.171,nan
1157,no_output,nan,0.000,0,0.000,0.000,nan,0,nan,80.202,0,0.000,18.140,1.399,0.460,0.179,nan
1158,no_output,nan,0.000,0,0.000,0.000,nan,0,nan,68.694,0,0.000,18.305,2.126,0.395,0.171,nan
1159,no_output,nan,0.000,0,0.000,0.000,nan,0,nan,100.140,0,0.000,17.824,1.437,0.437,0.179,nan
1160,no_output,nan,0.000,0,0.000,0.000,nan,0,nan,118.693,0,0.000,18.265,1.294,0.430,0.171,nan
1161,no_output,nan,0.000,0,0.000,0.000,nan,0,nan,72.250,0,0.000,18.153,1.369,0.414,0.171,nan
1162,no_output,nan,0.000,0,0.000,0.000,nan,0,nan,99.841,0,0.000,18.254,1.747,0.426,0.167,nan
1163,no_output,nan,0.000,0,0.000,0.000,nan,0,nan,92.481,0,0.000,18.188,1.472,0.445,0.183,nan
1164,no_output,nan,0.000,0,0.000,0.000,nan,0,nan,84.271,0,0.000,17.877,1.351,0.418,0.171,nan
1165,no_output,nan,0.000,0,0.000,0.000,nan,0,nan,108.996,0,0.000,18.260,1.568,0.426,0.179,nan
1166,no_output,nan,0.000,0,0.000,0.000,nan,0,nan,144.874,0,0.000,18.014,1.268,0.449,0.163,nan
1167,no_output,nan,0.000,0,0.000,0.000,nan,0,nan,94.113,0,0.000,17.815,1.387,0.414,0.179,nan
1168,no_output,nan,0.000,0,0.000,0.000,nan,0,nan,124.805,0,0.000,18.037,1.451,0.426,0.152,nan
1169,no_output,nan,0.000,0,0.000,0.000,nan,0,nan,93.944,0,0.000,18.166,1.489,0.422,0.179,nan
1170,no_output,nan,0.000,0,0.000,0.000,nan,0,nan,81.524,0,0.000,17.833,1.316,0.433,0.190,nan
1171,no_output,nan,0.000,0,0.000,0.000,nan,0,nan,91.364,0,0.000,17.855,1.276,0.441,0.179,nan
1172,no_output,nan,0.000,0,0.000,0.000,nan,0,nan,109.698,0,0.000,18.342,1.871,0.392,0.171,nan
1173,no_output,nan,0.000,0,0.000,0.000,nan,0,nan,75.083,0,0.000,17.853,1.217,0.414,0.171,nan
1174,no_output,nan,0.000,0,0.000,0.000,nan,0,nan,95.205,0,0.000,18.035,1.301,0.422,0.179,nan
1175,no_output,nan,0.000,0,0.000,0.000,nan,0,nan,72.394,0,0.000,17.832,1.442,0.456,0.179,nan
1176,no_output,nan,0.000,0,0.000,0.000,nan,0,nan,93.251,0,0.000,18.090,1.548,0.418,0.171,nan
1177,no_output,nan,0.000,0,0.000,0.000,nan,0,nan,84.627,0,0.000,18.100,1.645,0.414,0.167,nan
1178,no_output,nan,0.000,0,0.000,0.000,nan,0,nan,124.166,0,0.000,17.913,1.368,0.441,0.171,nan
1179,no_output,nan,0.000,0,0.000,0.000,nan,0,nan,112.529,0,0.000,17.877,1.345,0.426,0.179,nan
1180,no_output,nan,0.000,0,0.000,0.000,nan,0,nan,129.589,0,0.000,17.961,1.354,0.407,0.171,nan
1181,no_output,nan,0.000,0,0.000,0.000,nan,0,nan,73.459,0,0.000,17.996,1.351,0.414,0.190,nan
1182,no_output,nan,0.000,0,0.000,0.000,nan,0,nan,92.137,0,0.000,18.259,1.363,0.414,0.160,nan
1183,no_output,nan,0.000,0,0.000,0.000,nan,0,nan,97.926,0,0.000,17.994,1.564,0.422,0.179,nan
1184,no_output,nan,0.000,0,0.000,0.000,nan,0,nan,93.242,0,0.000,17.949,1.251,0.430,0.179,nan
1185,no_output,nan,0.000,0,0.000,0.000,nan,0,nan,100.303,0,0.000,18.244,1.934,0.418,0.171,nan
1186,no_output,nan,0.000,0,0.000,0.000,nan,0,nan,100.229,0,0.000,17.764,1.176,0.399,0.163,nan
1187,no_output,nan,0.000,0,0.000,0.000,nan,0,nan,113.954,0,0.000,17.866,1.228,0.418,0.163,nan
1188,no_output,nan,0.000,0,0.000,0.000,nan,0,nan,80.530,0,0.000,17.934,1.242,0.411,0.163,nan
1189,no_output,nan,0.000,0,0.000,0.000,nan,0,nan,79.969,0,0.000,18.088,1.485,0.445,0.179,nan
1190,no_output,nan,0.000,0,0.000,0.000,nan,0,nan,90.276,0,0.000,17.804,1.108,0.449,0.186,nan
1191,no_output,nan,0.000,0,0.000,0.000,nan,0,nan,119.441,0,0.000,18.165,1.391,0.445,0.163,nan
1192,no_output,nan,0.000,0,0.000,0.000,nan,0,nan,98.526,0,0.000,18.299,2.057,0.437,0.171,nan
1193,no_output,nan,0.000,0,0.000,0.000,nan,0,nan,80.180,0,0.000,18.519,2.421,0.452,0.163,nan
1194,no_output,nan,0.000,0,0.000,0.000,nan,0,nan,77.230,0,0.000,17.930,1.292,0.418,0.183,nan
1195,no_output,nan,0.000,0,0.000,0.000,nan,0,nan,120.631,0,0.000,18.007,1.340,0.430,0.179,nan
1196,no_output,nan,0.000,0,0.000,0.000,nan,0,nan,102.964,0,0.000,17.875,1.339,0.422,0.160,nan
1197,no_output,nan,0.000,0,0.000,0.000,nan,0,nan,99.203,0,0.000,17.780,1.341,0.411,0.167,nan
1198,no_output,nan,0.000,0,0.000,0.000,nan,0,nan,134.323,0,0.000,18.309,1.731,0.395,0.179,nan
1199,no_output,nan,0.000,0,0.000,0.000,nan,0,nan,93.285,0,0.000,18.077,1.255,0.422,0.183,nan
1200,no_output,nan,0.000,0,0.000,0.000,nan,0,nan,96.463,0,0.000,18.012,1.282,0.411,0.167,nan
1201,no_output,nan,0.000,0,0.000,0.000,nan,0,nan,119.119,0,0.000,18.010,1.192,0.456,0.175,nan
1202,no_output,nan,0.000,0,0.000,0.000,nan,0,nan,135.789,0,0.000,17.800,1.151,0.411,0.171,nan
1203,no_output,nan,0.000,0,0.000,0.000,nan,0,nan,81.783,0,0.000,18.001,1.492,0.437,0.156,nan
1204,no_output,nan,0.000,0,0.000,0.000,nan,0,nan,108.395,0,0.000,18.065,1.143,0.430,0.171,nan
1205,no_output,nan,0.000,0,0.000,0.000,nan,0,nan,97.266,0,0.000,18.015,1.341,0.433,0.163,nan
1206,no_output,nan,0.000,0,0.000,0.000,nan,0,nan,105.373,0,0.000,18.329,2.575,0.426,0.160,nan
1207,no_output,nan,0.000,0,0.000,0.000,nan,0,nan,103.093,0,0.000,18.488,1.734,0.399,0.183,nan
1208,no_output,nan,0.000,0,0.000,0.000,nan,0,nan,85.140,0,0.000,18.122,1.426,0.441,0.183,nan
1209,no_output,nan,0.000,0,0.000,0.000,nan,0,nan,100.472,0,0.000,18.316,1.725,0.426,0.156,nan
1210,no_output,nan,0.000,0,0.000,0.000,nan,0,nan,81.895,0,0.000,17.930,1.422,0.418,0.175,nan
1211,no_output,nan,0.000,0,0.000,0.000,nan,0,nan,141.126,0,0.000,18.170,1.684,0.395,0.163,nan
1212,no_output,nan,0.000,0,0.000,0.000,nan,0,nan,93.190,0,0.000,17.857,1.217,0.441,0.179,nan
1213,no_output,nan,0.000,0,0.000,0.000,nan,0,nan,100.189,0,0.000,18.224,1.612,0.430,0.156,nan
1214,no_output,nan,0.000,0,0.000,0.000,nan,0,nan,105.263,0,0.000,18.063,1.293,0.445,0.183,nan
1215,no_output,nan,0.000,0,0.000,0.000,nan,0,nan,95.325,0,0.000,18.403,2.187,0.418,0.175,nan
1216,no_output,nan,0.000,0,0.000,0.000,nan,0,nan,73.846,0,0.000,17.973,1.277,0.411,0.171,nan
1217,no_output,nan,0.000,0,0.000,0.000,nan,0,nan,105.509,0,0.000,17.916,1.487,0.445,0.171,nan
1218,no_output,nan,0.000,0,0.000,0.000,nan,0,nan,101.290,0,0.000,18.041,1.386,0.441,0.171,nan
1219,no_output,nan,0.000,0,0.000,0.000,nan,0,nan,97.657,0,0.000,18.291,1.752,0.452,0.179,nan
1220,no_output,nan,0.000,0,0.000,0.000,nan,0,nan,102.921,0,0.000,18.347,1.866,0.441,0.179,nan
1221,no_output,nan,0.000,0,0.000,0.000,nan,0,nan,111.507,0,0.000,18.293,1.592,0.407,0.171,nan
1222,no_output,nan,0.000,0,0.000,0.000,nan,0,nan,77.537,0,0.000,17.916,1.618,0.380,0.179,nan
1223,no_output,nan,0.000,0,0.000,0.000,nan,0,nan,99.761,0,0.000,17.793,1.328,0.395,0.160,nan
1224,no_output,nan,0.000,0,0.000,0.000,nan,0,nan,47.850,0,0.000,17.874,1.440,0.414,0.190,nan
1225,no_output,nan,0.000,0,0.000,0.000,nan,0,nan,117.281,0,0.000,17.798,1.392,0.422,0.179,nan
1226,no_output,nan,0.000,0,0.000,0.000,nan,0,nan,132.901,0,0.000,18.088,1.617,0.384,0.179,nan
1227,no_output,nan,0.000,0,0.000,0.000,nan,0,nan,92.338,0,0.000,17.905,1.479,0.437,0.171,nan
1228,no_output,nan,0.000,0,0.000,0.000,nan,0,nan,80.033,0,0.000,18.076,1.522,0.422,0.190,nan
1229,no_output,nan,0.000,0,0.000,0.000,nan,0,nan,93.319,0,0.000,18.053,1.637,0.433,0.163,nan
1230,no_output,nan,0.000,0,0.000,0.000,nan,0,nan,85.806,0,0.000,18.131,1.320,0.437,0.171,nan
1231,no_output,nan,0.000,0,0.000,0.000,nan,0,nan,133.039,0,0.000,17.925,1.247,0.426,0.179,nan
1232,no_output,nan,0.000,0,0.000,0.000,nan,0,nan,90.895,0,0.000,17.848,1.253,0.414,0.171,nan
1233,no_output,nan,0.000,0,0.000,0.000,nan,0,nan,118.768,0,0.000,18.259,1.455,0.422,0.190,nan
1234,no_output,nan,0.000,0,0.000,0.000,nan,0,nan,83.201,0,0.000,17.993,1.368,0.433,0.163,nan
1235,no_output,nan,0.000,0,0.000,0.000,nan,0,nan,108.419,0,0.000,18.017,1.361,0.399,0.179,nan
1236,no_output,nan,0.000,0,0.000,0.000,nan,0,nan,93.763,0,0.000,17.941,1.441,0.426,0.179,nan
1237,no_output,nan,0.000,0,0.000,0.000,nan,0,nan,127.589,0,0.000,18.032,1.384,0.441,0.183,nan
1238,no_output,nan,0.000,0,0.000,0.000,nan,0,nan,92.629,0,0.000,18.020,1.452,0.407,0.171,nan
1239,no_output,nan,0.000,0,0.000,0.000,nan,0,nan,82.053,0,0.000,18.154,1.311,0.418,0.183,nan
1240,no_output,nan,0.000,0,0.000,0.000,nan,0,nan,96.572,0,0.000,18.210,1.813,0.407,0.183,nan
1241,no_output,nan,0.000,0,0.000,0.000,nan,0,nan,119.658,0,0.000,17.941,1.395,0.441,0.175,nan
1242,no_output,nan,0.000,0,0.000,0.000,nan,0,nan,114.070,0,0.000,17.950,1.516,0.468,0.156,nan
1243,no_output,nan,0.000,0,0.000,0.000,nan,0,nan,92.531,0,0.000,17.894,1.588,0.418,0.183,nan
1244,no_output,nan,0.000,0,0.000,0.000,nan,0,nan,121.750,0,0.000,17.876,1.191,0.407,0.179,nan
1245,no_output,nan,0.000,0,0.000,0.000,nan,0,nan,88.743,0,0.000,17.797,1.418,0.430,0.179,nan
1246,no_output,nan,0.000,0,0.000,0.000,nan,0,nan,87.165,0,0.000,18.090,1.562,0.407,0.179,nan
1247,no_output,nan,0.000,0,0.000,0.000,nan,0,nan,110.492,0,0.000,17.838,1.208,0.452,0.179,nan
1248,no_output,nan,0.000,0,0.000,0.000,nan,0,nan,78.706,0,0.000,18.131,1.654,0.414,0.175,nan
1249,no_output,nan,0.000,0,0.000,0.000,nan,0,nan,81.734,0,0.000,17.996,1.294,0.475,0.171,nan
1250,no_output,nan,0.000,0,0.000,0.000,nan,0,nan,87.140,0,0.000,18.117,1.569,0.433,0.152,nan
1251,no_output,nan,0.000,0,0.000,0.000,nan,0,nan,90.326,0,0.000,17.924,1.135,0.464,0.171,nan
1252,no_output,nan,0.000,0,0.000,0.000,nan,0,nan,142.617,0,0.000,18.197,1.893,0.369,0.167,nan
1253,no_output,nan,0.000,0,0.000,0.000,nan,0,nan,78.452,0,0.000,18.199,1.389,0.411,0.175,nan
1254,no_output,nan,0.000,0,0.000,0.000,nan,0,nan,127.137,0,0.000,18.071,1.294,0.445,0.163,nan
1255,no_output,nan,0.000,0,0.000,0.000,nan,0,nan,120.882,0,0.000,17.857,1.252,0.441,0.160,nan
1256,no_output,nan,0.000,0,0.000,0.000,nan,0,nan,105.518,0,0.000,18.044,1.619,0.380,0.183,nan
1257,no_output,nan,0.000,0,0.000,0.000,nan,0,nan,95.917,0,0.000,18.051,1.398,0.422,0.190,nan
1258,no_output,nan,0.000,0,0.000,0.000,nan,0,nan,118.196,0,0.000,18.009,1.328,0.392,0.171,nan
1259,no_output,nan,0.000,0,0.000,0.000,nan,0,nan,94.897,0,0.000,18.006,1.388,0.380,0.179,nan
1260,no_output,nan,0.000,0,0.000,0.000,nan,0,nan,104.371,0,0.000,17.987,1.174,0.380,0.190,nan
1261,no_output,nan,0.000,0,0.000,0.000,nan,0,nan,84.871,0,0.000,18.080,1.528,0.452,0.171,nan
1262,no_output,nan,0.000,0,0.000,0.000,nan,0,nan,76.095,0,0.000,17.855,1.294,0.452,0.167,nan
1263,no_output,nan,0.000,0,0.000,0.000,nan,0,nan,103.251,0,0.000,17.863,1.252,0.475,0.163,nan
1264,no_output,nan,0.000,0,0.000,0.000,nan,0,nan,71.369,0,0.000,17.888,1.230,0.403,0.152,nan
1265,no_output,nan,0.000,0,0.000,0.000,nan,0,nan,105.681,0,0.000,18.038,1.267,0.395,0.179,nan
1266,no_output,nan,0.000,0,0.000,0.000,nan,0,nan,104.393,0,0.000,17.783,1.278,0.418,0.160,nan
1267,no_output,nan,0.000,0,0.000,0.000,nan,0,nan,78.562,0,0.000,17.718,1.520,0.441,0.171,nan
1268,no_output,nan,0.000,0,0.000,0.000,nan,0,nan,121.769,0,0.000,18.072,1.424,0.399,0.179,nan
1269,no_output,nan,0.000,0,0.000,0.000,nan,0,nan,115.879,0,0.000,17.945,1.183,0.430,0.186,nan
1270,no_output,nan,0.000,0,0.000,0.000,nan,0,nan,97.887,0,0.000,17.743,1.176,0.414,0.171,nan
1271,no_output,nan,0.000,0,0.000,0.000,nan,0,nan,78.904,0,0.000,18.216,1.547,0.414,0.183,nan
1272,no_output,nan,0.000,0,0.000,0.000,nan,0,nan,102.085,0,0.000,17.819,1.395,0.449,0.163,nan
1273,no_output,nan,0.000,0,0.000,0.000,nan,0,nan,81.228,0,0.000,18.002,1.316,0.445,0.171,nan
1274,no_output,nan,0.000,0,0.000,0.000,nan,0,nan,90.997,0,0.000,17.737,1.231,0.452,0.179,nan
1275,no_output,nan,0.000,0,0.000,0.000,nan,0,nan,84.642,0,0.000,18.012,1.218,0.411,0.171,nan
1276,no_output,nan,0.000,0,0.000,0.000,nan,0,nan,76.881,0,0.000,17.916,1.313,0.437,0.183,nan
1277,no_output,nan,0.000,0,0.000,0.000,nan,0,nan,123.859,0,0.000,18.079,1.222,0.475,0.167,nan
1278,no_output,nan,0.000,0,0.000,0.000,nan,0,nan,96.853,0,0.000,17.972,1.276,0.452,0.179,nan
1279,no_output,nan,0.000,0,0.000,0.000,nan,0,nan,100.820,0,0.000,17.941,1.258,0.445,0.179,nan
1280,no_output,nan,0.000,0,0.000,0.000,nan,0,nan,122.898,0,0.000,17.828,1.476,0.426,0.183,nan
1281,no_output,nan,0.000,0,0.000,0.000,nan,0,nan,127.035,0,0.000,18.035,1.531,0.430,0.167,nan
1282,no_output,nan,0.000,0,0.000,0.000,nan,0,nan,83.574,0,0.000,18.135,1.360,0.388,0.179,nan
1283,no_output,nan,0.000,0,0.000,0.000,nan,0,nan,108.628,0,0.000,18.097,1.593,0.452,0.163,nan
1284,no_output,nan,0.000,0,0.000,0.000,nan,0,nan,125.737,0,0.000,18.112,1.204,0.430,0.183,nan
1285,no_output,nan,0.000,0,0.000,0.000,nan,0,nan,102.707,0,0.000,18.515,1.757,0.399,0.171,nan
1286,no_output,nan,0.000,0,0.000,0.000,nan,0,nan,126.258,0,0.000,17.984,1.347,0.456,0.160,nan
1287,no_output,nan,0.000,0,0.000,0.000,nan,0,nan,122.753,0,0.000,18.155,1.693,0.399,0.179,nan
1288,no_output,nan,0.000,0,0.000,0.000,nan,0,nan,74.462,0,0.000,17.963,1.239,0.426,0.171,nan
1289,no_output,nan,0.000,0,0.000,0.000,nan,0,nan,90.088,0,0.000,18.334,1.741,0.441,0.179,nan
1290,no_output,nan,0.000,0,0.000,0.000,nan,0,nan,115.871,0,0.000,18.034,1.336,0.411,0.179,nan
1291,no_output,nan,0.000,0,0.000,0.000,nan,0,nan,82.672,0,0.000,17.943,1.280,0.422,0.175,nan
1292,no_output,nan,0.000,0,0.000,0.000,nan,0,nan,161.126,0,0.000,18.406,1.815,0.388,0.171,nan
1293,no_output,nan,0.000,0,0.000,0.000,nan,0,nan,85.444,0,0.000,18.133,1.338,0.426,0.163,nan
1294,no_output,nan,0.000,0,0.000,0.000,nan,0,nan,103.461,0,0.000,17.871,1.355,0.407,0.163,nan
1295,no_output,nan,0.000,0,0.000,0.000,nan,0,nan,106.601,0,0.000,17.760,1.342,0.449,0.171,nan
1296,no_output,nan,0.000,0,0.000,0.000,nan,0,nan,107.198,0,0.000,18.111,1.347,0.460,0.171,nan
1297,no_output,nan,0.000,0,0.000,0.000,nan,0,nan,92.760,0,0.000,18.108,1.456,0.418,0.171,nan
1298,no_output,nan,0.000,0,0.000,0.000,nan,0,nan,136.001,0,0.000,17.986,1.424,0.426,0.179,nan
1299,no_output,nan,0.000,0,0.000,0.000,nan,0,nan,82.349,0,0.000,18.135,2.007,0.414,0.179,nan
1300,no_output,nan,0.000,0,0.000,0.000,nan,0,nan,113.285,0,0.000,17.885,1.267,0.468,0.171,nan
1301,no_output,nan,0.000,0,0.000,0.000,nan,0,nan,137.190,0,0.000,18.012,1.419,0.426,0.186,nan
1302,no_output,nan,0.000,0,0.000,0.000,nan,0,nan,107.257,0,0.000,18.125,1.641,0.437,0.171,nan
1303,no_output,nan,0.000,0,0.000,0.000,nan,0,nan,102.619,0,0.000,17.969,1.369,0.422,0.183,nan
1304,no_output,nan,0.000,0,0.000,0.000,nan,0,nan,111.518,0,0.000,18.177,1.826,0.418,0.171,nan
1305,no_output,nan,0.000,0,0.000,0.000,nan,0,nan,78.451,0,0.000,17.908,1.405,0.407,0.160,nan
1306,no_output,nan,0.000,0,0.000,0.000,nan,0,nan,104.851,0,0.000,18.067,1.298,0.407,0.186,nan
1307,no_output,nan,0.000,0,0.000,0.000,nan,0,nan,100.168,0,0.000,17.913,1.487,0.399,0.179,nan
1308,no_output,nan,0.000,0,0.000,0.000,nan,0,nan,130.926,0,0.000,17.837,1.495,0.403,0.171,nan
1309,no_output,nan,0.000,0,0.000,0.000,nan,0,nan,105.254,0,0.000,17.759,1.497,0.403,0.171,nan
1310,no_output,nan,0.000,0,0.000,0.000,nan,0,nan,105.252,0,0.000,17.915,1.447,0.430,0.171,nan
1311,no_output,nan,0.000,0,0.000,0.000,nan,0,nan,100.224,0,0.000,17.946,1.218,0.403,0.179,nan
1312,no_output,nan,0.000,0,0.000,0.000,nan,0,nan,108.847,0,0.000,18.019,1.480,0.433,0.167,nan
1313,no_output,nan,0.000,0,0.000,0.000,nan,0,nan,98.791,0,0.000,18.116,1.607,0.418,0.163,nan
1314,no_output,nan,0.000,0,0.000,0.000,nan,0,nan,107.438,0,0.000,18.114,1.677,0.452,0.179,nan
1315,no_output,nan,0.000,0,0.000,0.000,nan,0,nan,107.658,0,0.000,18.249,1.718,0.433,0.171,nan
1316,no_output,nan,0.000,0,0.000,0.000,nan,0,nan,95.126,0,0.000,18.673,2.934,0.445,0.163,nan
1317,no_output,nan,0.000,0,0.000,0.000,nan,0,nan,84.421,0,0.000,17.974,1.466,0.418,0.171,nan
1318,no_output,nan,0.000,0,0.000,0.000,nan,0,nan,111.169,0,0.000,18.095,1.470,0.395,0.167,nan
1319,no_output,nan,0.000,0,0.000,0.000,nan,0,nan,111.200,0,0.000,17.819,1.606,0.433,0.175,nan
1320,no_output,nan,0.000,0,0.000,0.000,nan,0,nan,84.292,0,0.000,18.103,1.472,0.464,0.171,nan
1321,no_output,nan,0.000,0,0.000,0.000,nan,0,nan,91.068,0,0.000,18.142,1.456,0.449,0.156,nan
1322,no_output,nan,0.000,0,0.000,0.000,nan,0,nan,77.788,0,0.000,18.292,1.935,0.395,0.175,nan
1323,no_output,nan,0.000,0,0.000,0.000,nan,0,nan,91.083,0,0.000,17.829,1.287,0.395,0.171,nan
1324,no_output,nan,0.000,0,0.000,0.000,nan,0,nan,92.514,0,0.000,18.078,1.304,0.464,0.163,nan
1325,no_output,nan,0.000,0,0.000,0.000,nan,0,nan,116.354,0,0.000,17.924,1.544,0.445,0.183,nan
1326,no_output,nan,0.000,0,0.000,0.000,nan,0,nan,82.421,0,0.000,17.831,1.314,0.490,0.171,nan
1327,no_output,nan,0.000,0,0.000,0.000,nan,0,nan,100.282,0,0.000,17.815,1.411,0.430,0.167,nan
1328,no_output,nan,0.000,0,0.000,0.000,nan,0,nan,100.217,0,0.000,18.428,1.816,0.430,0.179,nan
1329,no_output,nan,0.000,0,0.000,0.000,nan,0,nan,130.581,0,0.000,18.144,1.652,0.411,0.160,nan
1330,no_output,nan,0.000,0,0.000,0.000,nan,0,nan,87.759,0,0.000,17.872,1.514,0.468,0.171,nan
1331,no_output,nan,0.000,0,0.000,0.000,nan,0,nan,101.837,0,0.000,18.403,2.121,0.411,0.179,nan
1332,no_output,nan,0.000,0,0.000,0.000,nan,0,nan,121.220,0,0.000,18.099,1.477,0.426,0.175,nan
1333,no_output,nan,0.000,0,0.000,0.000,nan,0,nan,116.811,0,0.000,18.191,2.504,0.373,0.160,nan
1334,no_output,nan,0.000,0,0.000,0.000,nan,0,nan,92.256,0,0.000,17.785,1.284,0.433,0.179,nan
1335,no_output,nan,0.000,0,0.000,0.000,nan,0,nan,114.179,0,0.000,18.089,1.606,0.426,0.179,nan
1336,no_output,nan,0.000,0,0.000,0.000,nan,0,nan,114.634,0,0.000,18.191,1.547,0.407,0.171,nan
1337,no_output,nan,0.000,0,0.000,0.000,nan,0,nan,105.378,0,0.000,17.934,1.285,0.441,0.175,nan
1338,no_output,nan,0.000,0,0.000,0.000,nan,0,nan,99.692,0,0.000,18.360,1.929,0.430,0.175,nan
1339,no_output,nan,0.000,0,0.000,0.000,nan,0,nan,97.558,0,0.000,18.090,1.451,0.433,0.179,nan
1340,no_output,nan,0.000,0,0.000,0.000,nan,0,nan,67.497,0,0.000,18.101,1.493,0.430,0.171,nan
1341,no_output,nan,0.000,0,0.000,0.000,nan,0,nan,121.721,0,0.000,18.245,1.667,0.369,0.179,nan
1342,no_output,nan,0.000,0,0.000,0.000,nan,0,nan,110.610,0,0.000,17.997,1.646,0.399,0.175,nan
1343,no_output,nan,0.000,0,0.000,0.000,nan,0,nan,107.792,0,0.000,18.009,1.129,0.407,0.190,nan
1344,no_output,nan,0.000,0,0.000,0.000,nan,0,nan,90.513,0,0.000,17.969,1.487,0.422,0.171,nan
1345,no_output,nan,0.000,0,0.000,0.000,nan,0,nan,79.052,0,0.000,18.163,1.515,0.426,0.179,nan
1346,no_output,nan,0.000,0,0.000,0.000,nan,0,nan,83.762,0,0.000,17.820,1.290,0.392,0.163,nan
1347,no_output,nan,0.000,0,0.000,0.000,nan,0,nan,148.690,0,0.000,18.406,1.832,0.441,0.167,nan
1348,no_output,nan,0.000,0,0.000,0.000,nan,0,nan,108.938,0,0.000,17.873,1.295,0.449,0.179,nan
1349,no_output,nan,0.000,0,0.000,0.000,nan,0,nan,106.500,0,0.000,18.019,1.677,0.407,0.183,nan
1350,no_output,nan,0.000,0,0.000,0.000,nan,0,nan,88.205,0,0.000,18.040,1.549,0.399,0.163,nan
1351,no_output,nan,0.000,0,0.000,0.000,nan,0,nan,102.273,0,0.000,17.970,1.316,0.407,0.171,nan
1352,no_output,nan,0.000,0,0.000,0.000,nan,0,nan,96.457,0,0.000,18.196,2.179,0.426,0.175,nan
1353,no_output,nan,0.000,0,0.000,0.000,nan,0,nan,76.969,0,0.000,18.280,1.447,0.392,0.160,nan
1354,no_output,nan,0.000,0,0.000,0.000,nan,0,nan,91.396,0,0.000,18.237,1.933,0.433,0.171,nan
1355,no_output,nan,0.000,0,0.000,0.000,nan,0,nan,109.546,0,0.000,18.012,1.252,0.418,0.179,nan
1356,no_output,nan,0.000,0,0.000,0.000,nan,0,nan,93.308,0,0.000,17.979,1.232,0.403,0.171,nan
1357,no_output,nan,0.000,0,0.000,0.000,nan,0,nan,100.828,0,0.000,18.276,1.790,0.407,0.179,nan
1358,no_output,nan,0.000,0,0.000,0.000,nan,0,nan,86.659,0,0.000,17.984,1.055,0.456,0.163,nan
1359,no_output,nan,0.000,0,0.000,0.000,nan,0,nan,81.936,0,0.000,17.930,1.310,0.414,0.179,nan
1360,no_output,nan,0.000,0,0.000,0.000,nan,0,nan,80.248,0,0.000,18.012,1.314,0.422,0.171,nan
1361,no_output,nan,0.000,0,0.000,0.000,nan,0,nan,77.341,0,0.000,18.185,1.959,0.426,0.167,nan
1362,no_output,nan,0.000,0,0.000,0.000,nan,0,nan,97.882,0,0.000,18.000,1.383,0.441,0.175,nan
1363,no_output,nan,0.000,0,0.000,0.000,nan,0,nan,109.650,0,0.000,18.396,1.942,0.422,0.179,nan
1364,no_output,nan,0.000,0,0.000,0.000,nan,0,nan,82.925,0,0.000,18.244,1.490,0.418,0.167,nan
1365,no_output,nan,0.000,0,0.000,0.000,nan,0,nan,115.280,0,0.000,18.328,1.711,0.433,0.171,nan
1366,no_output,nan,0.000,0,0.000,0.000,nan,0,nan,123.080,0,0.000,18.002,1.340,0.422,0.183,nan
1367,no_output,nan,0.000,0,0.000,0.000,nan,0,nan,131.679,0,0.000,18.054,1.385,0.399,0.179,nan
1368,no_output,nan,0.000,0,0.000,0.000,nan,0,nan,85.899,0,0.000,17.991,1.391,0.426,0.175,nan
1369,no_output,nan,0.000,0,0.000,0.000,nan,0,nan,81.233,0,0.000,17.880,1.139,0.411,0.171,nan
1370,no_output,nan,0.000,0,0.000,0.000,nan,0,nan,104.752,0,0.000,18.012,1.347,0.426,0.179,nan
1371,no_output,nan,0.000,0,0.000,0.000,nan,0,nan,86.619,0,0.000,18.487,2.957,0.403,0.175,nan
1372,no_output,nan,0.000,0,0.000,0.000,nan,0,nan,72.117,0,0.000,18.922,4.062,0.414,0.175,nan
1373,no_output,nan,0.000,0,0.000,0.000,nan,0,nan,88.366,0,0.000,18.274,1.883,0.430,0.179,nan
1374,no_output,nan,0.000,0,0.000,0.000,nan,0,nan,124.885,0,0.000,17.973,1.732,0.399,0.171,nan
1375,no_output,nan,0.000,0,0.000,0.000,nan,0,nan,87.219,0,0.000,17.836,1.264,0.456,0.179,nan
1376,no_output,nan,0.000,0,0.000,0.000,nan,0,nan,86.567,0,0.000,17.930,1.154,0.403,0.171,nan
1377,no_output,nan,0.000,0,0.000,0.000,nan,0,nan,104.228,0,0.000,18.045,1.525,0.445,0.179,nan
1378,no_output,nan,0.000,0,0.000,0.000,nan,0,nan,169.185,0,0.000,18.051,1.545,0.437,0.179,nan
1379,no_output,nan,0.000,0,0.000,0.000,nan,0,nan,108.750,0,0.000,17.970,1.497,0.456,0.171,nan
1380,no_output,nan,0.000,0,0.000,0.000,nan,0,nan,89.656,0,0.000,18.062,1.310,0.441,0.167,nan
1381,no_output,nan,0.000,0,0.000,0.000,nan,0,nan,80.082,0,0.000,17.889,1.514,0.403,0.171,nan
1382,no_output,nan,0.000,0,0.000,0.000,nan,0,nan,69.359,0,0.000,17.942,1.185,0.414,0.171,nan
1383,no_output,nan,0.000,0,0.000,0.000,nan,0,nan,105.246,0,0.000,18.038,1.323,0.437,0.175,nan
1384,no_output,nan,0.000,0,0.000,0.000,nan,0,nan,88.364,0,0.000,17.923,1.203,0.456,0.175,nan
1385,no_output,nan,0.000,0,0.000,0.000,nan,0,nan,129.396,0,0.000,18.055,1.505,0.433,0.179,nan
1386,no_output,nan,0.000,0,0.000,0.000,nan,0,nan,97.280,0,0.000,18.067,1.420,0.441,0.179,nan
1387,no_output,nan,0.000,0,0.000,0.000,nan,0,nan,91.743,0,0.000,17.912,1.546,0.430,0.179,nan
1388,no_output,nan,0.000,0,0.000,0.000,nan,0,nan,86.699,0,0.000,18.025,1.314,0.430,0.171,nan
1389,no_output,nan,0.000,0,0.000,0.000,nan,0,nan,101.310,0,0.000,17.841,1.389,0.433,0.179,nan
1390,no_output,nan,0.000,0,0.000,0.000,nan,0,nan,64.721,0,0.000,17.861,1.274,0.433,0.171,nan
1391,no_output,nan,0.000,0,0.000,0.000,nan,0,nan,106.650,0,0.000,17.783,1.325,0.468,0.175,nan
1392,no_output,nan,0.000,0,0.000,0.000,nan,0,nan,90.720,0,0.000,18.050,1.391,0.449,0.179,nan
1393,no_output,nan,0.000,0,0.000,0.000,nan,0,nan,91.636,0,0.000,18.409,2.245,0.388,0.167,nan
1394,no_output,nan,0.000,0,0.000,0.000,nan,0,nan,121.901,0,0.000,17.869,1.221,0.441,0.179,nan
1395,no_output,nan,0.000,0,0.000,0.000,nan,0,nan,94.302,0,0.000,18.106,1.542,0.452,0.175,nan
1396,no_output,nan,0.000,0,0.000,0.000,nan,0,nan,115.830,0,0.000,17.909,1.273,0.430,0.183,nan
1397,no_output,nan,0.000,0,0.000,0.000,nan,0,nan,105.052,0,0.000,17.960,1.277,0.460,0.183,nan
1398,no_output,nan,0.000,0,0.000,0.000,nan,0,nan,88.326,0,0.000,18.335,1.936,0.414,0.171,nan
1399,no_output,nan,0.000,0,0.000,0.000,nan,0,nan,83.780,0,0.000,18.222,2.218,0.392,0.163,nan
1400,no_output,nan,0.000,0,0.000,0.000,nan,0,nan,100.402,0,0.000,18.028,1.492,0.422,0.171,nan
1401,no_output,nan,0.000,0,0.000,0.000,nan,0,nan,93.058,0,0.000,18.209,1.575,0.403,0.179,nan
1402,no_output,nan,0.000,0,0.000,0.000,nan,0,nan,98.650,0,0.000,18.073,1.441,0.445,0.175,nan
1403,no_output,nan,0.000,0,0.000,0.000,nan,0,nan,91.642,0,0.000,18.041,1.291,0.452,0.179,nan
1404,no_output,nan,0.000,0,0.000,0.000,nan,0,nan,110.378,0,0.000,17.981,1.466,0.433,0.175,nan
1405,no_output,nan,0.000,0,0.000,0.000,nan,0,nan,101.074,0,0.000,17.820,1.348,0.422,0.175,nan
1406,no_output,nan,0.000,0,0.000,0.000,nan,0,nan,107.706,0,0.000,17.982,1.481,0.433,0.171,nan
1407,no_output,nan,0.000,0,0.000,0.000,nan,0,nan,67.393,0,0.000,18.039,1.477,0.433,0.175,nan
1408,no_output,nan,0.000,0,0.000,0.000,nan,0,nan,92.364,0,0.000,17.892,1.319,0.399,0.160,nan
1409,no_output,nan,0.000,0,0.000,0.000,nan,0,nan,119.460,0,0.000,18.100,1.762,0.414,0.175,nan
1410,no_output,nan,0.000,0,0.000,0.000,nan,0,nan,97.101,0,0.000,18.183,1.829,0.430,0.171,nan
1411,no_output,nan,0.000,0,0.000,0.000,nan,0,nan,56.496,0,0.000,18.289,1.698,0.426,0.171,nan
1412,no_output,nan,0.000,0,0.000,0.000,nan,0,nan,90.194,0,0.000,17.941,1.672,0.437,0.175,nan
1413,no_output,nan,0.000,0,0.000,0.000,nan,0,nan,104.559,0,0.000,18.140,1.327,0.388,0.183,nan
1414,no_output,nan,0.000,0,0.000,0.000,nan,0,nan,110.291,0,0.000,17.904,1.173,0.407,0.171,nan
1415,no_output,nan,0.000,0,0.000,0.000,nan,0,nan,99.033,0,0.000,18.523,2.081,0.414,0.167,nan
1416,no_output,nan,0.000,0,0.000,0.000,nan,0,nan,78.785,0,0.000,18.342,1.858,0.437,0.179,nan
1417,no_output,nan,0.000,0,0.000,0.000,nan,0,nan,80.717,0,0.000,18.000,1.386,0.426,0.171,nan
1418,no_output,nan,0.000,0,0.000,0.000,nan,0,nan,89.159,0,0.000,17.984,1.235,0.403,0.190,nan
1419,no_output,nan,0.000,0,0.000,0.000,nan,0,nan,112.203,0,0.000,18.338,1.914,0.403,0.179,nan
1420,no_output,nan,0.000,0,0.000,0.000,nan,0,nan,86.790,0,0.000,18.196,1.942,0.426,0.171,nan
1421,no_output,nan,0.000,0,0.000,0.000,nan,0,nan,73.537,0,0.000,18.284,1.653,0.418,0.167,nan
1422,no_output,nan,0.000,0,0.000,0.000,nan,0,nan,121.481,0,0.000,18.476,1.855,0.441,0.179,nan
1423,no_output,nan,0.000,0,0.000,0.000,nan,0,nan,74.946,0,0.000,18.332,2.022,0.418,0.190,nan
1424,no_output,nan,0.000,0,0.000,0.000,nan,0,nan,74.076,0,0.000,18.565,2.205,0.441,0.167,nan
1425,no_output,nan,0.000,0,0.000,0.000,nan,0,nan,90.895,0,0.000,18.118,1.752,0.433,0.171,nan
1426,no_output,nan,0.000,0,0.000,0.000,nan,0,nan,99.516,0,0.000,17.889,1.312,0.430,0.179,nan
1427,no_output,nan,0.000,0,0.000,0.000,nan,0,nan,109.281,0,0.000,17.834,1.339,0.399,0.179,nan
1428,no_output,nan,0.000,0,0.000,0.000,nan,0,nan,86.869,0,0.000,18.398,1.683,0.426,0.179,nan
1429,no_output,nan,0.000,0,0.000,0.000,nan,0,nan,114.881,0,0.000,17.960,1.340,0.411,0.163,nan
1430,no_output,nan,0.000,0,0.000,0.000,nan,0,nan,89.399,0,0.000,17.917,1.327,0.388,0.179,nan
1431,no_output,nan,0.000,0,0.000,0.000,nan,0,nan,92.525,0,0.000,18.012,1.398,0.422,0.171,nan
1432,no_output,nan,0.000,0,0.000,0.000,nan,0,nan,101.191,0,0.000,17.943,1.192,0.433,0.190,nan
1433,no_output,nan,0.000,0,0.000,0.000,nan,0,nan,60.460,0,0.000,18.145,1.469,0.464,0.163,nan
1434,no_output,nan,0.000,0,0.000,0.000,nan,0,nan,140.298,0,0.000,18.111,1.412,0.414,0.167,nan
1435,no_output,nan,0.000,0,0.000,0.000,nan,0,nan,91.360,0,0.000,18.363,2.009,0.414,0.171,nan
1436,no_output,nan,0.000,0,0.000,0.000,nan,0,nan,86.512,0,0.000,17.805,1.364,0.445,0.179,nan
1437,no_output,nan,0.000,0,0.000,0.000,nan,0,nan,97.368,0,0.000,17.983,1.318,0.430,0.171,nan
1438,no_output,nan,0.000,0,0.000,0.000,nan,0,nan,100.772,0,0.000,18.680,2.664,0.373,0.171,nan
1439,no_output,nan,0.000,0,0.000,0.000,nan,0,nan,100.724,0,0.000,17.899,1.221,0.430,0.179,nan
1440,no_output,nan,0.000,0,0.000,0.000,nan,0,nan,85.309,0,0.000,17.885,1.253,0.414,0.171,nan
1441,no_output,nan,0.000,0,0.000,0.000,nan,0,nan,101.736,0,0.000,18.040,1.493,0.392,0.179,nan
1442,no_output,nan,0.000,0,0.000,0.000,nan,0,nan,127.734,0,0.000,18.031,1.473,0.452,0.171,nan
1443,no_output,nan,0.000,0,0.000,0.000,nan,0,nan,90.638,0,0.000,18.592,4.112,0.422,0.160,nan
1444,no_output,nan,0.000,0,0.000,0.000,nan,0,nan,90.162,0,0.000,18.418,1.788,0.399,0.179,nan
1445,no_output,nan,0.000,0,0.000,0.000,nan,0,nan,125.232,0,0.000,18.062,1.618,0.426,0.171,nan
1446,no_output,nan,0.000,0,0.000,0.000,nan,0,nan,116.406,0,0.000,17.947,1.265,0.471,0.175,nan
1447,no_output,nan,0.000,0,0.000,0.000,nan,0,nan,118.009,0,0.000,17.987,1.233,0.445,0.171,nan
1448,no_output,nan,0.000,0,0.000,0.000,nan,0,nan,115.840,0,0.000,17.842,1.517,0.422,0.171,nan
1449,no_output,nan,0.000,0,0.000,0.000,nan,0,nan,77.553,0,0.000,18.293,1.548,0.456,0.171,nan
1450,no_output,nan,0.000,0,0.000,0.000,nan,0,nan,101.172,0,0.000,18.083,1.383,0.433,0.179,nan
1451,no_output,nan,0.000,0,0.000,0.000,nan,0,nan,123.550,0,0.000,17.907,1.328,0.403,0.171,nan
1452,no_output,nan,0.000,0,0.000,0.000,nan,0,nan,56.554,0,0.000,18.767,2.591,0.445,0.171,nan
1453,no_output,nan,0.000,0,0.000,0.000,nan,0,nan,96.260,0,0.000,17.896,1.485,0.445,0.175,nan
1454,no_output,nan,0.000,0,0.000,0.000,nan,0,nan,84.904,0,0.000,17.960,1.312,0.422,0.183,nan
1455,no_output,nan,0.000,0,0.000,0.000,nan,0,nan,89.246,0,0.000,17.992,1.261,0.418,0.179,nan
1456,no_output,nan,0.000,0,0.000,0.000,nan,0,nan,100.648,0,0.000,17.867,1.398,0.456,0.167,nan
1457,no_output,nan,0.000,0,0.000,0.000,nan,0,nan,95.132,0,0.000,18.012,1.349,0.399,0.179,nan
1458,no_output,nan,0.000,0,0.000,0.000,nan,0,nan,113.819,0,0.000,18.440,1.785,0.433,0.179,nan
1459,no_output,nan,0.000,0,0.000,0.000,nan,0,nan,100.888,0,0.000,17.959,1.135,0.460,0.171,nan
1460,no_output,nan,0.000,0,0.000,0.000,nan,0,nan,116.010,0,0.000,17.968,1.385,0.399,0.194,nan
1461,no_output,nan,0.000,0,0.000,0.000,nan,0,nan,86.434,0,0.000,18.029,1.412,0.414,0.163,nan
1462,no_output,nan,0.000,0,0.000,0.000,nan,0,nan,80.351,0,0.000,18.054,1.393,0.430,0.171,nan
1463,no_output,nan,0.000,0,0.000,0.000,nan,0,nan,91.043,0,0.000,18.424,2.796,0.422,0.163,nan
1464,no_output,nan,0.000,0,0.000,0.000,nan,0,nan,88.064,0,0.000,18.472,3.157,0.399,0.171,nan
1465,no_output,nan,0.000,0,0.000,0.000,nan,0,nan,119.977,0,0.000,17.989,1.269,0.407,0.183,nan
1466,no_output,nan,0.000,0,0.000,0.000,nan,0,nan,134.266,0,0.000,17.959,1.511,0.433,0.175,nan
1467,no_output,nan,0.000,0,0.000,0.000,nan,0,nan,87.172,0,0.000,18.151,1.617,0.430,0.171,nan
1468,no_output,nan,0.000,0,0.000,0.000,nan,0,nan,77.587,0,0.000,18.249,1.658,0.418,0.179,nan
1469,no_output,nan,0.000,0,0.000,0.000,nan,0,nan,111.444,0,0.000,17.737,1.280,0.407,0.183,nan
1470,no_output,nan,0.000,0,0.000,0.000,nan,0,nan,105.654,0,0.000,18.263,1.466,0.433,0.183,nan
1471,no_output,nan,0.000,0,0.000,0.000,nan,0,nan,83.915,0,0.000,18.289,1.543,0.456,0.171,nan
1472,no_output,nan,0.000,0,0.000,0.000,nan,0,nan,84.856,0,0.000,18.125,1.411,0.437,0.163,nan
1473,no_output,nan,0.000,0,0.000,0.000,nan,0,nan,95.662,0,0.000,18.020,1.309,0.418,0.179,nan
1474,no_output,nan,0.000,0,0.000,0.000,nan,0,nan,131.115,0,0.000,18.223,1.589,0.460,0.183,nan
1475,no_output,nan,0.000,0,0.000,0.000,nan,0,nan,80.347,0,0.000,17.864,1.163,0.430,0.179,nan
1476,no_output,nan,0.000,0,0.000,0.000,nan,0,nan,107.235,0,0.000,18.398,1.652,0.426,0.171,nan
1477,no_output,nan,0.000,0,0.000,0.000,nan,0,nan,103.923,0,0.000,17.883,2.633,0.460,0.179,nan
1478,no_output,nan,0.000,0,0.000,0.000,nan,0,nan,125.221,0,0.000,18.076,1.495,0.384,0.179,nan
1479,no_output,nan,0.000,0,0.000,0.000,nan,0,nan,90.371,0,0.000,18.861,3.341,0.399,0.186,nan
1480,no_output,nan,0.000,0,0.000,0.000,nan,0,nan,118.342,0,0.000,18.075,1.377,0.437,0.171,nan
1481,no_output,nan,0.000,0,0.000,0.000,nan,0,nan,85.393,0,0.000,18.025,1.387,0.380,0.171,nan
1482,no_output,nan,0.000,0,0.000,0.000,nan,0,nan,97.490,0,0.000,17.858,1.239,0.445,0.171,nan
1483,no_output,nan,0.000,0,0.000,0.000,nan,0,nan,109.116,0,0.000,18.676,2.739,0.430,0.171,nan
1484,no_output,nan,0.000,0,0.000,0.000,nan,0,nan,110.125,0,0.000,18.002,1.368,0.437,0.171,nan
1485,no_output,nan,0.000,0,0.000,0.000,nan,0,nan,81.450,0,0.000,18.246,1.489,0.399,0.179,nan
1486,no_output,nan,0.000,0,0.000,0.000,nan,0,nan,82.587,0,0.000,18.152,1.740,0.433,0.171,nan
1487,no_output,nan,0.000,0,0.000,0.000,nan,0,nan,89.958,0,0.000,18.388,1.909,0.399,0.171,nan
1488,no_output,nan,0.000,0,0.000,0.000,nan,0,nan,116.566,0,0.000,18.205,1.745,0.426,0.179,nan
1489,no_output,nan,0.000,0,0.000,0.000,nan,0,nan,89.594,0,0.000,17.999,1.317,0.437,0.171,nan
1490,no_output,nan,0.000,0,0.000,0.000,nan,0,nan,80.237,0,0.000,18.201,1.863,0.452,0.183,nan
1491,no_output,nan,0.000,0,0.000,0.000,nan,0,nan,80.635,0,0.000,17.944,1.202,0.399,0.171,nan
1492,no_output,nan,0.000,0,0.000,0.000,nan,0,nan,119.951,0,0.000,17.972,1.444,0.388,0.171,nan
1493,no_output,nan,0.000,0,0.000,0.000,nan,0,nan,123.613,0,0.000,17.936,1.460,0.411,0.171,nan
1494,no_output,nan,0.000,0,0.000,0.000,nan,0,nan,87.202,0,0.000,18.033,1.458,0.411,0.171,nan
1495,no_output,nan,0.000,0,0.000,0.000,nan,0,nan,96.020,0,0.000,17.835,1.220,0.422,0.183,nan
1496,no_output,nan,0.000,0,0.000,0.000,nan,0,nan,128.662,0,0.000,18.103,1.555,0.433,0.186,nan
1497,no_output,nan,0.000,0,0.000,0.000,nan,0,nan,98.127,0,0.000,18.461,2.035,0.426,0.171,nan
1498,no_output,nan,0.000,0,0.000,0.000,nan,0,nan,87.838,0,0.000,17.959,1.468,0.441,0.175,nan
1499,no_output,nan,0.000,0,0.000,0.000,nan,0,nan,87.576,0,0.000,17.997,1.420,0.418,0.179,nan
1500,no_output,nan,0.000,0,0.000,0.000,nan,0,nan,116.277,0,0.000,17.911,1.284,0.449,0.179,nan
1501,no_output,nan,0.000,0,0.000,0.000,nan,0,nan,116.552,0,0.000,17.990,1.480,0.430,0.179,nan
1502,no_output,nan,0.000,0,0.000,0.000,nan,0,nan,79.341,0,0.000,18.321,1.566,0.426,0.167,nan
1503,no_output,nan,0.000,0,0.000,0.000,nan,0,nan,74.318,0,0.000,17.815,1.193,0.433,0.171,nan
1504,no_output,nan,0.000,0,0.000,0.000,nan,0,nan,100.622,0,0.000,18.110,2.161,0.380,0.163,nan
1505,no_output,nan,0.000,0,0.000,0.000,nan,0,nan,91.223,0,0.000,17.884,1.197,0.437,0.179,nan
1506,no_output,nan,0.000,0,0.000,0.000,nan,0,nan,95.964,0,0.000,18.114,1.456,0.422,0.183,nan
1507,no_output,nan,0.000,0,0.000,0.000,nan,0,nan,104.374,0,0.000,18.223,1.532,0.395,0.171,nan
1508,no_output,nan,0.000,0,0.000,0.000,nan,0,nan,101.602,0,0.000,17.821,1.299,0.392,0.190,nan
1509,no_output,nan,0.000,0,0.000,0.000,nan,0,nan,83.859,0,0.000,17.971,1.458,0.437,0.160,nan
1510,no_output,nan,0.000,0,0.000,0.000,nan,0,nan,83.690,0,0.000,18.042,1.831,0.456,0.183,nan
1511,no_output,nan,0.000,0,0.000,0.000,nan,0,nan,109.975,0,0.000,18.291,1.598,0.460,0.179,nan
1512,no_output,nan,0.000,0,0.000,0.000,nan,0,nan,116.209,0,0.000,19.046,5.694,0.403,0.156,nan
1513,no_output,nan,0.000,0,0.000,0.000,nan,0,nan,99.054,0,0.000,18.009,1.379,0.456,0.171,nan
1514,no_output,nan,0.000,0,0.000,0.000,nan,0,nan,92.024,0,0.000,17.884,1.592,0.384,0.179,nan
1515,no_output,nan,0.000,0,0.000,0.000,nan,0,nan,99.173,0,0.000,17.975,1.389,0.426,0.179,nan
1516,no_output,nan,0.000,0,0.000,0.000,nan,0,nan,94.506,0,0.000,18.142,1.378,0.430,0.186,nan
1517,no_output,nan,0.000,0,0.000,0.000,nan,0,nan,90.410,0,0.000,17.967,1.259,0.426,0.171,nan
1518,no_output,nan,0.000,0,0.000,0.000,nan,0,nan,121.789,0,0.000,18.203,1.604,0.437,0.179,nan
1519,no_output,nan,0.000,0,0.000,0.000,nan,0,nan,91.724,0,0.000,18.701,2.345,0.414,0.179,nan
1520,no_output,nan,0.000,0,0.000,0.000,nan,0,nan,115.187,0,0.000,18.175,1.612,0.433,0.179,nan
1521,no_output,nan,0.000,0,0.000,0.000,nan,0,nan,95.481,0,0.000,17.856,1.345,0.414,0.163,nan
1522,no_output,nan,0.000,0,0.000,0.000,nan,0,nan,126.963,0,0.000,17.853,1.371,0.403,0.163,nan
1523,no_output,nan,0.000,0,0.000,0.000,nan,0,nan,103.327,0,0.000,17.949,1.346,0.460,0.179,nan
1524,no_output,nan,0.000,0,0.000,0.000,nan,0,nan,155.786,0,0.000,17.950,1.244,0.437,0.163,nan
1525,no_output,nan,0.000,0,0.000,0.000,nan,0,nan,101.482,0,0.000,18.038,1.473,0.468,0.175,nan
1526,no_output,nan,0.000,0,0.000,0.000,nan,0,nan,113.401,0,0.000,18.202,1.493,0.388,0.156,nan
1527,no_output,nan,0.000,0,0.000,0.000,nan,0,nan,108.890,0,0.000,17.961,1.345,0.430,0.171,nan
1528,no_output,nan,0.000,0,0.000,0.000,nan,0,nan,93.917,0,0.000,18.221,1.420,0.441,0.179,nan
1529,no_output,nan,0.000,0,0.000,0.000,nan,0,nan,62.614,0,0.000,17.922,1.211,0.433,0.179,nan
1530,no_output,nan,0.000,0,0.000,0.000,nan,0,nan,79.930,0,0.000,18.042,1.349,0.449,0.171,nan
1531,no_output,nan,0.000,0,0.000,0.000,nan,0,nan,89.896,0,0.000,17.944,1.089,0.414,0.186,nan
1532,no_output,nan,0.000,0,0.000,0.000,nan,0,nan,93.468,0,0.000,18.008,1.306,0.407,0.179,nan
1533,no_output,nan,0.000,0,0.000,0.000,nan,0,nan,92.653,0,0.000,17.749,1.514,0.411,0.171,nan
1534,no_output,nan,0.000,0,0.000,0.000,nan,0,nan,79.102,0,0.000,17.969,1.181,0.411,0.179,nan
1535,no_output,nan,0.000,0,0.000,0.000,nan,0,nan,91.747,0,0.000,17.998,1.698,0.433,0.175,nan
1536,no_output,nan,0.000,0,0.000,0.000,nan,0,nan,80.591,0,0.000,18.103,1.345,0.430,0.171,nan
1537,no_output,nan,0.000,0,0.000,0.000,nan,0,nan,84.532,0,0.000,18.427,2.005,0.395,0.179,nan
1538,no_output,nan,0.000,0,0.000,0.000,nan,0,nan,120.457,0,0.000,17.989,1.196,0.430,0.171,nan
1539,no_output,nan,0.000,0,0.000,0.000,nan,0,nan,90.882,0,0.000,18.317,1.718,0.392,0.156,nan
1540,no_output,nan,0.000,0,0.000,0.000,nan,0,nan,88.778,0,0.000,17.933,1.228,0.441,0.179,nan
1541,no_output,nan,0.000,0,0.000,0.000,nan,0,nan,96.032,0,0.000,18.257,1.685,0.418,0.171,nan
1542,no_output,nan,0.000,0,0.000,0.000,nan,0,nan,98.567,0,0.000,18.010,1.165,0.411,0.186,nan
1543,no_output,nan,0.000,0,0.000,0.000,nan,0,nan,96.946,0,0.000,18.139,1.615,0.449,0.171,nan
1544,no_output,nan,0.000,0,0.000,0.000,nan,0,nan,63.916,0,0.000,18.215,1.333,0.464,0.183,nan
1545,no_output,nan,0.000,0,0.000,0.000,nan,0,nan,119.873,0,0.000,17.901,1.165,0.430,0.163,nan
1546,no_output,nan,0.000,0,0.000,0.000,nan,0,nan,127.188,0,0.000,18.093,1.584,0.418,0.179,nan
1547,no_output,nan,0.000,0,0.000,0.000,nan,0,nan,91.734,0,0.000,17.994,1.496,0.395,0.175,nan
1548,no_output,nan,0.000,0,0.000,0.000,nan,0,nan,101.152,0,0.000,18.002,1.309,0.437,0.152,nan
1549,no_output,nan,0.000,0,0.000,0.000,nan,0,nan,101.763,0,0.000,17.818,1.157,0.437,0.183,nan
1550,no_output,nan,0.000,0,0.000,0.000,nan,0,nan,147.392,0,0.000,18.035,1.792,0.403,0.148,nan
1551,no_output,nan,0.000,0,0.000,0.000,nan,0,nan,92.460,0,0.000,17.907,1.262,0.422,0.183,nan
1552,no_output,nan,0.000,0,0.000,0.000,nan,0,nan,97.744,0,0.000,17.894,1.414,0.433,0.194,nan
1553,no_output,nan,0.000,0,0.000,0.000,nan,0,nan,106.580,0,0.000,18.056,1.249,0.426,0.179,nan
1554,no_output,nan,0.000,0,0.000,0.000,nan,0,nan,101.897,0,0.000,17.888,1.432,0.445,0.179,nan
1555,no_output,nan,0.000,0,0.000,0.000,nan,0,nan,115.291,0,0.000,18.025,1.305,0.475,0.171,nan
1556,no_output,nan,0.000,0,0.000,0.000,nan,0,nan,116.890,0,0.000,18.085,1.452,0.407,0.171,nan
1557,no_output,nan,0.000,0,0.000,0.000,nan,0,nan,92.803,0,0.000,18.613,2.325,0.430,0.171,nan
1558,no_output,nan,0.000,0,0.000,0.000,nan,0,nan,94.948,0,0.000,18.073,1.487,0.380,0.163,nan
1559,no_output,nan,0.000,0,0.000,0.000,nan,0,nan,118.513,0,0.000,17.880,1.406,0.430,0.179,nan
1560,no_output,nan,0.000,0,0.000,0.000,nan,0,nan,117.939,0,0.000,18.082,1.385,0.426,0.186,nan
1561,no_output,nan,0.000,0,0.000,0.000,nan,0,nan,103.048,0,0.000,18.029,1.578,0.384,0.171,nan
1562,no_output,nan,0.000,0,0.000,0.000,nan,0,nan,80.360,0,0.000,17.929,1.536,0.430,0.167,nan
1563,no_output,nan,0.000,0,0.000,0.000,nan,0,nan,100.401,0,0.000,18.035,1.349,0.441,0.179,nan
1564,no_output,nan,0.000,0,0.000,0.000,nan,0,nan,111.334,0,0.000,17.936,1.407,0.433,0.190,nan
1565,no_output,nan,0.000,0,0.000,0.000,nan,0,nan,110.769,0,0.000,17.873,1.090,0.422,0.171,nan
1566,no_output,nan,0.000,0,0.000,0.000,nan,0,nan,106.201,0,0.000,17.884,1.226,0.418,0.175,nan
1567,no_output,nan,0.000,0,0.000,0.000,nan,0,nan,104.546,0,0.000,18.122,1.675,0.441,0.167,nan
1568,no_output,nan,0.000,0,0.000,0.000,nan,0,nan,93.630,0,0.000,18.018,1.520,0.426,0.171,nan
1569,no_output,nan,0.000,0,0.000,0.000,nan,0,nan,108.035,0,0.000,18.163,1.559,0.395,0.171,nan
1570,no_output,nan,0.000,0,0.000,0.000,nan,0,nan,118.970,0,0.000,18.558,1.929,0.376,0.171,nan
1571,no_output,nan,0.000,0,0.000,0.000,nan,0,nan,77.297,0,0.000,18.337,1.756,0.418,0.179,nan
1572,no_output,nan,0.000,0,0.000,0.000,nan,0,nan,76.416,0,0.000,17.897,1.338,0.430,0.171,nan
1573,no_output,nan,0.000,0,0.000,0.000,nan,0,nan,125.214,0,0.000,18.365,1.582,0.449,0.171,nan
1574,no_output,nan,0.000,0,0.000,0.000,nan,0,nan,119.727,0,0.000,18.171,1.562,0.433,0.160,nan
1575,no_output,nan,0.000,0,0.000,0.000,nan,0,nan,87.121,0,0.000,18.091,1.401,0.464,0.183,nan
1576,no_output,nan,0.000,0,0.000,0.000,nan,0,nan,106.526,0,0.000,18.035,1.397,0.414,0.186,nan
1577,no_output,nan,0.000,0,0.000,0.000,nan,0,nan,119.172,0,0.000,18.108,1.623,0.407,0.171,nan
1578,no_output,nan,0.000,0,0.000,0.000,nan,0,nan,139.152,0,0.000,17.944,1.224,0.422,0.179,nan
1579,no_output,nan,0.000,0,0.000,0.000,nan,0,nan,107.211,0,0.000,17.827,1.435,0.411,0.183,nan
1580,no_output,nan,0.000,0,0.000,0.000,nan,0,nan,107.067,0,0.000,18.891,3.241,0.388,0.179,nan
1581,no_output,nan,0.000,0,0.000,0.000,nan,0,nan,107.559,0,0.000,17.909,1.331,0.380,0.179,nan
1582,no_output,nan,0.000,0,0.000,0.000,nan,0,nan,129.314,0,0.000,18.354,1.642,0.437,0.171,nan
1583,no_output,nan,0.000,0,0.000,0.000,nan,0,nan,88.243,0,0.000,17.955,1.653,0.403,0.167,nan
1584,no_output,nan,0.000,0,0.000,0.000,nan,0,nan,86.404,0,0.000,18.155,1.426,0.426,0.179,nan
1585,no_output,nan,0.000,0,0.000,0.000,nan,0,nan,70.439,0,0.000,17.984,1.308,0.426,0.171,nan
1586,no_output,nan,0.000,0,0.000,0.000,nan,0,nan,97.340,0,0.000,17.831,1.308,0.395,0.179,nan
1587,no_output,nan,0.000,0,0.000,0.000,nan,0,nan,117.867,0,0.000,18.046,1.238,0.407,0.171,nan
1588,no_output,nan,0.000,0,0.000,0.000,nan,0,nan,101.188,0,0.000,17.994,1.256,0.414,0.186,nan
1589,no_output,nan,0.000,0,0.000,0.000,nan,0,nan,105.713,0,0.000,18.044,1.264,0.441,0.171,nan
1590,no_output,nan,0.000,0,0.000,0.000,nan,0,nan,100.218,0,0.000,17.887,1.258,0.414,0.163,nan
1591,no_output,nan,0.000,0,0.000,0.000,nan,0,nan,90.194,0,0.000,17.911,1.237,0.449,0.183,nan
1592,no_output,nan,0.000,0,0.000,0.000,nan,0,nan,148.568,0,0.000,18.016,1.454,0.441,0.175,nan
1593,no_output,nan,0.000,0,0.000,0.000,nan,0,nan,96.368,0,0.000,17.956,1.341,0.418,0.163,nan
1594,no_output,nan,0.000,0,0.000,0.000,nan,0,nan,99.007,0,0.000,18.113,1.317,0.399,0.179,nan
1595,no_output,nan,0.000,0,0.000,0.000,nan,0,nan,82.245,0,0.000,17.892,1.286,0.437,0.171,nan
1596,no_output,nan,0.000,0,0.000,0.000,nan,0,nan,99.922,0,0.000,18.210,1.604,0.441,0.179,nan
1597,no_output,nan,0.000,0,0.000,0.000,nan,0,nan,94.946,0,0.000,18.113,1.802,0.426,0.156,nan
1598,no_output,nan,0.000,0,0.000,0.000,nan,0,nan,93.379,0,0.000,17.909,1.300,0.414,0.167,nan
1599,no_output,nan,0.000,0,0.000,0.000,nan,0,nan,112.016,0,0.000,17.958,1.298,0.449,0.171,nan
1600,no_output,nan,0.000,0,0.000,0.000,nan,0,nan,105.158,0,0.000,17.982,1.184,0.460,0.171,nan
1601,no_output,nan,0.000,0,0.000,0.000,nan,0,nan,99.871,0,0.000,18.132,1.811,0.388,0.179,nan
1602,no_output,nan,0.000,0,0.000,0.000,nan,0,nan,99.468,0,0.000,17.941,1.340,0.441,0.179,nan
1603,no_output,nan,0.000,0,0.000,0.000,nan,0,nan,98.466,0,0.000,18.484,2.136,0.430,0.175,nan
1604,no_output,nan,0.000,0,0.000,0.000,nan,0,nan,92.507,0,0.000,17.920,1.298,0.433,0.175,nan
1605,no_output,nan,0.000,0,0.000,0.000,nan,0,nan,162.970,0,0.000,17.987,1.284,0.411,0.167,nan
1606,no_output,nan,0.000,0,0.000,0.000,nan,0,nan,72.546,0,0.000,18.172,1.540,0.430,0.186,nan
1607,no_output,nan,0.000,0,0.000,0.000,nan,0,nan,100.710,0,0.000,17.896,1.231,0.441,0.167,nan
1608,no_output,nan,0.000,0,0.000,0.000,nan,0,nan,79.596,0,0.000,18.016,1.366,0.388,0.171,nan
1609,no_output,nan,0.000,0,0.000,0.000,nan,0,nan,93.192,0,0.000,18.107,1.699,0.414,0.163,nan
1610,no_output,nan,0.000,0,0.000,0.000,nan,0,nan,89.865,0,0.000,18.025,2.115,0.430,0.186,nan
1611,no_output,nan,0.000,0,0.000,0.000,nan,0,nan,72.731,0,0.000,18.189,1.569,0.452,0.175,nan
1612,no_output,nan,0.000,0,0.000,0.000,nan,0,nan,102.270,0,0.000,17.976,1.282,0.414,0.175,nan
1613,no_output,nan,0.000,0,0.000,0.000,nan,0,nan,101.677,0,0.000,18.286,1.963,0.407,0.183,nan
1614,no_output,nan,0.000,0,0.000,0.000,nan,0,nan,90.686,0,0.000,17.956,1.511,0.411,0.171,nan
1615,no_output,nan,0.000,0,0.000,0.000,nan,0,nan,107.254,0,0.000,18.310,1.438,0.433,0.179,nan
1616,no_output,nan,0.000,0,0.000,0.000,nan,0,nan,89.720,0,0.000,17.876,1.295,0.426,0.183,nan
1617,no_output,nan,0.000,0,0.000,0.000,nan,0,nan,110.571,0,0.000,18.137,1.286,0.430,0.163,nan
1618,no_output,nan,0.000,0,0.000,0.000,nan,0,nan,110.781,0,0.000,17.992,1.629,0.430,0.171,nan
1619,no_output,nan,0.000,0,0.000,0.000,nan,0,nan,69.110,0,0.000,17.957,1.501,0.430,0.171,nan
1620,no_output,nan,0.000,0,0.000,0.000,nan,0,nan,88.720,0,0.000,18.190,1.423,0.407,0.171,nan
1621,no_output,nan,0.000,0,0.000,0.000,nan,0,nan,101.261,0,0.000,17.985,1.212,0.422,0.160,nan
1622,no_output,nan,0.000,0,0.000,0.000,nan,0,nan,83.107,0,0.000,18.007,1.433,0.422,0.171,nan
1623,no_output,nan,0.000,0,0.000,0.000,nan,0,nan,96.178,0,0.000,17.961,1.508,0.395,0.171,nan
1624,no_output,nan,0.000,0,0.000,0.000,nan,0,nan,113.680,0,0.000,18.126,1.767,0.433,0.179,nan
1625,no_output,nan,0.000,0,0.000,0.000,nan,0,nan,120.022,0,0.000,18.197,1.649,0.395,0.179,nan
1626,no_output,nan,0.000,0,0.000,0.000,nan,0,nan,112.220,0,0.000,17.831,1.596,0.418,0.179,nan
1627,no_output,nan,0.000,0,0.000,0.000,nan,0,nan,111.520,0,0.000,17.910,1.372,0.411,0.175,nan
1628,no_output,nan,0.000,0,0.000,0.000,nan,0,nan,98.502,0,0.000,18.128,1.455,0.411,0.167,nan
1629,no_output,nan,0.000,0,0.000,0.000,nan,0,nan,108.582,0,0.000,18.091,1.729,0.433,0.179,nan
1630,no_output,nan,0.000,0,0.000,0.000,nan,0,nan,102.110,0,0.000,17.689,1.390,0.403,0.179,nan
1631,no_output,nan,0.000,0,0.000,0.000,nan,0,nan,113.776,0,0.000,18.242,1.585,0.433,0.156,nan
1632,no_output,nan,0.000,0,0.000,0.000,nan,0,nan,108.190,0,0.000,18.135,1.247,0.422,0.179,nan
1633,no_output,nan,0.000,0,0.000,0.000,nan,0,nan,110.223,0,0.000,18.363,1.983,0.422,0.186,nan
1634,no_output,nan,0.000,0,0.000,0.000,nan,0,nan,82.522,0,0.000,17.810,1.277,0.452,0.167,nan
1635,no_output,nan,0.000,0,0.000,0.000,nan,0,nan,92.999,0,0.000,18.063,1.408,0.384,0.179,nan
1636,no_output,nan,0.000,0,0.000,0.000,nan,0,nan,105.488,0,0.000,17.966,1.197,0.452,0.160,nan
1637,no_output,nan,0.000,0,0.000,0.000,nan,0,nan,81.303,0,0.000,17.878,1.392,0.422,0.171,nan
1638,no_output,nan,0.000,0,0.000,0.000,nan,0,nan,84.723,0,0.000,17.946,1.300,0.388,0.179,nan
1639,no_output,nan,0.000,0,0.000,0.000,nan,0,nan,88.545,0,0.000,18.073,2.472,0.422,0.179,nan
1640,no_output,nan,0.000,0,0.000,0.000,nan,0,nan,107.178,0,0.000,17.881,1.275,0.430,0.171,nan
1641,no_output,nan,0.000,0,0.000,0.000,nan,0,nan,68.832,0,0.000,17.909,1.260,0.414,0.183,nan
1642,no_output,nan,0.000,0,0.000,0.000,nan,0,nan,64.128,0,0.000,18.186,1.623,0.437,0.179,nan
1643,no_output,nan,0.000,0,0.000,0.000,nan,0,nan,102.067,0,0.000,18.140,1.407,0.399,0.179,nan
1644,no_output,nan,0.000,0,0.000,0.000,nan,0,nan,122.385,0,0.000,17.869,1.450,0.426,0.175,nan
1645,no_output,nan,0.000,0,0.000,0.000,nan,0,nan,96.657,0,0.000,17.912,1.544,0.414,0.179,nan
1646,no_output,nan,0.000,0,0.000,0.000,nan,0,nan,102.276,0,0.000,17.900,1.365,0.426,0.179,nan
1647,no_output,nan,0.000,0,0.000,0.000,nan,0,nan,104.437,0,0.000,17.967,1.269,0.449,0.183,nan
1648,no_output,nan,0.000,0,0.000,0.000,nan,0,nan,79.866,0,0.000,17.906,1.374,0.399,0.171,nan
1649,no_output,nan,0.000,0,0.000,0.000,nan,0,nan,96.230,0,0.000,17.985,1.288,0.430,0.160,nan
1650,no_output,nan,0.000,0,0.000,0.000,nan,0,nan,82.577,0,0.000,17.930,1.534,0.422,0.163,nan
1651,no_output,nan,0.000,0,0.000,0.000,nan,0,nan,119.168,0,0.000,18.231,1.755,0.433,0.179,nan
1652,no_output,nan,0.000,0,0.000,0.000,nan,0,nan,107.048,0,0.000,17.863,1.376,0.430,0.152,nan
1653,no_output,nan,0.000,0,0.000,0.000,nan,0,nan,110.144,0,0.000,17.886,1.421,0.437,0.179,nan
1654,no_output,nan,0.000,0,0.000,0.000,nan,0,nan,92.916,0,0.000,17.902,1.432,0.414,0.160,nan
1655,no_output,nan,0.000,0,0.000,0.000,nan,0,nan,68.219,0,0.000,18.157,1.381,0.437,0.171,nan
1656,no_output,nan,0.000,0,0.000,0.000,nan,0,nan,93.520,0,0.000,17.955,1.256,0.437,0.160,nan
1657,no_output,nan,0.000,0,0.000,0.000,nan,0,nan,94.814,0,0.000,17.843,1.722,0.418,0.175,nan
1658,no_output,nan,0.000,0,0.000,0.000,nan,0,nan,76.654,0,0.000,17.854,1.326,0.426,0.171,nan
1659,no_output,nan,0.000,0,0.000,0.000,nan,0,nan,92.867,0,0.000,18.024,1.575,0.449,0.171,nan
1660,no_output,nan,0.000,0,0.000,0.000,nan,0,nan,70.146,0,0.000,18.302,1.711,0.445,0.179,nan
1661,no_output,nan,0.000,0,0.000,0.000,nan,0,nan,85.789,0,0.000,18.257,1.475,0.395,0.163,nan
1662,no_output,nan,0.000,0,0.000,0.000,nan,0,nan,98.618,0,0.000,17.744,1.232,0.430,0.179,nan
1663,no_output,nan,0.000,0,0.000,0.000,nan,0,nan,81.863,0,0.000,18.210,2.561,0.399,0.190,nan
1664,no_output,nan,0.000,0,0.000,0.000,nan,0,nan,96.417,0,0.000,18.044,1.523,0.430,0.175,nan
1665,no_output,nan,0.000,0,0.000,0.000,nan,0,nan,120.130,0,0.000,18.063,1.553,0.403,0.171,nan
1666,no_output,nan,0.000,0,0.000,0.000,nan,0,nan,106.788,0,0.000,17.940,1.507,0.441,0.163,nan
1667,no_output,nan,0.000,0,0.000,0.000,nan,0,nan,134.733,0,0.000,18.329,2.124,0.426,0.171,nan
1668,no_output,nan,0.000,0,0.000,0.000,nan,0,nan,97.054,0,0.000,17.948,1.258,0.407,0.171,nan
1669,no_output,nan,0.000,0,0.000,0.000,nan,0,nan,98.999,0,0.000,18.135,1.547,0.422,0.179,nan
1670,no_output,nan,0.000,0,0.000,0.000,nan,0,nan,106.367,0,0.000,17.934,1.253,0.418,0.160,nan
1671,no_output,nan,0.000,0,0.000,0.000,nan,0,nan,117.547,0,0.000,18.016,1.249,0.411,0.175,nan
1672,no_output,nan,0.000,0,0.000,0.000,nan,0,nan,73.875,0,0.000,17.961,1.252,0.456,0.171,nan
1673,no_output,nan,0.000,0,0.000,0.000,nan,0,nan,99.505,0,0.000,18.029,1.388,0.437,0.167,nan
1674,no_output,nan,0.000,0,0.000,0.000,nan,0,nan,86.371,0,0.000,18.216,1.735,0.445,0.171,nan
1675,no_output,nan,0.000,0,0.000,0.000,nan,0,nan,99.729,0,0.000,18.239,1.694,0.445,0.179,nan
1676,no_output,nan,0.000,0,0.000,0.000,nan,0,nan,94.789,0,0.000,18.024,1.424,0.388,0.179,nan
1677,no_output,nan,0.000,0,0.000,0.000,nan,0,nan,133.287,0,0.000,18.295,1.740,0.418,0.190,nan
1678,no_output,nan,0.000,0,0.000,0.000,nan,0,nan,81.938,0,0.000,17.976,1.309,0.433,0.160,nan
1679,no_output,nan,0.000,0,0.000,0.000,nan,0,nan,83.191,0,0.000,18.056,1.441,0.445,0.171,nan
1680,no_output,nan,0.000,0,0.000,0.000,nan,0,nan,84.048,0,0.000,17.923,1.431,0.426,0.171,nan
1681,no_output,nan,0.000,0,0.000,0.000,nan,0,nan,125.792,0,0.000,17.966,1.678,0.452,0.171,nan
1682,no_output,nan,0.000,0,0.000,0.000,nan,0,nan,92.557,0,0.000,18.090,1.505,0.433,0.171,nan
1683,no_output,nan,0.000,0,0.000,0.000,nan,0,nan,98.612,0,0.000,17.788,1.487,0.411,0.160,nan
1684,no_output,nan,0.000,0,0.000,0.000,nan,0,nan,105.229,0,0.000,18.133,1.289,0.430,0.179,nan
1685,no_output,nan,0.000,0,0.000,0.000,nan,0,nan,84.957,0,0.000,18.511,2.112,0.437,0.171,nan
1686,no_output,nan,0.000,0,0.000,0.000,nan,0,nan,97.237,0,0.000,17.962,1.361,0.422,0.171,nan
1687,no_output,nan,0.000,0,0.000,0.000,nan,0,nan,122.940,0,0.000,18.202,1.311,0.411,0.171,nan
1688,no_output,nan,0.000,0,0.000,0.000,nan,0,nan,91.148,0,0.000,17.983,1.531,0.430,0.171,nan
1689,no_output,nan,0.000,0,0.000,0.000,nan,0,nan,90.328,0,0.000,18.125,1.361,0.392,0.186,nan
1690,no_output,nan,0.000,0,0.000,0.000,nan,0,nan,83.243,0,0.000,18.453,1.800,0.414,0.171,nan
1691,no_output,nan,0.000,0,0.000,0.000,nan,0,nan,70.121,0,0.000,17.839,1.209,0.441,0.179,nan
1692,no_output,nan,0.000,0,0.000,0.000,nan,0,nan,126.575,0,0.000,17.837,1.484,0.422,0.186,nan
1693,no_output,nan,0.000,0,0.000,0.000,nan,0,nan,111.231,0,0.000,18.381,2.471,0.388,0.183,nan
1694,no_output,nan,0.000,0,0.000,0.000,nan,0,nan,100.211,0,0.000,17.892,1.268,0.437,0.167,nan
1695,no_output,nan,0.000,0,0.000,0.000,nan,0,nan,131.780,0,0.000,18.111,1.306,0.418,0.179,nan
1696,no_output,nan,0.000,0,0.000,0.000,nan,0,nan,96.305,0,0.000,17.852,1.364,0.407,0.179,nan
1697,no_output,nan,0.000,0,0.000,0.000,nan,0,nan,99.366,0,0.000,17.848,1.148,0.433,0.179,nan
1698,no_output,nan,0.000,0,0.000,0.000,nan,0,nan,107.130,0,0.000,18.100,1.558,0.437,0.175,nan
1699,no_output,nan,0.000,0,0.000,0.000,nan,0,nan,79.255,0,0.000,18.026,1.346,0.441,0.179,nan
1700,no_output,nan,0.000,0,0.000,0.000,nan,0,nan,118.424,0,0.000,18.206,1.733,0.456,0.167,nan
1701,no_output,nan,0.000,0,0.000,0.000,nan,0,nan,111.088,0,0.000,17.935,1.569,0.422,0.163,nan
1702,no_output,nan,0.000,0,0.000,0.000,nan,0,nan,72.500,0,0.000,17.951,1.285,0.426,0.167,nan
1703,no_output,nan,0.000,0,0.000,0.000,nan,0,nan,95.358,0,0.000,18.176,1.730,0.430,0.163,nan
1704,no_output,nan,0.000,0,0.000,0.000,nan,0,nan,69.923,0,0.000,18.055,1.507,0.395,0.171,nan
1705,no_output,nan,0.000,0,0.000,0.000,nan,0,nan,122.558,0,0.000,17.808,1.438,0.449,0.179,nan
1706,no_output,nan,0.000,0,0.000,0.000,nan,0,nan,100.694,0,0.000,18.443,2.442,0.388,0.186,nan
1707,no_output,nan,0.000,0,0.000,0.000,nan,0,nan,87.167,0,0.000,18.051,1.785,0.418,0.175,nan
1708,no_output,nan,0.000,0,0.000,0.000,nan,0,nan,102.996,0,0.000,18.190,1.590,0.426,0.183,nan
1709,no_output,nan,0.000,0,0.000,0.000,nan,0,nan,125.372,0,0.000,18.371,1.800,0.418,0.160,nan
1710,no_output,nan,0.000,0,0.000,0.000,nan,0,nan,83.237,0,0.000,18.037,1.300,0.441,0.171,nan
1711,no_output,nan,0.000,0,0.000,0.000,nan,0,nan,88.526,0,0.000,18.186,1.549,0.407,0.171,nan
1712,no_output,nan,0.000,0,0.000,0.000,nan,0,nan,118.053,0,0.000,17.923,1.487,0.433,0.179,nan
1713,no_output,nan,0.000,0,0.000,0.000,nan,0,nan,88.973,0,0.000,17.891,1.164,0.411,0.171,nan
1714,no_output,nan,0.000,0,0.000,0.000,nan,0,nan,98.097,0,0.000,18.155,1.473,0.414,0.179,nan
1715,no_output,nan,0.000,0,0.000,0.000,nan,0,nan,74.023,0,0.000,18.239,1.563,0.437,0.171,nan
1716,no_output,nan,0.000,0,0.000,0.000,nan,0,nan,115.376,0,0.000,18.326,1.743,0.399,0.175,nan
1717,no_output,nan,0.000,0,0.000,0.000,nan,0,nan,94.255,0,0.000,18.160,2.120,0.414,0.175,nan
1718,no_output,nan,0.000,0,0.000,0.000,nan,0,nan,79.730,0,0.000,18.048,1.297,0.456,0.171,nan
1719,no_output,nan,0.000,0,0.000,0.000,nan,0,nan,123.888,0,0.000,17.847,1.246,0.430,0.167,nan
1720,no_output,nan,0.000,0,0.000,0.000,nan,0,nan,109.949,0,0.000,17.901,1.270,0.449,0.156,nan
1721,no_output,nan,0.000,0,0.000,0.000,nan,0,nan,90.352,0,0.000,17.748,1.266,0.449,0.183,nan
1722,no_output,nan,0.000,0,0.000,0.000,nan,0,nan,71.958,0,0.000,17.990,1.376,0.433,0.171,nan
1723,no_output,nan,0.000,0,0.000,0.000,nan,0,nan,84.228,0,0.000,18.195,1.631,0.437,0.175,nan
1724,no_output,nan,0.000,0,0.000,0.000,nan,0,nan,99.679,0,0.000,17.803,1.184,0.418,0.179,nan
1725,no_output,nan,0.000,0,0.000,0.000,nan,0,nan,91.786,0,0.000,18.237,1.703,0.407,0.160,nan
1726,no_output,nan,0.000,0,0.000,0.000,nan,0,nan,105.456,0,0.000,17.854,1.393,0.373,0.179,nan
1727,no_output,nan,0.000,0,0.000,0.000,nan,0,nan,109.271,0,0.000,18.047,1.313,0.422,0.171,nan
1728,no_output,nan,0.000,0,0.000,0.000,nan,0,nan,91.365,0,0.000,18.375,1.714,0.437,0.163,nan
1729,no_output,nan,0.000,0,0.000,0.000,nan,0,nan,116.794,0,0.000,18.150,1.314,0.395,0.179,nan
1730,no_output,nan,0.000,0,0.000,0.000,nan,0,nan,106.677,0,0.000,17.898,1.301,0.430,0.171,nan
1731,no_output,nan,0.000,0,0.000,0.000,nan,0,nan,79.765,0,0.000,18.230,1.631,0.441,0.152,nan
1732,no_output,nan,0.000,0,0.000,0.000,nan,0,nan,79.759,0,0.000,17.739,1.474,0.441,0.171,nan
1733,no_output,nan,0.000,0,0.000,0.000,nan,0,nan,87.582,0,0.000,18.047,1.323,0.464,0.171,nan
1734,no_output,nan,0.000,0,0.000,0.000,nan,0,nan,118.397,0,0.000,18.168,1.535,0.414,0.171,nan
1735,no_output,nan,0.000,0,0.000,0.000,nan,0,nan,72.580,0,0.000,18.275,1.781,0.411,0.171,nan
1736,no_output,nan,0.000,0,0.000,0.000,nan,0,nan,118.047,0,0.000,18.073,1.436,0.407,0.179,nan
1737,no_output,nan,0.000,0,0.000,0.000,nan,0,nan,84.462,0,0.000,17.875,1.480,0.418,0.179,nan
1738,no_output,nan,0.000,0,0.000,0.000,nan,0,nan,86.584,0,0.000,18.121,1.469,0.441,0.171,nan
1739,no_output,nan,0.000,0,0.000,0.000,nan,0,nan,112.762,0,0.000,18.504,2.196,0.418,0.179,nan
1740,no_output,nan,0.000,0,0.000,0.000,nan,0,nan,114.162,0,0.000,18.171,1.526,0.399,0.171,nan
1741,no_output,nan,0.000,0,0.000,0.000,nan,0,nan,92.413,0,0.000,18.039,1.365,0.418,0.179,nan
1742,no_output,nan,0.000,0,0.000,0.000,nan,0,nan,125.478,0,0.000,18.257,1.670,0.430,0.179,nan
1743,no_output,nan,0.000,0,0.000,0.000,nan,0,nan,110.189,0,0.000,18.078,1.485,0.392,0.171,nan
1744,no_output,nan,0.000,0,0.000,0.000,nan,0,nan,96.657,0,0.000,17.827,1.236,0.441,0.163,nan
1745,no_output,nan,0.000,0,0.000,0.000,nan,0,nan,135.929,0,0.000,17.824,1.474,0.426,0.175,nan
1746,no_output,nan,0.000,0,0.000,0.000,nan,0,nan,111.810,0,0.000,18.033,1.332,0.392,0.179,nan
1747,no_output,nan,0.000,0,0.000,0.000,nan,0,nan,106.821,0,0.000,18.072,1.621,0.441,0.179,nan
1748,no_output,nan,0.000,0,0.000,0.000,nan,0,nan,91.783,0,0.000,17.845,1.534,0.426,0.179,nan
1749,no_output,nan,0.000,0,0.000,0.000,nan,0,nan,93.168,0,0.000,18.032,1.450,0.452,0.171,nan
1750,no_output,nan,0.000,0,0.000,0.000,nan,0,nan,95.968,0,0.000,18.021,1.387,0.407,0.163,nan
1751,no_output,nan,0.000,0,0.000,0.000,nan,0,nan,94.550,0,0.000,17.849,1.330,0.441,0.171,nan
1752,no_output,nan,0.000,0,0.000,0.000,nan,0,nan,94.250,0,0.000,18.006,1.450,0.437,0.179,nan
1753,no_output,nan,0.000,0,0.000,0.000,nan,0,nan,121.231,0,0.000,18.006,1.442,0.437,0.163,nan
1754,no_output,nan,0.000,0,0.000,0.000,nan,0,nan,137.235,0,0.000,18.346,1.909,0.422,0.179,nan
1755,no_output,nan,0.000,0,0.000,0.000,nan,0,nan,113.083,0,0.000,18.079,1.416,0.433,0.171,nan
1756,no_output,nan,0.000,0,0.000,0.000,nan,0,nan,85.065,0,0.000,18.035,1.597,0.445,0.163,nan
1757,no_output,nan,0.000,0,0.000,0.000,nan,0,nan,78.864,0,0.000,17.916,1.334,0.452,0.183,nan
1758,no_output,nan,0.000,0,0.000,0.000,nan,0,nan,48.484,0,0.000,17.866,1.703,0.422,0.163,nan
1759,no_output,nan,0.000,0,0.000,0.000,nan,0,nan,86.053,0,0.000,18.022,1.390,0.395,0.171,nan
1760,no_output,nan,0.000,0,0.000,0.000,nan,0,nan,86.334,0,0.000,18.141,2.119,0.437,0.171,nan
1761,no_output,nan,0.000,0,0.000,0.000,nan,0,nan,97.470,0,0.000,17.866,1.362,0.445,0.175,nan
1762,no_output,nan,0.000,0,0.000,0.000,nan,0,nan,87.241,0,0.000,17.870,1.303,0.422,0.175,nan
1763,no_output,nan,0.000,0,0.000,0.000,nan,0,nan,93.277,0,0.000,17.775,1.132,0.456,0.171,nan
1764,no_output,nan,0.000,0,0.000,0.000,nan,0,nan,104.575,0,0.000,18.012,1.504,0.430,0.167,nan
1765,no_output,nan,0.000,0,0.000,0.000,nan,0,nan,109.819,0,0.000,18.022,1.197,0.433,0.179,nan
1766,no_output,nan,0.000,0,0.000,0.000,nan,0,nan,84.538,0,0.000,18.064,1.642,0.418,0.179,nan
1767,no_output,nan,0.000,0,0.000,0.000,nan,0,nan,102.696,0,0.000,17.931,1.368,0.411,0.175,nan
1768,no_output,nan,0.000,0,0.000,0.000,nan,0,nan,108.582,0,0.000,18.166,1.664,0.418,0.179,nan
1769,no_output,nan,0.000,0,0.000,0.000,nan,0,nan,97.424,0,0.000,18.252,1.651,0.437,0.171,nan
1770,no_output,nan,0.000,0,0.000,0.000,nan,0,nan,143.744,0,0.000,18.189,1.397,0.399,0.156,nan
1771,no_output,nan,0.000,0,0.000,0.000,nan,0,nan,77.389,0,0.000,17.856,1.102,0.411,0.179,nan
1772,no_output,nan,0.000,0,0.000,0.000,nan,0,nan,134.396,0,0.000,17.910,1.256,0.464,0.171,nan
1773,no_output,nan,0.000,0,0.000,0.000,nan,0,nan,93.912,0,0.000,17.987,1.319,0.449,0.171,nan
1774,no_output,nan,0.000,0,0.000,0.000,nan,0,nan,118.341,0,0.000,18.073,1.485,0.437,0.171,nan
1775,no_output,nan,0.000,0,0.000,0.000,nan,0,nan,106.079,0,0.000,17.954,1.209,0.433,0.163,nan
1776,no_output,nan,0.000,0,0.000,0.000,nan,0,nan,90.977,0,0.000,18.055,1.374,0.414,0.175,nan
1777,no_output,nan,0.000,0,0.000,0.000,nan,0,nan,102.707,0,0.000,18.074,1.474,0.452,0.163,nan
1778,no_output,nan,0.000,0,0.000,0.000,nan,0,nan,132.654,0,0.000,19.360,5.001,0.395,0.183,nan
1779,no_output,nan,0.000,0,0.000,0.000,nan,0,nan,115.891,0,0.000,17.935,1.324,0.422,0.179,nan
1780,no_output,nan,0.000,0,0.000,0.000,nan,0,nan,94.063,0,0.000,18.093,2.000,0.403,0.160,nan
1781,no_output,nan,0.000,0,0.000,0.000,nan,0,nan,96.498,0,0.000,17.888,1.510,0.426,0.175,nan
1782,no_output,nan,0.000,0,0.000,0.000,nan,0,nan,98.601,0,0.000,18.645,2.635,0.411,0.171,nan
1783,no_output,nan,0.000,0,0.000,0.000,nan,0,nan,106.834,0,0.000,18.248,1.458,0.399,0.179,nan
1784,no_output,nan,0.000,0,0.000,0.000,nan,0,nan,92.873,0,0.000,17.851,1.216,0.422,0.171,nan
1785,no_output,nan,0.000,0,0.000,0.000,nan,0,nan,111.331,0,0.000,18.295,1.677,0.414,0.186,nan
1786,no_output,nan,0.000,0,0.000,0.000,nan,0,nan,78.129,0,0.000,17.961,1.427,0.407,0.167,nan
1787,no_output,nan,0.000,0,0.000,0.000,nan,0,nan,102.360,0,0.000,17.956,1.238,0.449,0.179,nan
1788,no_output,nan,0.000,0,0.000,0.000,nan,0,nan,91.953,0,0.000,17.717,0.998,0.433,0.167,nan
1789,no_output,nan,0.000,0,0.000,0.000,nan,0,nan,87.542,0,0.000,17.945,1.180,0.445,0.152,nan
1790,no_output,nan,0.000,0,0.000,0.000,nan,0,nan,88.479,0,0.000,18.053,1.399,0.376,0.179,nan
1791,no_output,nan,0.000,0,0.000,0.000,nan,0,nan,109.053,0,0.000,17.963,1.319,0.411,0.179,nan
1792,no_output,nan,0.000,0,0.000,0.000,nan,0,nan,131.519,0,0.000,18.093,1.189,0.407,0.171,nan
1793,no_output,nan,0.000,0,0.000,0.000,nan,0,nan,104.433,0,0.000,17.757,1.398,0.441,0.171,nan
1794,no_output,nan,0.000,0,0.000,0.000,nan,0,nan,77.239,0,0.000,17.985,1.324,0.445,0.179,nan
1795,no_output,nan,0.000,0,0.000,0.000,nan,0,nan,80.499,0,0.000,18.148,1.644,0.411,0.179,nan
1796,no_output,nan,0.000,0,0.000,0.000,nan,0,nan,100.317,0,0.000,18.028,1.680,0.422,0.171,nan
1797,no_output,nan,0.000,0,0.000,0.000,nan,0,nan,107.151,0,0.000,18.109,1.384,0.430,0.175,nan
1798,no_output,nan,0.000,0,0.000,0.000,nan,0,nan,74.819,0,0.000,18.149,1.501,0.395,0.186,nan
1799,no_output,nan,0.000,0,0.000,0.000,nan,0,nan,132.996,0,0.000,17.851,1.465,0.445,0.167,nan
1800,no_output,nan,0.000,0,0.000,0.000,nan,0,nan,90.468,0,0.000,17.991,1.256,0.407,0.160,nan
1801,no_output,nan,0.000,0,0.000,0.000,nan,0,nan,142.205,0,0.000,18.328,1.525,0.422,0.163,nan
1802,no_output,nan,0.000,0,0.000,0.000,nan,0,nan,82.370,0,0.000,18.088,1.219,0.449,0.171,nan
1803,no_output,nan,0.000,0,0.000,0.000,nan,0,nan,82.710,0,0.000,18.015,1.420,0.403,0.175,nan
1804,no_output,nan,0.000,0,0.000,0.000,nan,0,nan,78.939,0,0.000,17.963,1.433,0.414,0.163,nan
1805,no_output,nan,0.000,0,0.000,0.000,nan,0,nan,105.196,0,0.000,17.939,1.497,0.418,0.190,nan
1806,no_output,nan,0.000,0,0.000,0.000,nan,0,nan,90.927,0,0.000,17.923,1.310,0.426,0.171,nan
1807,no_output,nan,0.000,0,0.000,0.000,nan,0,nan,96.637,0,0.000,18.270,4.376,0.403,0.179,nan
1808,no_output,nan,0.000,0,0.000,0.000,nan,0,nan,100.078,0,0.000,17.983,1.071,0.437,0.179,nan
1809,no_output,nan,0.000,0,0.000,0.000,nan,0,nan,97.361,0,0.000,18.004,1.464,0.437,0.179,nan
1810,no_output,nan,0.000,0,0.000,0.000,nan,0,nan,122.650,0,0.000,18.134,1.754,0.384,0.160,nan
1811,no_output,nan,0.000,0,0.000,0.000,nan,0,nan,72.513,0,0.000,17.904,1.128,0.422,0.179,nan
1812,no_output,nan,0.000,0,0.000,0.000,nan,0,nan,80.174,0,0.000,17.835,1.057,0.452,0.179,nan
1813,no_output,nan,0.000,0,0.000,0.000,nan,0,nan,125.142,0,0.000,17.890,1.301,0.430,0.175,nan
1814,no_output,nan,0.000,0,0.000,0.000,nan,0,nan,89.858,0,0.000,18.031,1.317,0.422,0.163,nan
1815,no_output,nan,0.000,0,0.000,0.000,nan,0,nan,96.476,0,0.000,17.880,1.372,0.445,0.171,nan
1816,no_output,nan,0.000,0,0.000,0.000,nan,0,nan,107.552,0,0.000,18.105,1.514,0.437,0.179,nan
1817,no_output,nan,0.000,0,0.000,0.000,nan,0,nan,118.530,0,0.000,17.968,1.559,0.418,0.183,nan
1818,no_output,nan,0.000,0,0.000,0.000,nan,0,nan,99.573,0,0.000,18.306,2.132,0.388,0.171,nan
1819,no_output,nan,0.000,0,0.000,0.000,nan,0,nan,79.348,0,0.000,18.182,1.886,0.475,0.179,nan
1820,no_output,nan,0.000,0,0.000,0.000,nan,0,nan,93.015,0,0.000,18.256,3.093,0.403,0.160,nan
1821,no_output,nan,0.000,0,0.000,0.000,nan,0,nan,87.747,0,0.000,17.934,1.395,0.373,0.175,nan
1822,no_output,nan,0.000,0,0.000,0.000,nan,0,nan,97.668,0,0.000,18.016,1.311,0.407,0.171,nan
1823,no_output,nan,0.000,0,0.000,0.000,nan,0,nan,93.358,0,0.000,17.845,1.568,0.426,0.183,nan
1824,no_output,nan,0.000,0,0.000,0.000,nan,0,nan,125.544,0,0.000,18.287,1.587,0.430,0.171,nan
1825,no_output,nan,0.000,0,0.000,0.000,nan,0,nan,110.917,0,0.000,17.964,1.571,0.399,0.163,nan
1826,no_output,nan,0.000,0,0.000,0.000,nan,0,nan,90.501,0,0.000,17.971,1.336,0.422,0.183,nan
1827,no_output,nan,0.000,0,0.000,0.000,nan,0,nan,89.279,0,0.000,17.836,1.388,0.411,0.171,nan
1828,no_output,nan,0.000,0,0.000,0.000,nan,0,nan,86.394,0,0.000,18.381,1.966,0.430,0.171,nan
1829,no_output,nan,0.000,0,0.000,0.000,nan,0,nan,88.920,0,0.000,17.973,1.231,0.426,0.171,nan
1830,no_output,nan,0.000,0,0.000,0.000,nan,0,nan,121.845,0,0.000,17.957,1.282,0.449,0.171,nan
1831,no_output,nan,0.000,0,0.000,0.000,nan,0,nan,102.057,0,0.000,18.207,1.666,0.441,0.179,nan
1832,no_output,nan,0.000,0,0.000,0.000,nan,0,nan,94.209,0,0.000,18.111,1.593,0.407,0.171,nan
1833,no_output,nan,0.000,0,0.000,0.000,nan,0,nan,117.931,0,0.000,17.934,1.510,0.441,0.179,nan
1834,no_output,nan,0.000,0,0.000,0.000,nan,0,nan,101.131,0,0.000,18.394,1.920,0.407,0.163,nan
1835,no_output,nan,0.000,0,0.000,0.000,nan,0,nan,90.357,0,0.000,17.944,1.310,0.369,0.179,nan
1836,no_output,nan,0.000,0,0.000,0.000,nan,0,nan,100.683,0,0.000,17.984,1.388,0.430,0.167,nan
1837,no_output,nan,0.000,0,0.000,0.000,nan,0,nan,79.219,0,0.000,18.127,1.644,0.411,0.175,nan
1838,no_output,nan,0.000,0,0.000,0.000,nan,0,nan,115.175,0,0.000,18.129,1.815,0.456,0.179,nan
1839,no_output,nan,0.000,0,0.000,0.000,nan,0,nan,98.450,0,0.000,18.234,1.779,0.441,0.175,nan
1840,no_output,nan,0.000,0,0.000,0.000,nan,0,nan,91.225,0,0.000,18.074,1.571,0.403,0.171,nan
1841,no_output,nan,0.000,0,0.000,0.000,nan,0,nan,64.486,0,0.000,18.362,1.924,0.407,0.179,nan
1842,no_output,nan,0.000,0,0.000,0.000,nan,0,nan,75.194,0,0.000,17.962,1.212,0.418,0.175,nan
1843,no_output,nan,0.000,0,0.000,0.000,nan,0,nan,104.533,0,0.000,18.521,2.020,0.414,0.183,nan
1844,no_output,nan,0.000,0,0.000,0.000,nan,0,nan,113.233,0,0.000,17.849,1.488,0.452,0.171,nan
1845,no_output,nan,0.000,0,0.000,0.000,nan,0,nan,69.898,0,0.000,17.927,1.416,0.395,0.167,nan
1846,no_output,nan,0.000,0,0.000,0.000,nan,0,nan,109.848,0,0.000,17.920,1.361,0.433,0.171,nan
1847,no_output,nan,0.000,0,0.000,0.000,nan,0,nan,101.195,0,0.000,18.092,1.544,0.403,0.171,nan
1848,no_output,nan,0.000,0,0.000,0.000,nan,0,nan,99.487,0,0.000,17.891,1.215,0.422,0.179,nan
1849,no_output,nan,0.000,0,0.000,0.000,nan,0,nan,130.419,0,0.000,17.917,1.247,0.384,0.171,nan
1850,no_output,nan,0.000,0,0.000,0.000,nan,0,nan,84.824,0,0.000,18.320,2.419,0.433,0.179,nan
1851,no_output,nan,0.000,0,0.000,0.000,nan,0,nan,97.912,0,0.000,17.778,1.303,0.430,0.167,nan
1852,no_output,nan,0.000,0,0.000,0.000,nan,0,nan,84.031,0,0.000,17.990,1.832,0.437,0.171,nan
1853,no_output,nan,0.000,0,0.000,0.000,nan,0,nan,67.951,0,0.000,18.185,1.589,0.392,0.179,nan
1854,no_output,nan,0.000,0,0.000,0.000,nan,0,nan,111.732,0,0.000,17.729,1.168,0.464,0.160,nan
1855,no_output,nan,0.000,0,0.000,0.000,nan,0,nan,131.323,0,0.000,18.097,1.649,0.418,0.156,nan
1856,no_output,nan,0.000,0,0.000,0.000,nan,0,nan,126.560,0,0.000,18.182,1.359,0.433,0.156,nan
1857,no_output,nan,0.000,0,0.000,0.000,nan,0,nan,103.859,0,0.000,18.231,1.424,0.437,0.186,nan
1858,no_output,nan,0.000,0,0.000,0.000,nan,0,nan,124.118,0,0.000,18.492,1.797,0.411,0.179,nan
1859,no_output,nan,0.000,0,0.000,0.000,nan,0,nan,124.955,0,0.000,17.819,1.417,0.452,0.183,nan
1860,no_output,nan,0.000,0,0.000,0.000,nan,0,nan,84.499,0,0.000,18.172,1.487,0.437,0.179,nan
1861,no_output,nan,0.000,0,0.000,0.000,nan,0,nan,115.103,0,0.000,18.056,1.483,0.418,0.156,nan
1862,no_output,nan,0.000,0,0.000,0.000,nan,0,nan,105.456,0,0.000,18.206,1.614,0.449,0.171,nan
1863,no_output,nan,0.000,0,0.000,0.000,nan,0,nan,89.086,0,0.000,18.031,1.391,0.460,0.163,nan
1864,no_output,nan,0.000,0,0.000,0.000,nan,0,nan,114.679,0,0.000,18.192,1.458,0.392,0.171,nan
1865,no_output,nan,0.000,0,0.000,0.000,nan,0,nan,80.504,0,0.000,17.919,1.277,0.433,0.171,nan
1866,no_output,nan,0.000,0,0.000,0.000,nan,0,nan,87.567,0,0.000,18.039,1.519,0.388,0.179,nan
1867,no_output,nan,0.000,0,0.000,0.000,nan,0,nan,106.865,0,0.000,17.860,1.425,0.460,0.190,nan
1868,no_output,nan,0.000,0,0.000,0.000,nan,0,nan,76.337,0,0.000,17.943,1.129,0.411,0.171,nan
1869,no_output,nan,0.000,0,0.000,0.000,nan,0,nan,85.519,0,0.000,18.080,1.597,0.388,0.175,nan
1870,no_output,nan,0.000,0,0.000,0.000,nan,0,nan,116.405,0,0.000,18.122,1.504,0.407,0.179,nan
1871,no_output,nan,0.000,0,0.000,0.000,nan,0,nan,101.236,0,0.000,18.161,1.435,0.407,0.186,nan
1872,no_output,nan,0.000,0,0.000,0.000,nan,0,nan,78.250,0,0.000,17.945,1.376,0.441,0.190,nan
1873,no_output,nan,0.000,0,0.000,0.000,nan,0,nan,107.322,0,0.000,18.290,1.515,0.407,0.171,nan
1874,no_output,nan,0.000,0,0.000,0.000,nan,0,nan,102.150,0,0.000,17.979,1.477,0.411,0.171,nan
1875,no_output,nan,0.000,0,0.000,0.000,nan,0,nan,100.317,0,0.000,18.681,3.165,0.365,0.171,nan
1876,no_output,nan,0.000,0,0.000,0.000,nan,0,nan,130.271,0,0.000,18.319,1.589,0.411,0.163,nan
1877,no_output,nan,0.000,0,0.000,0.000,nan,0,nan,122.894,0,0.000,18.109,1.682,0.449,0.183,nan
1878,no_output,nan,0.000,0,0.000,0.000,nan,0,nan,111.297,0,0.000,18.161,1.885,0.411,0.175,nan
1879,no_output,nan,0.000,0,0.000,0.000,nan,0,nan,112.145,0,0.000,17.890,1.506,0.411,0.183,nan
1880,no_output,nan,0.000,0,0.000,0.000,nan,0,nan,93.256,0,0.000,17.832,1.333,0.430,0.171,nan
1881,no_output,nan,0.000,0,0.000,0.000,nan,0,nan,91.744,0,0.000,17.823,1.346,0.418,0.179,nan
1882,no_output,nan,0.000,0,0.000,0.000,nan,0,nan,92.095,0,0.000,18.016,1.440,0.418,0.167,nan
1883,no_output,nan,0.000,0,0.000,0.000,nan,0,nan,92.170,0,0.000,18.263,1.907,0.433,0.179,nan
1884,no_output,nan,0.000,0,0.000,0.000,nan,0,nan,76.642,0,0.000,18.200,1.453,0.422,0.152,nan
1885,no_output,nan,0.000,0,0.000,0.000,nan,0,nan,79.361,0,0.000,17.958,1.442,0.395,0.167,nan
1886,no_output,nan,0.000,0,0.000,0.000,nan,0,nan,94.711,0,0.000,17.910,1.322,0.449,0.167,nan
1887,no_output,nan,0.000,0,0.000,0.000,nan,0,nan,95.963,0,0.000,17.973,1.432,0.414,0.179,nan
1888,no_output,nan,0.000,0,0.000,0.000,nan,0,nan,120.807,0,0.000,17.906,1.301,0.407,0.179,nan
1889,no_output,nan,0.000,0,0.000,0.000,nan,0,nan,101.491,0,0.000,18.134,1.422,0.433,0.179,nan
1890,no_output,nan,0.000,0,0.000,0.000,nan,0,nan,90.951,0,0.000,18.164,1.410,0.433,0.171,nan
1891,no_output,nan,0.000,0,0.000,0.000,nan,0,nan,89.203,0,0.000,18.243,1.543,0.426,0.175,nan
1892,no_output,nan,0.000,0,0.000,0.000,nan,0,nan,91.568,0,0.000,17.841,1.233,0.430,0.179,nan
1893,no_output,nan,0.000,0,0.000,0.000,nan,0,nan,85.075,0,0.000,18.108,1.230,0.422,0.179,nan
1894,no_output,nan,0.000,0,0.000,0.000,nan,0,nan,106.432,0,0.000,17.852,1.298,0.430,0.175,nan
1895,no_output,nan,0.000,0,0.000,0.000,nan,0,nan,97.424,0,0.000,18.436,2.763,0.418,0.175,nan
1896,no_output,nan,0.000,0,0.000,0.000,nan,0,nan,89.628,0,0.000,18.162,1.522,0.414,0.163,nan
1897,no_output,nan,0.000,0,0.000,0.000,nan,0,nan,90.357,0,0.000,17.842,1.303,0.411,0.163,nan
1898,no_output,nan,0.000,0,0.000,0.000,nan,0,nan,108.913,0,0.000,18.050,1.167,0.388,0.171,nan
1899,no_output,nan,0.000,0,0.000,0.000,nan,0,nan,99.685,0,0.000,17.930,1.190,0.441,0.167,nan
1900,no_output,nan,0.000,0,0.000,0.000,nan,0,nan,106.000,0,0.000,18.175,1.649,0.422,0.171,nan
1901,no_output,nan,0.000,0,0.000,0.000,nan,0,nan,95.731,0,0.000,18.796,3.947,0.433,0.148,nan
1902,no_output,nan,0.000,0,0.000,0.000,nan,0,nan,119.152,0,0.000,18.149,2.973,0.407,0.183,nan
1903,no_output,nan,0.000,0,0.000,0.000,nan,0,nan,85.521,0,0.000,18.026,1.246,0.403,0.183,nan
1904,no_output,nan,0.000,0,0.000,0.000,nan,0,nan,85.452,0,0.000,17.960,1.457,0.395,0.179,nan
1905,no_output,nan,0.000,0,0.000,0.000,nan,0,nan,96.715,0,0.000,17.901,1.312,0.430,0.179,nan
1906,no_output,nan,0.000,0,0.000,0.000,nan,0,nan,105.923,0,0.000,17.821,1.383,0.392,0.186,nan
1907,no_output,nan,0.000,0,0.000,0.000,nan,0,nan,98.712,0,0.000,17.933,1.152,0.407,0.167,nan
1908,no_output,nan,0.000,0,0.000,0.000,nan,0,nan,90.457,0,0.000,18.028,1.547,0.418,0.179,nan
1909,no_output,nan,0.000,0,0.000,0.000,nan,0,nan,104.416,0,0.000,18.132,1.382,0.433,0.179,nan
1910,no_output,nan,0.000,0,0.000,0.000,nan,0,nan,97.628,0,0.000,18.264,1.965,0.433,0.175,nan
1911,no_output,nan,0.000,0,0.000,0.000,nan,0,nan,109.956,0,0.000,18.007,1.493,0.399,0.171,nan
1912,no_output,nan,0.000,0,0.000,0.000,nan,0,nan,95.185,0,0.000,17.931,1.524,0.430,0.171,nan
1913,no_output,nan,0.000,0,0.000,0.000,nan,0,nan,119.840,0,0.000,17.836,1.419,0.414,0.175,nan
1914,no_output,nan,0.000,0,0.000,0.000,nan,0,nan,115.693,0,0.000,18.093,1.459,0.418,0.163,nan
1915,no_output,nan,0.000,0,0.000,0.000,nan,0,nan,114.015,0,0.000,18.396,1.937,0.449,0.179,nan
1916,no_output,nan,0.000,0,0.000,0.000,nan,0,nan,103.212,0,0.000,18.251,1.579,0.430,0.179,nan
1917,no_output,nan,0.000,0,0.000,0.000,nan,0,nan,106.837,0,0.000,17.838,1.508,0.426,0.186,nan
1918,no_output,nan,0.000,0,0.000,0.000,nan,0,nan,129.869,0,0.000,18.172,2.252,0.449,0.152,nan
1919,no_output,nan,0.000,0,0.000,0.000,nan,0,nan,91.637,0,0.000,18.451,2.092,0.426,0.171,nan
1920,no_output,nan,0.000,0,0.000,0.000,nan,0,nan,108.638,0,0.000,18.197,1.907,0.414,0.171,nan
1921,no_output,nan,0.000,0,0.000,0.000,nan,0,nan,81.280,0,0.000,17.976,1.376,0.426,0.163,nan
1922,no_output,nan,0.000,0,0.000,0.000,nan,0,nan,147.717,0,0.000,18.030,1.781,0.426,0.163,nan
1923,no_output,nan,0.000,0,0.000,0.000,nan,0,nan,99.847,0,0.000,17.891,1.348,0.441,0.179,nan
1924,no_output,nan,0.000,0,0.000,0.000,nan,0,nan,68.347,0,0.000,18.031,1.526,0.418,0.171,nan
1925,no_output,nan,0.000,0,0.000,0.000,nan,0,nan,122.821,0,0.000,17.901,1.463,0.376,0.171,nan
1926,no_output,nan,0.000,0,0.000,0.000,nan,0,nan,89.059,0,0.000,17.772,1.239,0.422,0.179,nan
1927,no_output,nan,0.000,0,0.000,0.000,nan,0,nan,103.083,0,0.000,17.984,1.238,0.422,0.186,nan
1928,no_output,nan,0.000,0,0.000,0.000,nan,0,nan,90.014,0,0.000,18.470,2.230,0.426,0.171,nan
1929,no_output,nan,0.000,0,0.000,0.000,nan,0,nan,93.815,0,0.000,18.099,1.406,0.456,0.171,nan
1930,no_output,nan,0.000,0,0.000,0.000,nan,0,nan,136.943,0,0.000,18.160,1.545,0.380,0.167,nan
1931,no_output,nan,0.000,0,0.000,0.000,nan,0,nan,73.912,0,0.000,18.037,1.490,0.414,0.163,nan
1932,no_output,nan,0.000,0,0.000,0.000,nan,0,nan,116.830,0,0.000,17.799,1.379,0.452,0.171,nan
1933,no_output,nan,0.000,0,0.000,0.000,nan,0,nan,97.725,0,0.000,17.874,1.350,0.441,0.179,nan
1934,no_output,nan,0.000,0,0.000,0.000,nan,0,nan,121.149,0,0.000,18.261,1.484,0.411,0.171,nan
1935,no_output,nan,0.000,0,0.000,0.000,nan,0,nan,116.174,0,0.000,17.860,1.202,0.475,0.171,nan
1936,no_output,nan,0.000,0,0.000,0.000,nan,0,nan,117.813,0,0.000,18.176,1.550,0.369,0.179,nan
1937,no_output,nan,0.000,0,0.000,0.000,nan,0,nan,130.105,0,0.000,18.055,1.584,0.437,0.171,nan
1938,no_output,nan,0.000,0,0.000,0.000,nan,0,nan,102.953,0,0.000,18.152,1.519,0.414,0.171,nan
1939,no_output,nan,0.000,0,0.000,0.000,nan,0,nan,79.708,0,0.000,18.043,1.576,0.403,0.163,nan
1940,no_output,nan,0.000,0,0.000,0.000,nan,0,nan,99.936,0,0.000,18.270,1.646,0.411,0.171,nan
1941,no_output,nan,0.000,0,0.000,0.000,nan,0,nan,105.567,0,0.000,18.073,1.384,0.456,0.179,nan
1942,no_output,nan,0.000,0,0.000,0.000,nan,0,nan,81.748,0,0.000,18.215,1.440,0.441,0.179,nan
1943,no_output,nan,0.000,0,0.000,0.000,nan,0,nan,97.091,0,0.000,18.136,1.510,0.426,0.183,nan
1944,no_output,nan,0.000,0,0.000,0.000,nan,0,nan,92.289,0,0.000,17.905,1.386,0.422,0.171,nan
1945,no_output,nan,0.000,0,0.000,0.000,nan,0,nan,112.430,0,0.000,18.021,1.587,0.414,0.179,nan
1946,no_output,nan,0.000,0,0.000,0.000,nan,0,nan,97.411,0,0.000,17.935,1.408,0.418,0.171,nan
1947,no_output,nan,0.000,0,0.000,0.000,nan,0,nan,62.559,0,0.000,17.959,1.232,0.422,0.175,nan
1948,no_output,nan,0.000,0,0.000,0.000,nan,0,nan,110.275,0,0.000,18.177,1.463,0.430,0.179,nan
1949,no_output,nan,0.000,0,0.000,0.000,nan,0,nan,109.974,0,0.000,17.885,1.240,0.426,0.179,nan
1950,no_output,nan,0.000,0,0.000,0.000,nan,0,nan,105.672,0,0.000,18.060,1.445,0.445,0.160,nan
1951,no_output,nan,0.000,0,0.000,0.000,nan,0,nan,86.593,0,0.000,18.179,1.854,0.399,0.167,nan
1952,no_output,nan,0.000,0,0.000,0.000,nan,0,nan,108.127,0,0.000,18.456,3.972,0.403,0.179,nan
1953,no_output,nan,0.000,0,0.000,0.000,nan,0,nan,113.070,0,0.000,18.140,1.494,0.403,0.179,nan
1954,no_output,nan,0.000,0,0.000,0.000,nan,0,nan,62.489,0,0.000,17.930,1.405,0.399,0.179,nan
1955,no_output,nan,0.000,0,0.000,0.000,nan,0,nan,77.201,0,0.000,17.960,1.287,0.426,0.179,nan
1956,no_output,nan,0.000,0,0.000,0.000,nan,0,nan,117.906,0,0.000,17.908,1.430,0.471,0.179,nan
1957,no_output,nan,0.000,0,0.000,0.000,nan,0,nan,83.988,0,0.000,17.942,1.129,0.418,0.179,nan
1958,no_output,nan,0.000,0,0.000,0.000,nan,0,nan,84.219,0,0.000,17.941,1.237,0.430,0.171,nan
1959,no_output,nan,0.000,0,0.000,0.000,nan,0,nan,104.218,0,0.000,17.909,1.637,0.411,0.175,nan
1960,no_output,nan,0.000,0,0.000,0.000,nan,0,nan,86.375,0,0.000,17.977,1.266,0.414,0.171,nan
1961,no_output,nan,0.000,0,0.000,0.000,nan,0,nan,110.562,0,0.000,17.932,1.457,0.407,0.179,nan
1962,no_output,nan,0.000,0,0.000,0.000,nan,0,nan,95.525,0,0.000,18.033,1.326,0.445,0.171,nan
1963,no_output,nan,0.000,0,0.000,0.000,nan,0,nan,132.269,0,0.000,18.248,1.623,0.414,0.171,nan
1964,no_output,nan,0.000,0,0.000,0.000,nan,0,nan,80.151,0,0.000,18.136,1.495,0.422,0.175,nan
1965,no_output,nan,0.000,0,0.000,0.000,nan,0,nan,100.957,0,0.000,17.981,1.429,0.392,0.186,nan
1966,no_output,nan,0.000,0,0.000,0.000,nan,0,nan,93.348,0,0.000,17.877,1.468,0.414,0.175,nan
1967,no_output,nan,0.000,0,0.000,0.000,nan,0,nan,96.695,0,0.000,17.936,1.266,0.411,0.171,nan
1968,no_output,nan,0.000,0,0.000,0.000,nan,0,nan,86.169,0,0.000,18.035,1.256,0.437,0.179,nan
1969,no_output,nan,0.000,0,0.000,0.000,nan,0,nan,124.916,0,0.000,17.982,1.413,0.380,0.171,nan
1970,no_output,nan,0.000,0,0.000,0.000,nan,0,nan,87.737,0,0.000,17.848,1.135,0.452,0.175,nan
1971,no_output,nan,0.000,0,0.000,0.000,nan,0,nan,105.904,0,0.000,17.973,1.486,0.422,0.179,nan
1972,no_output,nan,0.000,0,0.000,0.000,nan,0,nan,115.075,0,0.000,17.965,1.344,0.433,0.171,nan
1973,no_output,nan,0.000,0,0.000,0.000,nan,0,nan,75.571,0,0.000,18.118,1.368,0.475,0.156,nan
1974,no_output,nan,0.000,0,0.000,0.000,nan,0,nan,99.818,0,0.000,18.102,1.522,0.395,0.171,nan
1975,no_output,nan,0.000,0,0.000,0.000,nan,0,nan,91.644,0,0.000,17.909,1.450,0.414,0.171,nan
1976,no_output,nan,0.000,0,0.000,0.000,nan,0,nan,78.272,0,0.000,18.002,1.338,0.449,0.175,nan
1977,no_output,nan,0.000,0,0.000,0.000,nan,0,nan,100.700,0,0.000,18.034,1.528,0.437,0.171,nan
1978,no_output,nan,0.000,0,0.000,0.000,nan,0,nan,106.106,0,0.000,18.352,1.447,0.418,0.186,nan
1979,no_output,nan,0.000,0,0.000,0.000,nan,0,nan,103.179,0,0.000,18.043,1.271,0.441,0.171,nan
1980,no_output,nan,0.000,0,0.000,0.000,nan,0,nan,95.438,0,0.000,17.913,1.121,0.452,0.183,nan
1981,no_output,nan,0.000,0,0.000,0.000,nan,0,nan,133.342,0,0.000,18.029,1.162,0.399,0.163,nan
1982,no_output,nan,0.000,0,0.000,0.000,nan,0,nan,75.225,0,0.000,18.160,1.463,0.426,0.175,nan
1983,no_output,nan,0.000,0,0.000,0.000,nan,0,nan,83.224,0,0.000,18.133,1.652,0.422,0.179,nan
1984,no_output,nan,0.000,0,0.000,0.000,nan,0,nan,83.235,0,0.000,17.974,1.395,0.430,0.179,nan
1985,no_output,nan,0.000,0,0.000,0.000,nan,0,nan,88.441,0,0.000,18.068,1.530,0.449,0.175,nan
1986,no_output,nan,0.000,0,0.000,0.000,nan,0,nan,84.037,0,0.000,17.922,1.345,0.456,0.186,nan
1987,no_output,nan,0.000,0,0.000,0.000,nan,0,nan,108.591,0,0.000,17.938,1.347,0.407,0.186,nan
1988,no_output,nan,0.000,0,0.000,0.000,nan,0,nan,88.450,0,0.000,18.276,1.950,0.422,0.171,nan
1989,no_output,nan,0.000,0,0.000,0.000,nan,0,nan,106.580,0,0.000,18.260,1.600,0.392,0.179,nan
1990,no_output,nan,0.000,0,0.000,0.000,nan,0,nan,105.775,0,0.000,18.617,2.202,0.411,0.175,nan
1991,no_output,nan,0.000,0,0.000,0.000,nan,0,nan,87.171,0,0.000,18.107,1.654,0.403,0.175,nan
1992,no_output,nan,0.000,0,0.000,0.000,nan,0,nan,115.214,0,0.000,18.472,2.290,0.403,0.163,nan
1993,no_output,nan,0.000,0,0.000,0.000,nan,0,nan,125.118,0,0.000,17.916,1.285,0.449,0.183,nan
1994,no_output,nan,0.000,0,0.000,0.000,nan,0,nan,76.325,0,0.000,18.125,1.630,0.403,0.163,nan
1995,no_output,nan,0.000,0,0.000,0.000,nan,0,nan,73.784,0,0.000,17.967,1.445,0.403,0.144,nan
1996,no_output,nan,0.000,0,0.000,0.000,nan,0,nan,94.312,0,0.000,17.857,1.376,0.430,0.167,nan
1997,no_output,nan,0.000,0,0.000,0.000,nan,0,nan,95.195,0,0.000,17.903,1.178,0.426,0.175,nan
1998,no_output,nan,0.000,0,0.000,0.000,nan,0,nan,84.165,0,0.000,17.904,1.521,0.414,0.171,nan
1999,no_output,nan,0.000,0,0.000,0.000,nan,0,nan,69.602,0,0.000,17.991,1.488,0.403,0.163,nan
